ph,temperature,turbidity,dissolved_oxygen,ammonia,label
8.19,21.83,38.39,6.29,0.022,ROHU
7.09,28.66,33.03,6.62,0.001,ROHU
7.8,29.51,30.05,5.97,0.062,CATFISH
7.31,25.46,50.39,4.64,0.014,CATFISH
8.46,20.33,12.72,6.47,0.019,CARP
7.89,18.46,28.23,4.68,0.003,CARP
8.41,23.63,21.56,4.06,0.012,CARP
7.66,19.22,24.86,4.14,0.045,CARP
7.27,25.55,22.75,4.83,0.028,CARP
8.44,13.43,4.7,10.68,0.006,SALMON
7.13,21.96,16.36,5.48,0.019,ROHU
7.35,26.69,97.57,4.62,0.028,CATFISH
8.1,8.52,4.93,10.32,0.002,SALMON
8.22,27.07,36.87,6.81,0.004,ROHU
7.98,29.15,40.5,5.85,0.005,ROHU
7.47,23.25,36.89,6.41,0.044,ROHU
7.46,31.77,43.96,5.89,0.012,TILAPIA
7.99,28.14,11.41,5.08,0.002,SHRIMP
8.34,24.75,31.9,6.59,0.007,ROHU
7.62,27.56,21.86,4.73,0.014,ROHU
8.38,28.75,9.43,5.32,0.009,SHRIMP
7.28,26.93,26.18,7.23,0.045,CARP
8.36,22.72,34.43,4.5,0.018,ROHU
6.51,14.09,4.17,7.67,0.001,TROUT
7.37,19.68,16.56,6.23,0.02,CARP
8.47,30.77,8.78,6.49,0.006,SHRIMP
8.99,26.13,49.06,4.64,0.002,TILAPIA
8.09,29.45,31.24,4.79,0.028,TILAPIA
8.01,27.62,22.13,6.68,0.018,ROHU
8.48,21.99,34.49,7.19,0.008,CARP
6.78,10.33,5.91,9.03,0.0,TROUT
7.71,12.79,0.96,9.82,0.004,TROUT
8.41,21.38,25.23,4.84,0.046,ROHU
8.2,26.37,7.62,7.95,0.01,SHRIMP
7.1,24.74,45.89,6.6,0.032,TILAPIA
7.2,29.6,43.87,6.43,0.02,TILAPIA
8.11,24.67,16.47,6.59,0.03,TILAPIA
7.06,17.52,9.74,7.85,0.003,TROUT
7.73,27.22,45.7,4.99,0.024,CATFISH
6.86,10.57,3.72,10.16,0.003,SALMON
7.76,24.36,17.51,6.36,0.049,CARP
7.84,15.05,7.95,8.51,0.006,TROUT
6.99,29.78,21.23,3.1,0.032,TILAPIA
8.99,27.76,21.18,6.53,0.037,TILAPIA
8.36,11.0,4.83,10.89,0.009,SALMON
7.46,21.91,23.05,5.96,0.019,ROHU
8.34,27.57,69.9,2.84,0.062,CATFISH
7.86,26.52,9.43,5.97,0.017,SHRIMP
8.26,26.88,21.74,6.24,0.041,TILAPIA
8.03,24.65,10.21,5.51,0.01,TILAPIA
8.3,30.34,10.07,6.13,0.002,SHRIMP
8.01,23.28,19.65,7.45,0.042,ROHU
6.08,22.3,87.58,3.76,0.013,CATFISH
8.57,26.17,48.61,4.83,0.042,TILAPIA
7.62,25.0,14.15,4.53,0.048,CARP
6.81,28.36,48.96,4.04,0.008,CATFISH
6.87,8.57,2.14,10.07,0.001,SALMON
6.39,24.0,68.45,5.0,0.066,CATFISH
7.78,11.62,3.29,9.31,0.007,SALMON
6.87,12.85,7.58,7.04,0.001,TROUT
6.69,10.18,4.9,8.53,0.0,SALMON
7.23,25.79,42.12,4.02,0.04,CATFISH
8.37,29.09,48.26,2.55,0.093,CATFISH
7.85,29.47,34.63,6.78,0.047,TILAPIA
7.88,27.4,27.26,5.55,0.032,CARP
8.53,30.57,35.04,6.28,0.033,TILAPIA
6.79,10.55,1.01,7.05,0.001,TROUT
7.0,15.25,3.85,9.04,0.003,TROUT
6.92,10.95,6.97,8.89,0.009,TROUT
7.63,27.68,26.44,5.69,0.028,CARP
7.99,13.3,3.72,9.33,0.003,TROUT
8.06,26.43,15.2,7.22,0.005,SHRIMP
8.4,28.03,17.4,5.96,0.018,SHRIMP
6.63,31.67,43.89,4.42,0.048,TILAPIA
8.43,25.73,33.96,5.85,0.015,ROHU
7.88,25.7,47.85,6.13,0.006,TILAPIA
7.49,8.4,2.75,9.32,0.009,SALMON
7.56,17.75,6.88,9.51,0.009,TROUT
7.58,29.21,6.09,7.47,0.014,SHRIMP
7.53,9.63,2.91,10.59,0.009,SALMON
8.87,31.89,40.14,4.51,0.004,TILAPIA
7.26,12.94,1.24,8.99,0.004,SALMON
6.52,11.28,0.28,8.36,0.001,SALMON
8.36,29.45,19.5,4.6,0.024,TILAPIA
8.67,25.79,48.53,3.05,0.048,TILAPIA
7.15,8.3,4.62,10.76,0.003,SALMON
7.95,14.18,6.29,9.09,0.005,TROUT
7.89,10.69,3.69,10.75,0.01,SALMON
7.96,28.72,9.16,5.56,0.009,SHRIMP
6.57,24.13,55.22,3.41,0.045,CATFISH
7.8,23.1,39.41,6.55,0.008,ROHU
7.58,30.64,11.25,6.74,0.018,SHRIMP
8.33,28.93,33.17,2.59,0.038,CATFISH
7.7,31.88,25.07,6.0,0.02,TILAPIA
7.76,16.71,4.69,8.24,0.003,TROUT
8.3,28.13,44.99,7.49,0.028,ROHU
7.95,13.3,1.89,8.72,0.002,SALMON
8.89,28.85,19.15,5.69,0.031,TILAPIA
7.4,18.22,24.94,5.9,0.042,CARP
8.13,26.42,69.27,5.57,0.04,CATFISH
7.04,27.55,33.61,6.61,0.011,ROHU
8.12,30.88,14.12,6.91,0.011,SHRIMP
7.86,12.79,5.14,9.35,0.004,TROUT
7.79,26.98,38.89,5.88,0.042,ROHU
7.15,27.67,49.2,4.97,0.016,TILAPIA
7.37,12.73,5.37,8.38,0.006,TROUT
6.71,15.13,1.82,8.04,0.009,TROUT
7.27,17.78,6.02,7.67,0.008,TROUT
6.7,23.42,36.21,2.92,0.046,CATFISH
8.24,23.03,53.11,3.63,0.009,CATFISH
7.94,20.82,41.21,7.26,0.003,ROHU
8.17,22.68,71.81,5.95,0.054,CATFISH
7.74,29.56,12.97,7.16,0.001,SHRIMP
6.88,15.71,8.95,8.54,0.005,TROUT
8.23,10.48,1.99,8.31,0.007,SALMON
7.03,21.22,16.34,5.31,0.006,CARP
7.36,27.79,24.2,5.6,0.024,TILAPIA
7.81,23.87,32.36,5.73,0.006,CARP
7.34,31.2,34.3,3.98,0.025,TILAPIA
8.11,26.42,6.53,5.46,0.005,SHRIMP
8.28,18.88,34.18,4.22,0.042,CARP
7.29,13.28,9.82,7.34,0.004,TROUT
8.38,18.05,39.25,5.96,0.036,CARP
8.43,28.34,13.57,5.84,0.015,SHRIMP
8.47,29.27,7.99,7.21,0.011,SHRIMP
8.03,26.31,33.25,3.62,0.024,TILAPIA
7.39,12.95,4.54,8.65,0.005,TROUT
6.81,28.48,47.82,4.89,0.076,CATFISH
7.21,14.85,7.94,7.32,0.009,TROUT
8.45,19.24,31.93,7.75,0.009,CARP
7.89,15.77,0.48,9.34,0.008,TROUT
6.9,9.15,0.82,10.44,0.007,SALMON
8.27,24.53,71.18,4.89,0.045,CATFISH
8.4,28.74,13.1,6.32,0.012,SHRIMP
8.75,27.07,31.74,6.63,0.031,TILAPIA
7.15,12.66,7.31,9.08,0.002,TROUT
7.93,25.33,41.82,6.87,0.008,ROHU
8.27,30.23,15.73,3.82,0.036,TILAPIA
8.25,10.39,4.11,8.33,0.008,SALMON
7.6,25.97,14.5,4.92,0.036,CARP
6.03,26.79,69.59,5.01,0.06,CATFISH
7.27,27.08,27.5,5.6,0.023,CARP
8.11,30.47,7.09,5.3,0.005,SHRIMP
7.89,19.02,37.56,7.16,0.001,CARP
7.23,25.76,33.2,5.77,0.037,ROHU
8.81,27.61,14.53,6.94,0.042,TILAPIA
8.34,26.99,9.67,5.68,0.012,SHRIMP
7.08,23.35,39.09,4.51,0.017,ROHU
7.62,28.64,42.69,5.9,0.024,ROHU
7.18,11.8,4.52,7.42,0.002,TROUT
7.25,20.34,24.34,6.84,0.014,ROHU
6.03,27.31,42.46,5.86,0.015,CATFISH
8.36,28.21,7.77,5.9,0.006,SHRIMP
8.25,26.26,18.47,5.62,0.004,SHRIMP
7.26,13.86,2.94,8.88,0.007,SALMON
7.31,25.53,58.05,4.46,0.016,CATFISH
7.34,24.6,40.13,4.09,0.045,TILAPIA
7.02,22.2,40.93,5.01,0.066,CATFISH
7.88,26.03,17.84,5.02,0.03,TILAPIA
8.5,25.43,36.11,3.95,0.005,TILAPIA
8.1,29.84,19.44,7.83,0.003,SHRIMP
7.79,30.38,5.2,5.26,0.004,SHRIMP
6.68,17.01,6.43,9.11,0.009,TROUT
7.18,9.82,1.9,9.77,0.003,SALMON
7.19,13.42,1.81,10.58,0.002,SALMON
7.91,23.12,90.79,4.21,0.089,CATFISH
7.71,28.1,39.67,5.8,0.02,TILAPIA
6.85,30.68,49.38,5.1,0.009,TILAPIA
8.02,28.23,30.89,6.95,0.025,ROHU
7.39,27.21,88.08,3.22,0.001,CATFISH
7.03,9.87,3.66,8.75,0.006,SALMON
6.85,14.4,2.09,9.15,0.005,SALMON
6.42,27.9,35.8,4.61,0.025,CATFISH
8.17,11.06,4.58,10.16,0.006,SALMON
7.98,28.98,19.05,7.2,0.004,SHRIMP
7.81,19.62,35.25,7.39,0.048,CARP
7.0,16.17,1.07,7.23,0.007,TROUT
8.26,28.79,28.39,3.3,0.004,TILAPIA
8.04,20.72,27.71,5.44,0.005,CARP
7.94,16.32,6.91,8.56,0.001,TROUT
7.6,16.45,6.59,9.08,0.008,TROUT
8.76,29.17,37.73,3.21,0.033,TILAPIA
7.47,29.99,68.91,4.16,0.031,CATFISH
8.05,22.97,42.73,7.41,0.047,ROHU
7.86,22.44,61.86,4.33,0.064,CATFISH
8.1,26.38,6.81,5.23,0.014,SHRIMP
7.81,22.52,52.07,4.39,0.079,CATFISH
8.34,28.16,27.07,6.51,0.021,TILAPIA
7.81,10.17,8.75,8.59,0.009,TROUT
6.61,10.08,0.53,7.27,0.0,TROUT
7.94,26.74,39.52,7.07,0.021,CARP
7.78,27.32,15.1,5.9,0.015,ROHU
6.74,23.87,32.95,2.56,0.099,CATFISH
6.77,27.13,14.98,6.83,0.04,TILAPIA
6.68,10.92,4.4,10.83,0.005,SALMON
8.48,13.2,0.32,9.2,0.008,SALMON
8.11,28.08,8.46,5.53,0.004,SHRIMP
8.89,30.61,42.03,5.52,0.011,TILAPIA
8.82,31.96,16.96,4.58,0.038,TILAPIA
8.5,30.38,11.95,6.87,0.015,SHRIMP
7.98,28.64,13.66,6.51,0.013,TILAPIA
7.72,18.44,35.57,4.14,0.016,CARP
7.88,24.7,26.34,4.49,0.013,TILAPIA
6.6,11.73,4.81,8.33,0.009,SALMON
8.2,11.47,2.4,9.78,0.008,SALMON
7.36,28.92,81.37,4.32,0.087,CATFISH
8.28,26.67,31.25,7.35,0.035,CARP
6.26,27.59,43.25,5.59,0.096,CATFISH
6.57,30.61,15.15,4.34,0.037,TILAPIA
7.0,25.56,37.7,5.28,0.01,ROHU
7.73,14.87,3.16,8.78,0.006,SALMON
8.06,8.75,3.81,9.62,0.01,SALMON
7.59,21.79,37.61,6.87,0.009,ROHU
7.1,21.01,31.25,4.27,0.029,CARP
6.64,24.6,44.1,6.96,0.034,TILAPIA
8.12,19.3,32.75,4.1,0.001,CARP
7.87,29.91,8.79,5.0,0.003,SHRIMP
8.49,25.41,61.6,3.07,0.079,CATFISH
7.1,13.88,3.86,8.69,0.001,SALMON
7.93,11.21,4.32,9.83,0.004,TROUT
7.95,16.08,4.42,7.94,0.003,TROUT
7.73,26.28,5.47,6.96,0.007,SHRIMP
7.71,25.43,19.78,5.11,0.005,ROHU
7.68,25.3,15.54,6.89,0.015,ROHU
8.45,19.85,23.86,4.0,0.03,CARP
8.19,27.58,8.01,6.47,0.001,SHRIMP
7.83,28.54,11.5,7.95,0.003,SHRIMP
6.64,10.75,2.4,9.8,0.003,SALMON
8.01,14.67,4.54,10.17,0.007,SALMON
7.11,31.89,15.7,5.0,0.031,TILAPIA
7.52,25.76,38.24,4.29,0.027,CARP
7.38,24.27,13.14,4.59,0.007,TILAPIA
7.3,26.93,39.64,4.62,0.034,ROHU
6.69,17.17,5.95,8.85,0.006,TROUT
8.27,30.97,38.56,6.21,0.017,TILAPIA
7.23,15.29,5.53,8.79,0.008,TROUT
7.97,25.26,36.95,4.74,0.003,ROHU
7.98,24.79,33.47,5.49,0.024,ROHU
6.86,13.53,3.29,9.49,0.006,SALMON
7.63,24.66,67.97,4.23,0.008,CATFISH
7.52,10.58,0.31,7.77,0.005,TROUT
8.46,27.5,17.69,6.89,0.015,SHRIMP
8.49,25.24,18.01,6.74,0.009,SHRIMP
7.29,12.24,2.99,10.38,0.007,SALMON
7.39,17.3,2.11,8.87,0.006,TROUT
7.35,27.76,27.16,6.31,0.032,ROHU
8.47,26.09,17.82,6.48,0.005,SHRIMP
7.61,23.93,27.38,6.65,0.005,CARP
7.48,31.76,20.33,5.63,0.016,TILAPIA
7.2,27.7,23.61,4.94,0.004,CARP
7.83,27.69,15.04,5.44,0.009,SHRIMP
7.92,12.02,3.59,8.14,0.006,TROUT
8.0,24.75,40.33,6.92,0.029,ROHU
7.84,25.4,16.03,7.46,0.006,ROHU
8.37,8.28,0.61,9.36,0.009,SALMON
6.71,12.09,3.44,9.19,0.005,SALMON
6.51,17.61,6.39,9.6,0.005,TROUT
7.78,23.43,30.97,4.88,0.007,ROHU
8.06,20.02,30.2,7.88,0.005,CARP
7.39,14.08,0.89,10.08,0.008,SALMON
6.94,22.14,47.09,5.41,0.086,CATFISH
6.58,31.45,37.58,5.71,0.011,TILAPIA
7.89,28.91,6.6,6.97,0.02,SHRIMP
7.82,30.2,19.9,7.26,0.002,SHRIMP
8.11,28.79,27.12,5.48,0.033,ROHU
8.4,30.27,9.76,7.61,0.008,SHRIMP
8.04,25.03,9.87,6.1,0.008,SHRIMP
7.26,11.84,2.98,9.64,0.004,SALMON
7.57,28.62,15.02,6.86,0.009,SHRIMP
7.31,17.61,8.47,9.74,0.008,TROUT
7.45,27.19,33.21,5.13,0.03,TILAPIA
8.22,27.18,43.67,4.55,0.01,ROHU
8.35,20.71,43.64,6.46,0.019,ROHU
8.4,21.52,13.04,5.94,0.013,CARP
8.01,27.3,25.97,6.32,0.004,CARP
8.22,26.64,11.2,5.37,0.004,SHRIMP
8.29,28.0,20.54,5.39,0.04,ROHU
7.01,14.74,2.42,10.42,0.006,SALMON
7.77,14.66,3.01,10.46,0.009,SALMON
8.48,29.17,16.99,4.44,0.045,TILAPIA
7.09,30.24,20.99,6.29,0.021,TILAPIA
8.02,28.13,40.48,3.98,0.015,CATFISH
8.34,30.9,18.67,3.38,0.001,TILAPIA
7.35,22.06,34.14,5.27,0.032,ROHU
7.74,31.9,15.46,5.78,0.02,TILAPIA
7.95,29.35,5.24,6.02,0.016,SHRIMP
8.09,23.78,18.22,4.32,0.004,CARP
7.99,27.21,24.68,4.37,0.031,TILAPIA
7.54,8.47,4.0,8.7,0.005,SALMON
8.09,29.08,8.46,6.37,0.004,SHRIMP
8.49,27.29,69.04,5.06,0.047,CATFISH
8.06,30.75,7.63,7.07,0.004,SHRIMP
6.24,25.6,82.93,3.72,0.066,CATFISH
7.71,21.83,13.59,7.9,0.001,CARP
8.39,23.4,35.26,6.08,0.031,CARP
7.97,28.92,72.59,4.27,0.016,CATFISH
6.57,10.12,1.32,9.08,0.001,SALMON
6.86,14.08,8.25,7.84,0.009,TROUT
7.29,29.36,64.79,5.97,0.085,CATFISH
7.25,25.18,67.78,4.7,0.067,CATFISH
8.17,28.45,85.3,3.57,0.008,CATFISH
6.55,9.08,1.12,10.87,0.006,SALMON
8.06,23.06,90.34,5.73,0.049,CATFISH
8.4,29.98,9.76,7.86,0.017,SHRIMP
7.24,8.48,0.13,8.41,0.01,SALMON
8.17,19.22,27.83,7.75,0.044,CARP
6.71,12.49,1.08,9.86,0.007,SALMON
7.08,14.52,1.92,7.64,0.005,TROUT
6.14,27.56,98.86,3.34,0.014,CATFISH
8.46,26.12,17.11,5.77,0.031,TILAPIA
8.5,26.14,28.46,5.23,0.031,CARP
8.27,25.24,33.76,5.62,0.033,CARP
7.05,13.31,8.28,9.2,0.008,TROUT
7.75,25.8,11.28,7.37,0.012,SHRIMP
7.21,25.35,21.46,4.54,0.012,ROHU
6.9,8.45,0.21,9.11,0.003,SALMON
7.18,16.75,0.98,8.46,0.002,TROUT
7.37,24.52,34.32,6.46,0.043,CARP
7.96,29.14,96.87,5.25,0.032,CATFISH
8.52,24.61,21.17,6.72,0.013,TILAPIA
8.15,11.47,1.93,9.35,0.002,SALMON
6.67,28.15,16.01,5.95,0.026,TILAPIA
6.6,8.27,3.73,9.98,0.008,SALMON
6.52,17.65,7.38,8.06,0.003,TROUT
7.96,17.54,7.84,8.06,0.004,TROUT
7.82,13.35,1.33,8.06,0.001,SALMON
8.35,25.82,16.84,7.9,0.033,CARP
6.68,14.92,7.75,8.93,0.005,TROUT
8.4,26.93,6.88,6.42,0.002,SHRIMP
7.66,13.24,4.06,9.97,0.001,SALMON
7.17,25.99,17.85,5.63,0.028,ROHU
7.53,29.54,46.85,2.93,0.02,CATFISH
7.51,30.95,15.07,5.95,0.018,SHRIMP
8.38,20.52,32.65,5.84,0.042,CARP
8.28,28.94,7.66,6.64,0.02,SHRIMP
8.04,29.37,6.62,7.06,0.002,SHRIMP
6.53,26.05,88.85,5.06,0.054,CATFISH
7.99,12.28,0.53,8.45,0.001,SALMON
7.95,25.61,14.8,5.85,0.0,CARP
8.35,31.05,21.12,3.78,0.044,TILAPIA
6.51,26.44,81.31,4.66,0.019,CATFISH
7.44,28.31,30.97,6.39,0.042,TILAPIA
8.12,20.02,38.74,5.47,0.016,CARP
7.76,13.76,5.02,7.37,0.004,TROUT
8.08,26.86,27.79,5.57,0.021,CARP
7.0,26.2,25.66,6.88,0.005,ROHU
8.31,25.1,36.7,4.81,0.011,ROHU
7.84,24.03,30.29,7.22,0.013,CARP
7.48,24.36,14.47,6.78,0.037,CARP
7.77,28.31,66.21,4.04,0.015,CATFISH
8.1,22.36,26.14,4.69,0.04,ROHU
8.5,29.33,34.28,5.76,0.032,ROHU
7.18,24.1,40.19,5.65,0.029,ROHU
6.87,10.54,1.67,8.08,0.0,SALMON
8.09,29.19,18.94,7.35,0.001,SHRIMP
7.14,16.98,8.42,7.56,0.008,TROUT
8.34,27.65,74.18,2.67,0.09,CATFISH
7.16,15.84,7.66,7.48,0.006,TROUT
7.6,27.23,24.16,4.05,0.014,CARP
6.71,24.09,47.29,5.67,0.025,CATFISH
7.93,30.07,9.02,5.47,0.017,SHRIMP
6.59,17.25,1.39,8.6,0.004,TROUT
7.13,22.37,36.97,6.14,0.006,ROHU
7.59,28.28,38.63,6.37,0.025,ROHU
7.01,12.58,0.99,9.7,0.005,SALMON
8.87,31.74,17.32,3.09,0.036,TILAPIA
7.38,28.51,31.84,6.07,0.006,ROHU
7.01,26.34,85.42,4.42,0.061,CATFISH
7.96,27.91,7.49,7.84,0.017,SHRIMP
6.24,28.9,62.21,5.12,0.029,CATFISH
7.77,28.06,28.78,4.66,0.039,ROHU
8.31,25.45,37.75,6.76,0.001,ROHU
7.82,9.13,1.28,10.84,0.006,SALMON
8.16,18.27,11.96,5.86,0.045,CARP
7.48,30.39,24.88,4.81,0.02,TILAPIA
7.66,17.72,2.04,8.57,0.003,TROUT
8.14,20.76,19.37,6.57,0.01,CARP
8.03,25.95,15.44,7.38,0.006,SHRIMP
7.04,17.18,1.69,8.52,0.006,TROUT
7.28,28.94,34.63,4.96,0.022,ROHU
8.47,30.14,6.76,7.22,0.006,SHRIMP
7.54,31.87,36.72,5.54,0.008,TILAPIA
8.48,28.94,6.95,7.06,0.002,SHRIMP
8.08,26.9,12.38,6.93,0.009,CARP
7.09,14.43,0.55,10.28,0.01,SALMON
8.05,25.67,55.05,4.23,0.083,CATFISH
7.79,20.44,13.39,4.35,0.036,CARP
6.71,12.78,4.5,9.25,0.007,TROUT
8.24,29.84,17.66,5.76,0.001,SHRIMP
7.85,10.28,3.43,8.21,0.002,SALMON
8.14,31.93,12.91,3.31,0.017,TILAPIA
7.28,24.44,44.89,2.62,0.03,CATFISH
8.26,30.42,8.49,7.42,0.001,SHRIMP
7.39,29.07,35.12,6.18,0.006,ROHU
7.96,30.19,13.2,6.14,0.02,SHRIMP
7.98,25.11,11.32,5.08,0.019,SHRIMP
8.36,26.75,18.66,7.26,0.016,SHRIMP
8.47,24.21,26.78,6.51,0.027,CARP
7.81,10.9,7.04,8.62,0.001,TROUT
7.55,28.4,9.26,7.47,0.001,SHRIMP
7.25,29.95,11.93,6.61,0.043,TILAPIA
7.33,26.72,49.56,5.5,0.027,TILAPIA
8.29,25.21,13.74,7.99,0.017,SHRIMP
7.99,22.52,21.61,5.97,0.037,ROHU
8.77,29.35,43.17,6.52,0.029,TILAPIA
7.89,8.58,4.55,9.39,0.001,SALMON
7.84,13.55,6.07,8.89,0.006,TROUT
7.78,12.73,0.66,8.7,0.008,SALMON
7.48,17.6,6.01,9.23,0.005,TROUT
7.61,28.91,15.09,4.62,0.03,ROHU
6.71,12.21,9.72,7.99,0.005,TROUT
8.11,26.68,8.1,6.55,0.0,SHRIMP
7.55,30.0,17.66,5.85,0.009,SHRIMP
7.64,11.59,1.47,10.8,0.004,SALMON
7.07,13.73,2.66,10.64,0.006,SALMON
7.74,27.02,44.78,4.89,0.014,ROHU
7.47,29.84,45.29,5.68,0.013,TILAPIA
7.12,13.77,4.78,10.46,0.0,SALMON
6.5,15.74,8.3,7.12,0.009,TROUT
6.29,25.07,61.94,3.79,0.012,CATFISH
7.82,27.0,22.13,5.28,0.037,CARP
7.67,27.43,55.33,4.58,0.001,CATFISH
6.35,22.93,40.8,3.1,0.064,CATFISH
8.3,8.47,2.67,8.43,0.0,SALMON
8.03,27.69,6.27,6.2,0.018,SHRIMP
8.06,27.06,15.94,6.96,0.017,SHRIMP
8.35,27.42,6.16,6.63,0.017,SHRIMP
7.95,29.79,17.34,7.57,0.018,SHRIMP
7.15,28.9,15.37,5.61,0.001,ROHU
8.03,21.75,15.01,5.72,0.007,CARP
7.36,25.24,11.02,5.58,0.032,TILAPIA
7.08,16.33,5.96,7.3,0.008,TROUT
8.1,26.64,69.18,2.87,0.017,CATFISH
7.21,22.22,65.38,5.87,0.038,CATFISH
6.81,17.41,4.14,8.19,0.003,TROUT
7.42,10.02,4.5,8.35,0.01,SALMON
7.45,11.11,4.97,9.64,0.001,SALMON
7.94,13.12,3.86,8.02,0.005,TROUT
7.46,11.73,0.84,8.74,0.008,SALMON
6.95,12.07,1.95,7.17,0.003,TROUT
7.35,26.31,26.34,4.66,0.029,CARP
7.39,12.38,2.44,9.21,0.01,SALMON
7.45,21.26,33.78,5.85,0.037,CARP
8.28,25.11,37.21,4.53,0.03,CARP
7.81,26.27,90.9,2.96,0.079,CATFISH
7.09,24.81,24.0,4.14,0.048,CARP
7.19,17.85,4.83,9.59,0.006,TROUT
7.23,26.18,69.39,4.04,0.061,CATFISH
7.41,29.81,45.78,4.82,0.022,TILAPIA
8.15,25.74,43.68,5.1,0.005,ROHU
7.0,24.4,18.95,4.96,0.016,CARP
7.17,14.08,6.27,9.78,0.0,TROUT
8.19,29.34,15.39,5.4,0.006,SHRIMP
8.21,20.79,16.32,7.83,0.0,CARP
6.8,17.96,0.9,7.01,0.0,TROUT
8.25,25.4,14.29,7.01,0.038,CARP
8.42,30.77,34.54,3.35,0.024,TILAPIA
7.78,29.12,5.37,5.92,0.011,SHRIMP
8.31,30.69,6.08,7.87,0.01,SHRIMP
6.19,26.0,85.62,4.97,0.005,CATFISH
7.78,27.33,44.78,5.52,0.04,CATFISH
8.39,24.05,42.18,5.46,0.024,ROHU
7.87,25.75,11.35,3.86,0.021,TILAPIA
6.81,31.11,30.12,4.8,0.029,TILAPIA
7.57,29.1,8.63,7.14,0.016,SHRIMP
7.83,25.2,19.29,6.83,0.014,ROHU
7.24,28.82,39.71,6.67,0.014,ROHU
7.29,24.0,30.45,3.19,0.014,TILAPIA
8.4,28.5,12.0,6.02,0.019,SHRIMP
8.36,13.79,0.65,9.69,0.009,SALMON
8.18,26.92,23.01,7.64,0.019,CARP
8.01,19.16,11.27,6.26,0.047,CARP
8.26,24.03,16.68,5.85,0.033,TILAPIA
7.2,25.04,37.04,6.78,0.013,TILAPIA
8.17,24.44,11.45,5.44,0.048,CARP
8.3,22.76,13.33,6.54,0.039,CARP
6.63,30.14,26.66,6.29,0.043,TILAPIA
8.14,27.78,45.21,3.86,0.034,TILAPIA
6.57,10.76,4.65,8.38,0.007,SALMON
8.14,27.37,15.7,5.6,0.018,SHRIMP
7.06,24.67,34.7,7.13,0.027,CARP
8.25,20.15,26.37,5.51,0.001,ROHU
8.42,18.31,32.09,5.32,0.045,CARP
7.01,22.64,38.9,6.08,0.034,CARP
7.68,20.67,16.59,4.53,0.043,CARP
7.52,29.62,17.11,5.36,0.005,SHRIMP
7.18,13.17,1.12,9.93,0.006,SALMON
7.49,14.39,8.79,9.03,0.005,TROUT
8.02,26.33,18.28,3.61,0.045,TILAPIA
6.96,9.73,2.42,10.24,0.005,SALMON
7.46,29.92,46.74,4.36,0.065,CATFISH
7.94,10.6,3.66,7.68,0.002,TROUT
8.24,28.78,52.06,3.47,0.098,CATFISH
7.58,24.74,17.8,5.38,0.046,CARP
7.97,30.34,15.62,5.19,0.003,SHRIMP
7.49,9.61,0.22,9.25,0.003,SALMON
6.6,26.0,77.57,2.77,0.027,CATFISH
8.26,28.28,7.7,6.38,0.011,SHRIMP
7.95,26.26,5.75,7.53,0.02,SHRIMP
7.55,10.74,3.3,8.33,0.006,SALMON
8.49,25.12,39.43,6.28,0.013,CARP
8.8,25.41,18.56,3.05,0.001,TILAPIA
8.19,27.08,38.31,7.84,0.026,CARP
8.42,25.14,89.8,5.21,0.031,CATFISH
8.14,29.0,7.44,6.7,0.015,SHRIMP
8.1,30.01,16.77,6.13,0.011,SHRIMP
7.95,22.22,24.65,7.04,0.036,ROHU
6.88,11.97,4.03,9.68,0.0,TROUT
7.43,21.98,37.59,7.97,0.002,CARP
7.46,12.45,0.45,8.1,0.001,SALMON
7.87,23.57,38.63,5.25,0.028,ROHU
7.12,16.78,9.02,9.63,0.01,TROUT
7.76,22.21,16.17,4.61,0.009,ROHU
7.7,23.8,60.2,5.02,0.056,CATFISH
7.53,13.31,1.41,9.06,0.009,SALMON
8.27,24.01,37.89,6.97,0.044,ROHU
6.51,26.73,43.03,3.66,0.086,CATFISH
7.95,21.64,18.86,7.52,0.023,CARP
8.22,28.36,24.97,6.58,0.039,ROHU
8.06,26.13,62.43,2.66,0.029,CATFISH
6.58,8.9,3.83,8.0,0.004,SALMON
7.86,29.34,8.01,5.61,0.0,SHRIMP
7.35,18.01,31.88,7.87,0.011,CARP
7.96,24.16,37.77,6.33,0.045,ROHU
7.93,13.72,0.91,9.11,0.009,SALMON
7.91,26.32,16.44,6.63,0.003,SHRIMP
7.12,16.03,0.21,7.81,0.005,TROUT
8.88,24.34,20.61,5.41,0.015,TILAPIA
6.82,28.48,41.23,5.83,0.009,TILAPIA
8.83,30.62,37.89,5.86,0.023,TILAPIA
6.81,25.0,44.02,4.38,0.002,TILAPIA
6.99,26.76,23.42,6.91,0.043,TILAPIA
8.15,26.71,28.06,6.15,0.016,ROHU
6.41,28.29,81.41,3.85,0.003,CATFISH
7.19,25.98,28.48,7.37,0.005,CARP
7.25,15.65,5.34,8.62,0.004,TROUT
7.94,14.04,0.9,10.4,0.006,SALMON
7.34,26.79,34.26,6.71,0.031,CARP
8.18,27.38,85.77,3.38,0.062,CATFISH
7.78,17.86,6.28,7.74,0.002,TROUT
7.87,26.3,22.27,4.41,0.031,TILAPIA
7.58,31.02,34.22,3.99,0.018,TILAPIA
7.08,27.48,53.27,2.7,0.037,CATFISH
8.47,25.85,32.0,4.46,0.039,CARP
8.1,30.94,9.88,7.82,0.018,SHRIMP
7.13,29.82,37.22,4.42,0.098,CATFISH
8.34,29.64,26.91,4.39,0.02,TILAPIA
7.41,14.13,7.4,8.89,0.005,TROUT
8.47,28.62,6.15,5.23,0.019,SHRIMP
7.15,15.57,4.58,7.28,0.006,TROUT
6.53,14.76,1.25,10.03,0.007,SALMON
7.81,26.63,13.97,7.6,0.019,SHRIMP
7.12,26.9,44.92,5.79,0.001,CATFISH
8.13,27.24,5.76,6.88,0.008,SHRIMP
7.38,24.5,43.73,5.7,0.042,ROHU
7.85,23.72,76.55,4.24,0.074,CATFISH
6.23,27.99,94.02,4.02,0.026,CATFISH
7.53,11.07,4.98,8.69,0.005,SALMON
7.11,29.71,13.66,3.8,0.044,TILAPIA
7.02,20.48,16.43,5.08,0.012,CARP
7.19,15.86,6.07,9.02,0.001,TROUT
8.26,28.05,39.69,7.3,0.027,ROHU
7.9,28.08,8.8,7.96,0.006,SHRIMP
7.87,30.52,13.77,6.61,0.005,SHRIMP
8.37,26.6,11.05,7.15,0.021,CARP
6.62,27.64,59.93,4.05,0.065,CATFISH
8.07,10.94,2.5,10.36,0.006,SALMON
7.1,11.52,0.28,9.47,0.009,SALMON
7.42,27.13,15.34,5.73,0.046,ROHU
6.82,8.49,0.93,9.99,0.009,SALMON
8.15,11.12,4.03,8.02,0.009,SALMON
7.27,14.28,3.57,8.06,0.008,TROUT
8.57,25.73,42.37,6.15,0.032,TILAPIA
7.76,31.53,45.05,3.41,0.02,TILAPIA
7.74,12.79,5.22,9.38,0.009,TROUT
8.29,25.48,23.18,6.44,0.008,CARP
7.32,13.05,1.92,9.47,0.004,SALMON
7.0,27.19,36.97,6.04,0.008,ROHU
7.36,27.31,39.3,6.53,0.006,TILAPIA
7.16,22.22,30.58,6.32,0.012,ROHU
7.37,22.68,25.07,6.75,0.029,ROHU
7.34,13.33,4.29,8.62,0.007,TROUT
8.13,22.04,24.83,6.14,0.029,ROHU
7.57,8.81,3.03,8.35,0.003,SALMON
7.28,22.91,83.54,4.88,0.077,CATFISH
7.63,20.18,38.78,4.71,0.024,ROHU
8.33,22.22,36.44,7.14,0.037,ROHU
7.84,30.69,42.86,6.37,0.024,TILAPIA
6.93,14.25,5.11,9.46,0.004,TROUT
7.7,20.76,26.63,6.91,0.045,ROHU
6.17,29.02,57.26,4.4,0.097,CATFISH
7.82,27.82,23.51,6.05,0.049,CARP
8.5,23.59,19.63,4.88,0.018,CARP
7.56,13.0,3.69,7.14,0.003,TROUT
7.07,16.65,8.42,8.12,0.006,TROUT
7.93,26.39,34.65,5.18,0.058,CATFISH
7.54,10.45,3.39,10.28,0.0,SALMON
7.43,15.94,1.7,7.58,0.009,TROUT
6.82,9.81,3.03,9.3,0.008,SALMON
7.45,27.06,40.95,4.16,0.072,CATFISH
7.89,28.53,7.78,6.8,0.017,SHRIMP
8.41,28.04,7.82,5.23,0.014,SHRIMP
7.67,22.51,38.75,5.72,0.027,CARP
7.16,31.51,35.45,4.3,0.013,TILAPIA
7.69,20.78,29.64,7.3,0.003,CARP
8.13,13.45,3.8,8.56,0.001,SALMON
8.0,9.05,1.09,9.39,0.003,SALMON
8.26,9.7,2.79,8.12,0.007,SALMON
7.93,26.21,12.71,7.21,0.009,SHRIMP
8.15,13.91,1.25,9.73,0.001,SALMON
8.0,12.61,7.48,9.42,0.009,TROUT
7.43,12.0,1.52,8.95,0.01,SALMON
7.04,16.27,5.66,7.94,0.007,TROUT
6.52,10.14,9.17,9.12,0.003,TROUT
8.26,26.2,31.9,6.37,0.043,ROHU
6.98,22.55,74.68,5.07,0.068,CATFISH
7.28,9.6,2.98,10.78,0.009,SALMON
7.93,26.33,29.08,5.83,0.025,ROHU
8.3,29.29,13.9,5.16,0.009,SHRIMP
6.91,28.91,37.7,5.74,0.063,CATFISH
8.04,26.97,34.46,5.33,0.008,ROHU
7.9,21.79,36.15,5.87,0.033,ROHU
8.4,8.42,3.43,8.07,0.002,SALMON
8.26,28.03,43.83,6.11,0.024,ROHU
8.38,28.51,17.51,6.93,0.002,SHRIMP
7.39,12.84,0.52,7.1,0.004,TROUT
8.42,28.7,8.69,7.07,0.012,SHRIMP
8.45,12.78,1.88,10.4,0.009,SALMON
8.99,24.24,45.89,5.49,0.049,TILAPIA
8.27,20.62,25.06,4.7,0.049,ROHU
8.17,31.14,22.24,5.21,0.039,TILAPIA
7.32,22.29,29.07,5.31,0.005,ROHU
7.66,23.3,39.56,4.66,0.006,CARP
7.42,25.98,19.79,5.2,0.012,CARP
8.24,21.66,20.61,5.21,0.049,CARP
8.02,23.18,53.99,5.53,0.015,CATFISH
7.15,28.29,36.2,6.35,0.008,ROHU
8.28,26.82,9.68,5.01,0.003,SHRIMP
7.12,24.6,24.19,6.97,0.003,ROHU
7.15,27.8,70.2,4.84,0.078,CATFISH
7.3,20.45,18.79,6.19,0.038,ROHU
7.02,23.23,24.13,6.62,0.028,CARP
8.34,27.17,17.9,6.22,0.007,SHRIMP
7.62,23.14,37.1,7.56,0.041,CARP
8.07,28.48,12.34,6.93,0.005,SHRIMP
8.4,27.42,23.38,4.89,0.043,ROHU
7.06,9.53,0.91,10.48,0.003,SALMON
7.65,11.91,1.86,10.36,0.003,SALMON
6.92,22.7,68.97,5.46,0.08,CATFISH
8.49,25.15,8.79,6.56,0.01,SHRIMP
7.39,20.01,41.12,6.88,0.031,ROHU
6.96,9.86,2.77,8.6,0.003,SALMON
8.37,29.56,72.7,5.74,0.079,CATFISH
7.44,11.26,3.8,8.46,0.005,SALMON
7.28,27.63,95.46,3.82,0.071,CATFISH
6.43,22.24,44.31,3.69,0.051,CATFISH
8.01,22.68,33.21,4.49,0.031,CARP
8.05,27.63,17.59,5.48,0.0,SHRIMP
6.54,24.69,62.6,5.21,0.091,CATFISH
6.76,13.04,8.01,8.18,0.008,TROUT
7.48,11.69,5.56,9.57,0.008,TROUT
7.87,26.91,16.24,6.29,0.002,SHRIMP
7.09,26.76,11.2,6.85,0.033,TILAPIA
7.46,14.78,6.53,7.58,0.003,TROUT
8.45,30.31,16.09,5.83,0.006,SHRIMP
7.14,27.42,68.01,3.71,0.044,CATFISH
6.97,12.72,0.79,8.33,0.003,TROUT
8.48,26.33,98.94,5.79,0.045,CATFISH
7.56,25.55,7.44,6.79,0.003,SHRIMP
7.95,30.48,7.84,5.02,0.001,SHRIMP
8.38,30.03,33.12,6.62,0.041,TILAPIA
8.35,28.27,62.37,5.53,0.025,CATFISH
7.6,28.85,41.87,7.23,0.016,ROHU
7.16,24.4,36.89,7.32,0.03,ROHU
8.25,19.2,32.05,6.13,0.014,CARP
8.42,21.37,37.02,6.4,0.029,ROHU
7.37,29.22,54.08,5.07,0.066,CATFISH
6.26,28.98,66.62,4.95,0.041,CATFISH
6.82,22.09,87.86,5.3,0.01,CATFISH
6.65,10.53,0.46,9.76,0.002,SALMON
7.39,15.91,0.32,8.98,0.005,TROUT
8.31,25.89,32.44,6.25,0.012,CARP
8.48,20.6,39.09,5.72,0.017,CARP
7.17,20.27,30.71,5.15,0.049,ROHU
7.13,28.62,24.37,6.29,0.041,TILAPIA
8.4,29.76,7.37,5.16,0.011,SHRIMP
6.67,11.27,2.41,10.52,0.002,SALMON
7.21,25.76,37.86,6.84,0.014,ROHU
6.53,15.43,0.77,8.26,0.006,TROUT
7.71,24.08,19.84,6.47,0.049,ROHU
8.82,30.76,18.96,3.96,0.026,TILAPIA
8.41,26.62,17.3,5.56,0.028,ROHU
8.08,28.52,72.83,3.81,0.026,CATFISH
7.61,30.0,31.27,5.15,0.014,TILAPIA
7.59,21.82,19.7,6.98,0.002,ROHU
6.94,11.63,3.55,8.29,0.003,SALMON
8.1,29.58,21.61,7.16,0.047,ROHU
7.07,12.53,2.86,7.27,0.003,TROUT
7.69,25.43,81.2,5.39,0.015,CATFISH
6.52,14.6,1.19,8.32,0.008,SALMON
7.75,30.07,12.26,6.54,0.006,SHRIMP
7.32,26.84,26.78,7.31,0.036,CARP
7.49,20.34,16.33,7.43,0.041,CARP
7.92,13.2,7.83,7.8,0.01,TROUT
8.0,11.53,4.6,8.29,0.003,TROUT
6.95,28.98,18.91,4.23,0.027,TILAPIA
8.28,25.78,13.48,6.33,0.016,SHRIMP
6.21,25.14,37.02,2.56,0.066,CATFISH
7.5,18.77,17.05,7.32,0.047,CARP
7.2,22.31,41.05,7.28,0.021,ROHU
7.71,27.52,5.15,7.57,0.015,SHRIMP
8.28,26.88,8.72,7.09,0.007,SHRIMP
8.46,23.44,18.26,6.84,0.014,CARP
7.2,25.13,20.83,4.78,0.021,ROHU
7.71,11.79,2.26,9.45,0.009,TROUT
7.68,21.37,36.12,4.33,0.011,CARP
7.66,28.97,83.14,5.05,0.048,CATFISH
7.79,21.61,32.16,6.92,0.038,ROHU
7.82,25.34,20.4,5.63,0.006,CARP
6.14,22.28,57.43,4.94,0.019,CATFISH
8.48,27.07,10.06,5.94,0.002,SHRIMP
7.12,11.92,6.72,9.48,0.007,TROUT
7.16,18.45,29.69,6.14,0.004,CARP
7.41,18.81,39.78,4.62,0.049,CARP
6.75,12.81,7.62,8.52,0.006,TROUT
7.7,26.19,27.34,5.78,0.017,ROHU
7.75,29.16,10.94,4.72,0.014,TILAPIA
7.33,16.24,0.16,9.46,0.0,TROUT
7.73,25.56,36.08,6.12,0.04,TILAPIA
8.16,22.82,38.82,5.93,0.067,CATFISH
6.77,9.06,4.45,10.83,0.008,SALMON
7.44,25.43,49.31,5.19,0.023,CATFISH
8.41,21.24,29.83,6.61,0.013,CARP
7.63,28.64,17.74,5.13,0.015,SHRIMP
6.46,26.75,58.8,2.94,0.003,CATFISH
6.2,24.07,31.95,4.71,0.043,CATFISH
8.09,22.93,29.0,7.22,0.02,CARP
8.34,25.77,31.92,6.0,0.003,ROHU
8.34,25.76,17.0,7.59,0.003,SHRIMP
8.21,26.76,12.88,7.09,0.018,SHRIMP
7.27,30.7,34.58,5.32,0.013,TILAPIA
7.04,9.53,3.31,9.9,0.006,SALMON
7.06,26.85,42.08,7.01,0.006,ROHU
7.63,25.57,17.47,7.76,0.013,SHRIMP
8.29,12.51,1.44,8.9,0.009,SALMON
7.92,10.5,1.27,8.04,0.005,SALMON
8.42,11.96,2.57,8.26,0.005,SALMON
8.17,30.93,8.39,6.17,0.01,SHRIMP
7.14,19.77,39.62,5.78,0.027,CARP
6.16,29.13,62.47,3.62,0.048,CATFISH
7.51,29.38,37.29,4.26,0.007,TILAPIA
7.61,15.33,1.2,8.72,0.003,TROUT
8.31,25.0,36.91,6.36,0.009,ROHU
8.15,21.08,24.76,7.19,0.012,CARP
7.83,23.24,18.47,5.19,0.014,CARP
6.72,24.46,14.22,5.34,0.027,TILAPIA
7.55,26.77,18.99,6.57,0.005,SHRIMP
7.75,26.85,14.2,7.69,0.016,SHRIMP
6.7,17.15,0.75,9.72,0.01,TROUT
8.05,23.56,20.76,7.65,0.001,CARP
8.94,30.67,22.12,6.87,0.031,TILAPIA
8.19,26.46,24.8,5.2,0.04,TILAPIA
7.46,29.75,56.45,2.72,0.034,CATFISH
7.25,18.61,24.98,4.43,0.006,CARP
7.6,19.15,36.5,5.66,0.019,CARP
7.92,24.57,26.91,5.87,0.021,ROHU
7.97,29.55,19.54,5.93,0.03,ROHU
6.72,14.08,1.49,8.49,0.007,SALMON
8.1,20.09,11.76,6.21,0.03,CARP
6.75,24.93,20.17,4.18,0.026,TILAPIA
7.35,17.26,3.96,7.89,0.001,TROUT
8.3,23.72,33.43,6.07,0.016,ROHU
7.75,22.01,24.45,6.87,0.046,ROHU
8.18,20.77,38.23,4.5,0.044,CARP
7.49,23.94,33.1,6.91,0.023,ROHU
7.45,29.49,77.06,4.18,0.081,CATFISH
8.12,27.05,18.11,5.04,0.005,SHRIMP
6.7,13.52,6.44,8.14,0.001,TROUT
6.78,13.67,7.52,9.72,0.008,TROUT
8.23,28.26,32.64,5.56,0.04,ROHU
7.72,30.61,11.99,6.34,0.0,SHRIMP
7.94,14.33,6.05,7.66,0.006,TROUT
6.55,30.56,42.99,6.15,0.014,TILAPIA
6.84,15.33,0.8,8.33,0.002,TROUT
7.61,11.95,5.98,8.16,0.009,TROUT
7.47,10.68,4.2,8.44,0.005,SALMON
6.55,11.87,2.6,10.98,0.002,SALMON
8.46,25.29,6.47,5.13,0.004,SHRIMP
8.11,24.36,47.84,6.37,0.015,TILAPIA
8.84,31.87,41.86,6.03,0.034,TILAPIA
7.54,27.9,30.53,7.8,0.007,CARP
6.68,10.0,3.36,8.51,0.001,SALMON
7.65,13.31,6.53,8.74,0.0,TROUT
6.75,31.65,33.97,5.91,0.016,TILAPIA
7.99,26.02,5.76,6.85,0.004,SHRIMP
7.37,25.8,94.57,2.75,0.028,CATFISH
8.12,30.75,23.0,5.75,0.048,TILAPIA
6.95,10.8,2.05,10.93,0.002,SALMON
7.69,29.86,9.09,7.19,0.007,SHRIMP
8.21,26.66,11.79,6.77,0.007,CARP
7.19,15.41,6.19,8.71,0.001,TROUT
8.01,21.96,13.99,4.63,0.047,CARP
7.37,8.89,2.05,9.06,0.003,SALMON
7.73,24.18,25.73,6.28,0.029,ROHU
8.14,25.59,22.6,3.9,0.003,TILAPIA
7.04,23.55,38.41,6.19,0.013,ROHU
8.36,27.3,17.83,5.05,0.007,TILAPIA
6.83,26.09,26.76,5.4,0.026,TILAPIA
7.3,27.32,46.32,3.97,0.005,TILAPIA
7.38,17.53,1.74,8.41,0.001,TROUT
7.79,24.89,38.78,3.39,0.064,CATFISH
6.56,30.89,33.08,6.56,0.03,TILAPIA
7.71,14.89,2.96,7.77,0.003,TROUT
7.17,25.59,19.87,4.23,0.028,TILAPIA
8.09,25.4,17.47,5.53,0.014,SHRIMP
7.3,23.71,49.83,3.9,0.081,CATFISH
7.58,28.63,24.26,5.38,0.013,ROHU
7.23,28.86,28.76,6.19,0.033,ROHU
8.04,22.15,81.51,3.23,0.013,CATFISH
6.57,11.85,8.97,7.77,0.002,TROUT
6.55,9.47,2.08,9.07,0.009,SALMON
8.4,26.5,26.43,3.84,0.049,TILAPIA
7.13,23.86,26.22,7.16,0.008,ROHU
8.45,23.94,18.92,6.52,0.036,ROHU
7.95,27.26,26.01,4.94,0.01,ROHU
8.12,20.32,22.16,5.08,0.01,CARP
7.43,30.01,45.88,6.38,0.009,TILAPIA
8.14,25.15,16.82,7.71,0.005,SHRIMP
6.87,12.54,8.09,9.63,0.003,TROUT
8.24,13.5,1.37,10.74,0.001,SALMON
8.18,26.99,12.51,6.94,0.01,SHRIMP
6.96,10.51,1.77,7.02,0.004,TROUT
7.87,9.65,4.72,10.61,0.003,SALMON
8.36,25.79,15.58,7.23,0.014,SHRIMP
7.94,24.38,19.21,7.44,0.048,CARP
7.59,26.17,17.31,7.03,0.013,SHRIMP
8.08,25.11,33.13,5.88,0.041,ROHU
7.56,10.84,8.39,9.01,0.007,TROUT
7.21,23.04,19.18,6.34,0.015,ROHU
6.12,29.69,77.54,4.71,0.027,CATFISH
7.44,16.91,1.32,9.93,0.006,TROUT
8.41,26.33,5.84,5.77,0.011,SHRIMP
7.54,11.08,4.4,9.52,0.005,SALMON
7.56,27.38,12.11,6.35,0.017,SHRIMP
7.92,27.53,16.78,5.59,0.016,SHRIMP
7.68,23.1,49.38,2.66,0.093,CATFISH
7.48,25.96,44.87,5.81,0.046,ROHU
6.58,11.63,4.19,7.66,0.0,TROUT
7.77,20.81,34.67,7.01,0.037,CARP
8.31,31.43,27.22,3.48,0.026,TILAPIA
6.18,27.95,79.77,3.32,0.075,CATFISH
8.49,20.33,11.61,4.76,0.002,CARP
6.66,11.17,3.7,10.06,0.008,SALMON
8.65,30.93,10.4,6.11,0.023,TILAPIA
7.71,12.57,5.62,7.84,0.008,TROUT
8.49,26.58,12.92,6.83,0.017,CARP
6.99,17.63,1.22,7.05,0.009,TROUT
6.5,12.46,2.41,7.7,0.001,TROUT
7.14,10.49,2.24,8.09,0.004,TROUT
7.86,13.94,3.3,7.32,0.01,TROUT
6.74,24.38,52.43,3.08,0.078,CATFISH
8.22,26.7,9.89,5.06,0.015,SHRIMP
8.55,28.36,13.11,6.82,0.012,TILAPIA
6.78,11.08,2.41,8.64,0.001,SALMON
8.4,27.09,34.59,7.55,0.01,CARP
7.76,28.78,43.58,6.76,0.022,ROHU
7.55,11.55,4.47,9.49,0.007,TROUT
8.11,25.25,31.88,3.35,0.019,TILAPIA
6.87,14.66,1.05,8.78,0.01,SALMON
6.61,25.43,25.69,6.79,0.007,TILAPIA
8.24,25.08,33.61,5.93,0.024,ROHU
7.44,11.54,1.46,9.81,0.009,TROUT
7.74,15.57,9.24,9.46,0.006,TROUT
7.95,21.56,14.46,6.39,0.041,CARP
7.74,27.56,19.52,6.97,0.011,SHRIMP
7.9,24.96,20.88,7.3,0.01,CARP
7.97,27.84,10.67,6.55,0.008,SHRIMP
8.21,24.2,37.6,4.26,0.003,TILAPIA
7.22,8.61,1.01,9.64,0.002,SALMON
6.72,31.29,10.24,4.94,0.006,TILAPIA
7.36,24.89,32.82,5.33,0.036,TILAPIA
7.59,14.19,2.77,9.6,0.002,SALMON
8.37,21.28,21.16,7.04,0.017,CARP
7.26,26.67,70.53,2.69,0.031,CATFISH
7.2,11.82,7.44,9.76,0.004,TROUT
6.65,26.99,88.06,3.17,0.092,CATFISH
7.35,16.1,8.12,8.03,0.004,TROUT
8.25,29.86,38.74,6.3,0.017,ROHU
8.21,26.45,21.85,4.21,0.02,CARP
7.46,25.71,73.34,4.18,0.066,CATFISH
8.05,26.22,9.38,7.25,0.01,SHRIMP
7.16,25.31,26.87,6.34,0.04,ROHU
8.74,28.2,38.29,4.01,0.022,TILAPIA
7.28,25.43,33.76,2.58,0.036,CATFISH
7.83,13.87,2.75,8.46,0.007,SALMON
7.24,15.61,8.56,8.25,0.003,TROUT
7.97,18.68,36.92,4.48,0.016,CARP
7.42,12.61,1.92,8.67,0.006,TROUT
8.3,18.88,33.3,7.39,0.009,CARP
6.75,15.65,5.35,8.91,0.002,TROUT
7.8,29.98,43.46,5.82,0.046,TILAPIA
7.37,14.67,3.6,10.79,0.005,SALMON
8.03,29.93,6.52,7.38,0.016,SHRIMP
7.91,28.8,16.65,4.52,0.031,TILAPIA
7.87,19.24,13.64,6.88,0.009,CARP
7.83,12.36,3.01,9.47,0.005,SALMON
6.7,15.82,8.13,7.77,0.008,TROUT
7.09,27.27,60.64,3.47,0.056,CATFISH
6.17,29.15,57.15,3.51,0.072,CATFISH
7.54,27.85,10.04,7.76,0.0,SHRIMP
8.06,24.5,22.98,5.69,0.017,TILAPIA
8.11,26.42,12.25,6.29,0.001,SHRIMP
7.64,30.77,14.57,4.02,0.041,TILAPIA
6.15,26.61,38.34,2.63,0.005,CATFISH
7.88,29.31,13.21,7.83,0.005,SHRIMP
7.63,20.4,28.47,6.23,0.029,ROHU
7.85,28.7,18.27,5.69,0.008,SHRIMP
8.92,31.76,44.6,5.4,0.035,TILAPIA
8.27,24.85,18.7,4.81,0.013,CARP
6.74,27.35,14.53,3.69,0.027,TILAPIA
7.37,24.0,54.03,5.48,0.056,CATFISH
7.88,29.25,82.04,4.36,0.086,CATFISH
7.12,24.83,37.98,6.3,0.006,CARP
8.27,27.44,18.2,6.95,0.018,SHRIMP
7.04,10.21,4.22,9.43,0.007,SALMON
8.01,21.01,15.52,7.03,0.024,CARP
7.54,17.55,9.96,8.35,0.003,TROUT
8.96,25.67,15.21,3.81,0.038,TILAPIA
8.26,26.09,19.54,4.04,0.019,CARP
6.72,28.31,46.53,4.55,0.041,TILAPIA
8.45,9.31,2.23,9.46,0.008,SALMON
7.91,12.2,3.32,9.1,0.008,TROUT
6.81,16.38,7.39,7.19,0.004,TROUT
6.81,17.64,9.19,7.14,0.003,TROUT
7.57,28.02,28.04,7.11,0.009,ROHU
7.31,15.23,2.74,8.78,0.005,TROUT
7.67,27.42,21.85,4.68,0.015,ROHU
6.92,27.31,38.28,5.84,0.087,CATFISH
8.38,25.91,13.97,6.99,0.008,SHRIMP
7.21,28.68,20.26,6.74,0.007,TILAPIA
7.54,27.21,19.69,6.26,0.01,SHRIMP
8.29,28.66,41.91,6.46,0.023,TILAPIA
7.89,30.8,15.46,5.25,0.017,SHRIMP
7.64,21.11,15.91,6.68,0.044,ROHU
8.07,26.46,33.82,5.9,0.051,CATFISH
7.75,28.39,34.52,6.35,0.009,ROHU
7.45,25.8,24.15,4.91,0.008,CARP
7.56,26.21,10.21,5.83,0.016,CARP
8.34,24.6,36.29,7.45,0.003,ROHU
8.3,26.25,17.37,3.16,0.001,TILAPIA
6.54,9.32,2.07,10.81,0.005,SALMON
7.68,10.08,7.62,9.68,0.004,TROUT
8.97,26.01,30.39,6.64,0.039,TILAPIA
7.42,17.42,9.62,8.53,0.005,TROUT
8.39,26.58,12.08,5.97,0.019,SHRIMP
7.11,17.99,0.55,8.74,0.001,TROUT
7.6,12.86,0.64,7.22,0.001,TROUT
6.76,29.73,96.13,3.67,0.057,CATFISH
8.19,26.25,43.13,6.54,0.029,ROHU
8.4,26.3,30.99,3.4,0.045,CATFISH
8.12,20.13,36.02,7.82,0.012,CARP
7.61,21.69,44.32,7.06,0.025,ROHU
6.95,11.81,3.47,9.55,0.01,SALMON
7.2,26.52,34.52,4.05,0.045,CARP
7.36,18.32,20.08,6.06,0.04,CARP
8.12,9.67,1.12,9.51,0.003,SALMON
6.78,11.46,5.13,9.53,0.001,TROUT
8.3,19.39,27.08,7.47,0.029,CARP
8.16,27.33,6.97,5.79,0.012,SHRIMP
7.11,31.73,48.33,3.99,0.017,TILAPIA
8.26,21.23,36.67,4.64,0.009,CARP
7.41,27.36,16.55,4.65,0.019,ROHU
8.37,24.38,47.94,5.84,0.0,TILAPIA
8.46,22.11,23.34,6.31,0.049,CARP
7.61,18.03,35.5,5.52,0.025,CARP
6.16,26.77,81.77,3.24,0.084,CATFISH
8.31,27.5,9.65,7.81,0.014,SHRIMP
6.61,11.59,3.48,8.86,0.005,TROUT
7.13,25.15,18.13,7.04,0.036,CARP
7.04,26.93,25.64,6.91,0.048,TILAPIA
7.17,12.43,7.17,8.08,0.003,TROUT
8.44,30.87,43.79,4.44,0.034,TILAPIA
6.65,29.61,10.39,4.64,0.016,TILAPIA
7.8,13.55,1.37,9.59,0.008,TROUT
8.09,24.93,39.62,4.9,0.033,CARP
7.8,22.58,21.9,5.72,0.028,CARP
7.21,12.67,5.79,9.67,0.006,TROUT
7.79,25.56,31.9,4.07,0.03,CATFISH
7.68,28.02,9.84,5.77,0.009,SHRIMP
7.45,24.55,19.91,5.41,0.031,ROHU
8.31,29.61,6.71,6.93,0.017,SHRIMP
8.03,9.86,4.03,8.76,0.008,SALMON
7.58,27.61,9.39,6.64,0.003,SHRIMP
8.19,19.63,13.13,4.58,0.044,CARP
8.17,26.6,18.66,6.31,0.003,SHRIMP
7.94,18.75,13.37,4.2,0.013,CARP
8.25,23.07,57.07,5.37,0.097,CATFISH
7.27,26.58,95.26,5.5,0.017,CATFISH
8.5,22.64,23.37,7.29,0.001,ROHU
6.19,23.78,58.55,3.72,0.002,CATFISH
8.23,24.46,29.42,4.51,0.033,CARP
8.15,27.52,32.65,5.14,0.005,ROHU
8.2,27.76,5.83,6.28,0.009,SHRIMP
8.39,9.93,1.99,10.79,0.003,SALMON
8.95,29.29,42.68,6.0,0.035,TILAPIA
7.4,23.16,18.76,6.47,0.002,ROHU
6.78,13.01,4.86,10.95,0.005,SALMON
7.68,28.57,47.13,3.97,0.084,CATFISH
7.03,13.57,6.72,8.0,0.003,TROUT
8.32,29.56,5.73,7.53,0.009,SHRIMP
7.82,28.66,37.35,6.01,0.036,TILAPIA
7.28,19.84,11.71,6.35,0.042,CARP
7.55,28.44,17.29,5.98,0.007,SHRIMP
8.49,29.67,28.22,5.28,0.042,ROHU
8.03,28.93,35.68,5.35,0.035,ROHU
7.69,28.87,97.39,4.7,0.018,CATFISH
7.83,28.61,9.83,7.33,0.001,SHRIMP
8.09,22.45,82.33,5.48,0.029,CATFISH
6.55,27.46,11.32,6.82,0.01,TILAPIA
7.57,11.41,2.35,8.48,0.009,TROUT
6.54,31.37,49.04,3.89,0.01,TILAPIA
7.47,11.86,1.57,9.05,0.006,TROUT
7.74,29.12,42.84,5.0,0.0,ROHU
6.74,24.84,69.52,3.38,0.092,CATFISH
8.32,21.97,43.42,5.12,0.031,ROHU
7.82,24.84,15.71,6.08,0.023,CARP
6.96,10.74,1.44,7.31,0.004,TROUT
6.77,27.39,28.09,5.93,0.042,TILAPIA
7.25,27.24,34.64,5.42,0.033,CARP
7.73,26.31,5.82,5.05,0.002,SHRIMP
7.14,29.13,69.86,5.41,0.099,CATFISH
6.87,8.05,2.34,10.06,0.002,SALMON
6.61,28.39,37.49,5.23,0.091,CATFISH
7.95,22.3,23.13,5.24,0.038,CARP
7.12,29.52,96.7,3.34,0.062,CATFISH
7.1,20.68,37.37,6.53,0.036,CARP
7.47,27.91,35.42,5.4,0.023,ROHU
8.56,25.88,36.09,4.62,0.03,TILAPIA
7.52,30.46,9.04,7.46,0.02,SHRIMP
7.58,27.48,15.18,5.71,0.002,SHRIMP
7.99,23.09,98.42,5.88,0.016,CATFISH
8.02,26.28,16.73,5.61,0.005,SHRIMP
7.36,31.85,35.19,4.66,0.008,TILAPIA
7.21,18.54,10.56,4.57,0.033,CARP
7.87,29.29,29.9,7.03,0.022,ROHU
7.92,27.84,20.82,7.01,0.025,CARP
7.54,25.35,44.89,5.92,0.041,ROHU
7.19,10.73,4.46,10.44,0.007,SALMON
7.45,13.34,1.44,7.28,0.0,TROUT
7.78,27.7,10.18,5.52,0.012,SHRIMP
6.41,29.68,89.61,5.52,0.041,CATFISH
7.03,26.9,43.36,6.4,0.022,ROHU
7.28,10.06,4.23,9.15,0.004,TROUT
6.9,17.86,3.83,7.53,0.004,TROUT
7.57,28.64,59.09,3.4,0.087,CATFISH
7.85,24.42,38.05,3.22,0.046,TILAPIA
8.49,11.36,2.43,9.7,0.009,SALMON
8.4,25.0,13.91,7.16,0.012,SHRIMP
7.66,25.97,46.59,4.34,0.048,TILAPIA
8.4,26.37,41.96,5.87,0.007,ROHU
8.06,27.57,41.12,3.88,0.008,TILAPIA
8.13,29.47,95.28,2.94,0.038,CATFISH
8.46,27.33,49.98,4.55,0.011,CATFISH
7.46,29.62,43.93,5.37,0.024,ROHU
8.18,28.92,45.7,3.31,0.017,TILAPIA
7.31,9.54,2.67,10.99,0.008,SALMON
6.98,9.97,2.06,8.7,0.0,SALMON
6.26,27.62,50.96,3.44,0.1,CATFISH
8.24,21.47,19.79,6.87,0.031,ROHU
6.8,29.06,45.96,5.49,0.007,TILAPIA
7.5,31.58,26.26,6.09,0.024,TILAPIA
7.84,12.82,1.71,8.65,0.008,SALMON
6.5,28.44,89.51,3.51,0.095,CATFISH
7.35,13.02,9.65,7.82,0.004,TROUT
7.94,10.36,1.43,7.04,0.006,TROUT
6.57,14.79,3.42,9.86,0.009,TROUT
7.75,18.72,30.53,6.01,0.038,CARP
7.82,29.92,13.05,7.58,0.004,SHRIMP
6.71,29.14,40.5,5.34,0.013,TILAPIA
8.51,30.54,49.16,5.01,0.023,TILAPIA
8.37,28.13,15.04,7.45,0.005,SHRIMP
8.21,13.99,0.5,8.27,0.003,SALMON
7.67,21.02,15.48,6.35,0.048,ROHU
7.74,22.77,49.19,3.62,0.076,CATFISH
6.32,28.93,71.55,2.94,0.043,CATFISH
7.75,28.07,37.41,4.27,0.081,CATFISH
7.69,26.89,24.35,5.12,0.029,TILAPIA
7.49,11.3,2.45,10.54,0.008,SALMON
7.47,29.48,80.82,5.71,0.091,CATFISH
7.56,11.9,4.89,10.32,0.001,SALMON
6.43,25.58,44.73,4.91,0.088,CATFISH
7.86,27.68,19.48,6.13,0.005,SHRIMP
7.74,26.21,39.24,3.31,0.033,TILAPIA
7.92,29.66,10.08,6.69,0.004,SHRIMP
7.46,25.7,87.28,4.89,0.018,CATFISH
8.08,23.19,42.18,4.88,0.009,ROHU
7.12,19.96,38.31,7.91,0.019,CARP
7.82,20.7,31.07,6.64,0.049,CARP
8.09,23.28,16.06,4.44,0.019,CARP
7.7,16.29,5.1,7.9,0.002,TROUT
8.0,22.01,41.4,5.08,0.016,ROHU
7.15,22.1,38.0,6.55,0.04,CARP
7.21,17.85,7.4,7.35,0.008,TROUT
8.01,27.92,14.38,7.84,0.012,SHRIMP
7.26,25.25,25.16,6.72,0.01,CARP
7.81,23.09,88.53,3.04,0.03,CATFISH
7.82,29.11,34.32,4.08,0.02,CATFISH
6.58,11.14,0.53,8.88,0.001,TROUT
6.74,17.08,0.1,9.65,0.006,TROUT
6.8,26.75,44.71,2.91,0.097,CATFISH
7.36,18.16,20.8,4.36,0.013,CARP
6.7,9.39,5.0,8.01,0.006,SALMON
8.8,24.75,48.2,5.44,0.0,TILAPIA
8.34,12.55,0.45,10.84,0.003,SALMON
6.79,28.31,77.72,5.61,0.069,CATFISH
7.53,25.73,34.1,4.61,0.018,CARP
7.02,27.81,25.85,5.72,0.04,ROHU
7.16,26.28,18.64,7.46,0.039,ROHU
7.95,31.29,32.16,3.7,0.019,TILAPIA
7.24,21.54,22.58,5.56,0.033,CARP
7.14,25.44,37.22,6.77,0.03,ROHU
8.09,13.04,0.43,9.39,0.002,SALMON
6.53,13.2,5.5,8.86,0.007,TROUT
8.49,28.83,29.19,6.06,0.01,ROHU
8.11,26.01,98.7,2.84,0.03,CATFISH
8.38,12.7,3.32,9.36,0.008,SALMON
7.98,20.56,20.94,7.37,0.01,CARP
7.63,13.34,3.57,8.62,0.006,SALMON
6.7,11.75,0.43,8.91,0.007,SALMON
8.38,24.56,90.77,5.58,0.035,CATFISH
8.05,23.72,15.53,6.61,0.001,ROHU
7.67,13.06,4.43,8.13,0.004,TROUT
8.21,23.62,30.73,6.51,0.013,ROHU
7.36,25.56,32.48,4.26,0.004,TILAPIA
8.12,28.06,13.19,6.08,0.002,SHRIMP
7.67,24.52,77.78,5.55,0.024,CATFISH
8.29,28.3,30.35,3.97,0.037,TILAPIA
6.97,27.69,21.45,3.99,0.032,TILAPIA
7.95,28.06,39.76,7.1,0.021,ROHU
7.17,31.99,17.01,3.04,0.007,TILAPIA
8.38,29.68,31.22,5.87,0.047,ROHU
7.31,28.48,42.18,6.12,0.031,ROHU
7.46,24.85,41.5,4.26,0.083,CATFISH
7.92,19.93,28.19,6.71,0.026,CARP
8.11,28.28,44.04,7.17,0.03,ROHU
8.04,24.46,36.76,6.93,0.025,CARP
8.24,26.68,13.47,5.26,0.008,SHRIMP
7.45,11.12,4.43,8.68,0.008,TROUT
8.38,24.4,31.46,6.89,0.029,ROHU
8.15,28.18,10.94,4.65,0.015,TILAPIA
7.07,21.52,35.7,5.58,0.01,CARP
8.21,28.2,81.47,5.29,0.027,CATFISH
7.7,18.58,17.87,5.74,0.008,CARP
6.97,28.28,64.5,3.13,0.073,CATFISH
8.2,26.12,84.23,4.47,0.055,CATFISH
8.89,30.99,38.32,5.85,0.013,TILAPIA
7.05,23.95,26.18,7.88,0.024,CARP
7.43,26.04,16.49,4.78,0.002,ROHU
8.36,21.91,33.46,5.72,0.002,ROHU
8.45,27.53,91.82,5.82,0.049,CATFISH
8.13,24.85,48.3,5.81,0.073,CATFISH
7.12,28.37,68.29,4.77,0.075,CATFISH
6.79,28.23,15.07,5.37,0.024,TILAPIA
7.11,17.76,1.12,7.81,0.005,TROUT
7.14,15.72,6.04,7.9,0.004,TROUT
7.47,27.55,45.65,4.65,0.007,TILAPIA
7.95,23.61,35.6,4.16,0.001,CATFISH
7.99,20.87,26.79,5.12,0.017,CARP
6.6,13.48,4.23,10.4,0.005,SALMON
8.35,29.36,19.71,5.47,0.005,SHRIMP
7.21,17.68,6.76,9.72,0.007,TROUT
8.25,21.65,35.25,6.22,0.045,CARP
7.51,25.45,8.76,7.01,0.018,SHRIMP
8.07,26.23,44.12,6.18,0.017,ROHU
7.99,25.52,13.39,6.51,0.003,SHRIMP
8.13,21.17,24.51,5.18,0.013,CARP
8.28,26.93,12.12,6.02,0.048,TILAPIA
7.69,12.26,2.02,10.03,0.002,SALMON
8.2,28.36,10.8,6.26,0.011,SHRIMP
7.68,19.69,29.1,7.9,0.041,CARP
7.56,27.26,25.09,6.65,0.046,CARP
7.59,29.01,11.15,6.41,0.001,SHRIMP
6.62,24.85,42.41,4.93,0.062,CATFISH
8.37,26.18,14.7,4.01,0.046,TILAPIA
7.62,28.41,47.78,3.85,0.026,TILAPIA
6.29,23.03,67.58,5.78,0.031,CATFISH
7.13,26.05,16.71,6.52,0.027,ROHU
7.0,26.97,30.07,5.9,0.006,TILAPIA
7.8,13.46,3.84,10.92,0.003,SALMON
8.19,28.34,15.49,6.24,0.003,SHRIMP
8.82,31.58,12.77,4.83,0.03,TILAPIA
6.67,11.15,3.78,10.38,0.005,SALMON
6.64,13.98,2.63,9.17,0.002,TROUT
8.65,24.71,44.6,4.28,0.009,TILAPIA
7.63,20.51,19.62,4.54,0.015,CARP
6.9,28.47,57.16,5.29,0.031,CATFISH
7.5,25.44,14.56,4.52,0.017,CARP
8.37,25.25,17.46,6.71,0.012,SHRIMP
7.01,11.89,2.64,9.97,0.002,SALMON
6.53,14.14,5.3,8.2,0.003,TROUT
7.59,8.51,3.95,8.65,0.007,SALMON
7.78,27.89,15.79,6.08,0.012,SHRIMP
6.74,26.57,82.18,3.83,0.03,CATFISH
8.13,28.39,48.7,3.36,0.023,CATFISH
6.7,9.62,3.54,10.47,0.009,SALMON
6.88,29.64,19.75,4.87,0.03,TILAPIA
6.61,16.62,4.28,8.79,0.001,TROUT
7.52,28.3,17.87,6.42,0.0,SHRIMP
7.9,12.76,1.61,8.69,0.009,TROUT
8.22,25.54,40.0,5.17,0.079,CATFISH
7.79,13.82,9.95,9.04,0.001,TROUT
8.5,27.25,18.43,6.05,0.029,ROHU
8.44,21.76,20.33,7.25,0.023,ROHU
7.06,9.12,0.82,8.86,0.008,SALMON
7.62,11.64,3.05,8.79,0.003,SALMON
8.24,12.45,0.82,9.29,0.003,SALMON
6.04,24.5,71.17,2.98,0.043,CATFISH
7.51,10.21,3.65,10.62,0.009,SALMON
8.29,23.64,22.31,5.33,0.006,CARP
7.13,11.27,1.43,10.88,0.003,SALMON
6.72,10.79,5.8,8.88,0.004,TROUT
7.37,13.6,3.7,9.28,0.003,SALMON
6.77,10.8,0.55,9.0,0.008,TROUT
6.33,23.88,95.28,5.51,0.071,CATFISH
8.2,29.32,38.11,6.74,0.012,ROHU
7.7,26.28,15.14,6.22,0.019,SHRIMP
7.28,10.26,4.68,9.09,0.004,SALMON
8.12,25.96,19.52,7.74,0.003,SHRIMP
7.86,26.12,53.17,5.43,0.031,CATFISH
7.7,8.5,1.13,10.79,0.009,SALMON
7.7,8.75,2.54,10.21,0.01,SALMON
7.45,10.58,9.09,9.87,0.001,TROUT
7.0,29.72,22.6,4.23,0.008,TILAPIA
7.51,8.58,3.1,9.02,0.009,SALMON
7.7,25.45,29.43,5.82,0.001,TILAPIA
7.01,26.57,28.62,6.77,0.047,TILAPIA
7.61,30.05,12.24,6.98,0.01,SHRIMP
8.36,10.68,2.46,10.69,0.008,SALMON
8.0,26.24,63.71,4.88,0.086,CATFISH
8.14,27.65,25.69,5.32,0.04,ROHU
7.71,27.33,49.11,3.8,0.011,TILAPIA
7.57,27.55,35.17,6.09,0.005,ROHU
8.43,25.29,8.15,6.7,0.012,SHRIMP
7.81,10.68,1.41,10.17,0.009,SALMON
6.23,25.42,39.01,5.82,0.048,CATFISH
7.42,25.06,83.0,3.57,0.059,CATFISH
8.17,25.28,13.49,7.29,0.003,SHRIMP
7.92,14.81,3.95,8.73,0.009,SALMON
7.01,26.19,20.79,6.16,0.034,CARP
7.56,25.09,24.57,7.41,0.047,ROHU
6.75,23.01,88.98,3.77,0.066,CATFISH
7.17,20.76,32.31,6.43,0.042,ROHU
7.65,25.49,34.84,7.08,0.002,CARP
7.27,27.77,54.69,3.64,0.047,CATFISH
7.36,11.29,0.79,8.09,0.009,SALMON
7.52,26.94,19.79,7.19,0.02,ROHU
8.28,24.76,73.51,2.64,0.019,CATFISH
7.42,29.52,25.49,4.38,0.042,TILAPIA
7.36,22.08,22.51,6.92,0.014,ROHU
7.77,22.17,32.55,5.66,0.007,CATFISH
7.34,25.4,19.29,7.44,0.035,CARP
7.74,20.4,44.53,5.65,0.008,ROHU
7.21,28.69,33.47,4.78,0.042,TILAPIA
8.49,23.23,90.41,3.43,0.059,CATFISH
7.47,11.2,9.33,8.15,0.007,TROUT
8.49,25.08,27.9,6.32,0.015,TILAPIA
7.23,13.92,1.2,9.41,0.002,TROUT
7.51,27.68,10.61,4.13,0.022,TILAPIA
6.76,12.21,0.17,9.49,0.002,SALMON
7.28,10.11,0.19,9.92,0.002,TROUT
6.87,12.02,3.19,9.67,0.007,SALMON
7.39,24.07,28.8,5.39,0.002,ROHU
7.81,12.33,1.55,8.26,0.001,SALMON
8.13,22.52,11.3,5.24,0.016,CARP
6.59,9.66,4.45,8.03,0.002,SALMON
8.49,19.91,19.38,5.94,0.033,CARP
8.2,25.33,80.42,5.71,0.041,CATFISH
7.24,27.88,24.33,5.48,0.001,ROHU
7.64,14.35,0.61,9.6,0.009,SALMON
6.21,28.13,34.89,4.18,0.017,CATFISH
6.71,25.69,76.99,3.07,0.049,CATFISH
8.29,23.58,98.89,5.08,0.077,CATFISH
6.7,16.2,2.65,9.8,0.007,TROUT
8.01,25.46,9.59,6.97,0.005,SHRIMP
8.28,9.89,4.11,9.55,0.005,SALMON
7.43,25.37,12.1,7.46,0.025,CARP
7.57,10.42,8.6,8.37,0.003,TROUT
7.47,14.21,1.89,10.25,0.001,SALMON
8.4,27.22,61.93,3.89,0.032,CATFISH
7.61,25.8,33.14,4.91,0.046,CARP
7.26,21.45,22.64,7.24,0.006,ROHU
7.26,23.41,86.89,4.4,0.013,CATFISH
7.2,12.12,7.34,8.91,0.009,TROUT
7.61,30.6,7.75,5.76,0.008,SHRIMP
7.63,29.44,42.08,7.12,0.004,ROHU
7.65,28.67,13.49,7.14,0.019,SHRIMP
7.32,17.79,4.39,8.62,0.01,TROUT
8.46,26.59,13.3,7.79,0.021,CARP
7.61,24.37,31.76,4.35,0.024,TILAPIA
7.54,11.32,7.54,9.9,0.008,TROUT
7.9,26.95,39.76,4.67,0.024,ROHU
7.24,28.12,40.6,7.24,0.013,ROHU
8.13,27.37,8.81,7.95,0.02,SHRIMP
7.39,9.79,0.95,10.01,0.0,SALMON
7.12,21.91,26.59,5.95,0.018,ROHU
6.75,8.86,0.74,8.09,0.001,SALMON
7.25,24.76,40.34,5.42,0.029,TILAPIA
6.26,29.05,66.92,5.39,0.086,CATFISH
8.87,30.74,38.89,3.31,0.005,TILAPIA
8.11,28.7,45.83,5.61,0.017,TILAPIA
7.6,23.03,60.12,3.46,0.089,CATFISH
7.11,20.57,31.42,5.92,0.02,CARP
8.43,11.69,1.52,9.09,0.001,SALMON
8.45,12.25,0.6,8.96,0.009,SALMON
7.8,22.82,31.09,4.27,0.01,CARP
7.65,23.89,36.85,4.52,0.055,CATFISH
7.91,14.15,3.52,7.7,0.0,TROUT
6.79,17.68,1.43,8.53,0.008,TROUT
7.73,25.13,23.03,5.86,0.024,ROHU
7.67,14.45,6.46,7.04,0.002,TROUT
6.84,13.32,4.92,10.84,0.002,SALMON
6.59,24.16,75.83,3.87,0.019,CATFISH
7.65,30.13,12.72,5.32,0.014,SHRIMP
7.58,22.8,72.29,2.92,0.008,CATFISH
7.04,12.01,6.83,9.05,0.005,TROUT
8.49,28.37,15.31,5.98,0.002,SHRIMP
6.93,13.39,6.5,7.07,0.008,TROUT
7.84,27.39,39.38,4.89,0.001,ROHU
6.87,10.52,6.91,8.72,0.004,TROUT
7.67,11.59,2.48,9.0,0.001,SALMON
7.64,24.47,22.62,6.98,0.024,ROHU
8.16,24.39,43.51,2.91,0.062,CATFISH
8.04,23.9,27.47,5.91,0.018,ROHU
8.34,24.44,45.51,5.81,0.011,TILAPIA
7.36,13.72,4.21,9.56,0.009,SALMON
7.2,25.02,35.57,3.3,0.007,TILAPIA
7.93,16.18,8.42,9.28,0.002,TROUT
6.73,11.75,2.19,8.8,0.006,SALMON
6.73,26.33,49.35,6.84,0.016,TILAPIA
7.98,27.2,18.71,6.1,0.007,SHRIMP
8.24,13.84,4.17,10.09,0.003,SALMON
6.58,14.1,2.56,9.19,0.005,SALMON
6.35,26.35,30.56,2.83,0.005,CATFISH
7.6,27.97,26.15,5.71,0.021,TILAPIA
8.42,14.19,4.67,10.58,0.007,SALMON
7.85,28.61,17.35,4.72,0.043,ROHU
8.43,22.05,25.19,7.89,0.014,CARP
8.06,30.68,11.22,5.98,0.012,SHRIMP
6.96,25.79,29.75,6.85,0.038,TILAPIA
8.05,24.28,46.74,5.25,0.006,CATFISH
7.58,15.26,9.59,9.79,0.008,TROUT
7.46,26.38,74.83,3.41,0.008,CATFISH
7.75,11.19,4.56,8.48,0.0,TROUT
8.24,26.31,18.77,7.5,0.039,CARP
8.48,19.67,11.4,7.12,0.013,CARP
8.1,25.63,13.59,6.5,0.017,SHRIMP
8.08,27.6,17.55,5.03,0.026,TILAPIA
8.05,22.23,74.16,3.72,0.029,CATFISH
8.29,14.44,0.28,10.46,0.0,SALMON
7.93,14.98,7.07,7.89,0.004,TROUT
7.87,25.14,37.5,6.82,0.034,CARP
7.94,12.73,3.53,9.47,0.004,SALMON
8.06,26.87,61.1,5.8,0.005,CATFISH
8.49,29.1,86.73,3.81,0.023,CATFISH
6.7,27.34,42.37,4.53,0.09,CATFISH
8.1,28.78,84.01,5.58,0.081,CATFISH
7.81,26.07,18.53,6.19,0.005,SHRIMP
7.96,18.51,37.79,7.85,0.009,CARP
6.68,13.11,1.74,10.04,0.004,SALMON
7.6,31.21,40.03,4.95,0.03,TILAPIA
8.22,28.7,91.79,5.73,0.01,CATFISH
6.61,8.17,2.25,9.0,0.004,SALMON
6.83,12.82,2.57,8.6,0.003,SALMON
7.95,22.16,92.33,4.49,0.081,CATFISH
8.38,29.73,36.78,4.91,0.032,TILAPIA
8.09,28.42,23.97,5.45,0.034,ROHU
7.46,15.54,8.71,8.03,0.008,TROUT
7.14,14.82,4.93,9.54,0.009,SALMON
8.91,24.59,12.14,6.75,0.026,TILAPIA
7.33,15.92,4.99,7.82,0.002,TROUT
7.46,26.38,12.17,7.52,0.013,CARP
7.87,19.27,23.86,7.38,0.045,CARP
7.19,31.97,40.03,5.58,0.018,TILAPIA
8.19,21.4,10.2,5.92,0.001,CARP
6.58,26.93,19.48,4.79,0.004,TILAPIA
6.79,12.87,0.71,9.92,0.001,SALMON
8.4,18.05,32.45,7.61,0.007,CARP
7.64,29.34,31.27,6.08,0.007,ROHU
8.53,24.7,35.35,6.66,0.01,TILAPIA
7.87,19.63,30.23,4.53,0.04,CARP
7.2,14.8,1.71,9.22,0.003,TROUT
6.82,27.57,42.61,6.56,0.026,TILAPIA
7.87,24.1,91.72,5.62,0.02,CATFISH
7.12,25.77,43.09,7.1,0.049,ROHU
6.71,25.02,37.21,5.02,0.05,CATFISH
8.22,10.09,4.62,8.69,0.007,SALMON
8.11,14.28,2.59,9.37,0.0,SALMON
8.1,26.29,21.75,4.6,0.043,TILAPIA
6.55,12.07,2.74,8.66,0.004,SALMON
7.9,11.63,1.47,9.57,0.007,TROUT
7.4,20.38,18.69,7.46,0.016,ROHU
7.57,27.91,17.43,6.03,0.042,CARP
6.56,22.45,37.24,4.01,0.023,CATFISH
7.67,12.37,3.27,8.21,0.006,SALMON
6.95,25.29,80.93,4.08,0.086,CATFISH
6.78,13.49,3.92,8.22,0.001,TROUT
7.31,28.77,19.75,5.87,0.03,ROHU
8.34,27.83,11.17,5.71,0.015,SHRIMP
7.2,16.57,6.15,9.5,0.005,TROUT
8.37,21.18,34.37,5.25,0.042,ROHU
7.24,13.37,4.11,7.69,0.001,TROUT
7.11,12.32,0.15,8.72,0.004,TROUT
8.46,19.94,20.37,5.43,0.0,CARP
7.62,12.63,6.11,9.61,0.0,TROUT
7.34,21.89,22.48,6.99,0.005,CARP
7.85,22.94,31.96,5.54,0.047,CARP
7.3,9.05,2.52,10.4,0.004,SALMON
7.98,30.38,19.74,6.2,0.008,SHRIMP
7.37,11.77,2.69,9.41,0.0,TROUT
6.96,12.34,8.11,7.26,0.008,TROUT
8.23,27.59,15.2,6.83,0.015,SHRIMP
6.3,22.91,58.77,4.77,0.071,CATFISH
7.58,30.64,8.91,7.56,0.017,SHRIMP
7.14,20.95,36.85,5.47,0.049,ROHU
7.39,21.22,30.29,6.26,0.018,ROHU
7.84,26.48,21.29,4.94,0.045,ROHU
7.75,13.1,4.66,8.84,0.01,SALMON
7.12,26.93,38.54,6.98,0.046,ROHU
8.25,21.5,16.16,7.14,0.016,ROHU
8.47,26.98,13.86,4.1,0.034,CARP
7.34,14.27,4.91,9.91,0.002,SALMON
6.55,17.32,3.52,8.23,0.0,TROUT
7.92,9.4,1.06,10.06,0.002,SALMON
7.72,21.23,35.17,5.19,0.033,CARP
7.98,22.28,23.22,5.44,0.006,ROHU
7.57,24.08,50.47,4.97,0.074,CATFISH
7.72,22.77,94.58,4.49,0.036,CATFISH
7.39,24.94,11.19,7.36,0.022,CARP
7.3,11.65,2.01,8.9,0.008,SALMON
7.96,30.36,12.47,7.53,0.016,SHRIMP
7.41,13.22,1.07,8.03,0.008,SALMON
8.21,23.53,34.27,5.24,0.005,ROHU
8.28,27.77,23.07,6.94,0.027,ROHU
8.47,22.68,16.23,6.62,0.023,ROHU
8.31,26.63,12.07,7.13,0.009,SHRIMP
6.76,17.68,6.93,9.4,0.004,TROUT
7.68,28.86,9.92,7.58,0.002,SHRIMP
8.42,19.7,38.97,4.06,0.024,CARP
8.55,25.67,19.64,3.52,0.036,TILAPIA
7.71,28.67,47.5,4.63,0.059,CATFISH
8.4,29.51,25.84,6.83,0.037,ROHU
8.21,29.29,48.02,5.92,0.003,TILAPIA
7.36,21.73,16.91,6.24,0.007,CARP
8.33,10.86,3.74,8.34,0.002,SALMON
8.47,25.11,33.32,5.3,0.06,CATFISH
7.14,11.58,6.27,9.05,0.001,TROUT
8.47,28.98,11.12,5.84,0.015,SHRIMP
8.24,23.95,33.82,7.96,0.034,CARP
7.98,22.83,15.01,4.88,0.047,ROHU
6.56,11.64,2.84,9.68,0.005,SALMON
8.02,18.64,21.89,7.86,0.027,CARP
8.19,25.32,58.19,2.63,0.055,CATFISH
6.54,10.13,4.61,8.96,0.003,SALMON
7.51,11.57,8.96,7.32,0.007,TROUT
7.57,13.08,4.02,9.35,0.01,TROUT
7.23,27.78,95.64,2.82,0.002,CATFISH
8.03,24.36,20.84,6.95,0.04,ROHU
6.95,15.1,2.88,7.71,0.007,TROUT
6.61,14.08,1.47,8.01,0.002,SALMON
6.72,23.19,46.87,5.78,0.052,CATFISH
6.05,23.08,78.66,2.92,0.023,CATFISH
7.82,29.06,9.34,6.73,0.001,SHRIMP
7.5,30.59,6.66,6.22,0.015,SHRIMP
6.82,24.47,22.22,3.63,0.009,TILAPIA
8.3,13.12,1.83,8.32,0.007,SALMON
7.44,27.33,41.14,5.08,0.005,ROHU
7.01,11.35,5.82,9.93,0.008,TROUT
7.29,11.62,4.52,9.39,0.006,TROUT
7.94,26.52,18.64,5.31,0.001,SHRIMP
7.57,15.42,0.24,8.24,0.003,TROUT
7.22,12.67,0.2,9.17,0.008,SALMON
8.47,18.11,28.68,5.65,0.043,CARP
8.95,28.91,41.74,3.34,0.009,TILAPIA
8.25,22.28,52.39,4.59,0.06,CATFISH
7.72,12.87,1.71,8.32,0.001,SALMON
8.21,27.19,41.45,2.62,0.014,CATFISH
6.55,10.35,4.88,10.62,0.003,SALMON
7.99,23.02,93.23,4.85,0.09,CATFISH
8.44,12.85,0.35,8.57,0.008,SALMON
8.25,27.56,30.95,4.83,0.001,CARP
6.65,27.67,45.04,2.64,0.02,CATFISH
8.49,29.55,16.9,6.85,0.02,SHRIMP
6.07,26.84,57.7,3.55,0.087,CATFISH
6.76,10.47,1.05,7.55,0.003,TROUT
7.6,24.52,43.01,3.5,0.045,TILAPIA
8.36,19.11,15.31,5.71,0.006,CARP
7.96,25.7,95.87,4.2,0.046,CATFISH
7.94,25.31,15.0,3.11,0.001,TILAPIA
8.38,30.49,11.31,4.87,0.032,TILAPIA
8.46,30.0,12.35,7.29,0.017,SHRIMP
6.92,14.25,0.52,7.48,0.008,TROUT
7.4,24.08,35.05,5.82,0.033,TILAPIA
8.47,28.95,14.52,3.63,0.022,TILAPIA
8.11,28.23,12.03,5.88,0.006,SHRIMP
6.74,12.73,3.24,8.76,0.001,TROUT
7.14,27.93,49.02,4.33,0.03,TILAPIA
7.93,16.13,9.7,9.24,0.002,TROUT
7.37,12.86,2.75,9.42,0.004,TROUT
8.43,28.5,13.08,6.36,0.004,SHRIMP
7.64,20.66,15.05,6.07,0.017,ROHU
7.53,22.52,14.01,4.19,0.039,CARP
7.64,11.2,5.72,7.76,0.002,TROUT
7.63,27.83,23.05,6.59,0.0,ROHU
6.58,29.7,11.85,4.06,0.025,TILAPIA
7.37,22.5,10.66,6.56,0.021,CARP
8.25,25.32,13.14,5.78,0.012,SHRIMP
7.91,30.87,14.7,6.14,0.034,TILAPIA
8.24,27.53,47.8,3.57,0.032,TILAPIA
7.77,11.63,7.43,9.06,0.008,TROUT
8.3,30.97,8.79,6.31,0.01,SHRIMP
6.52,11.76,2.82,8.33,0.002,TROUT
7.56,10.68,6.5,8.96,0.01,TROUT
7.99,25.66,11.29,5.95,0.001,SHRIMP
6.68,11.6,1.16,8.54,0.008,SALMON
7.67,31.51,17.43,6.91,0.05,TILAPIA
6.78,8.16,4.35,9.66,0.006,SALMON
7.66,27.53,85.09,2.91,0.036,CATFISH
8.35,14.19,2.26,10.57,0.0,SALMON
7.38,27.56,37.7,5.83,0.042,CARP
7.23,16.35,6.61,7.32,0.005,TROUT
7.82,27.13,34.88,6.87,0.005,TILAPIA
7.34,16.3,5.41,7.97,0.001,TROUT
8.43,25.34,29.85,7.27,0.006,CARP
7.39,12.68,8.16,9.41,0.008,TROUT
6.69,14.4,0.46,9.94,0.004,SALMON
8.49,28.38,10.35,5.86,0.005,SHRIMP
6.93,31.18,36.25,6.53,0.024,TILAPIA
7.12,24.88,24.44,5.11,0.048,ROHU
7.47,26.29,20.74,6.44,0.003,TILAPIA
6.99,15.27,2.94,7.65,0.002,TROUT
7.83,11.77,4.64,8.41,0.009,TROUT
8.49,28.3,22.39,3.58,0.037,TILAPIA
7.98,20.09,42.83,4.7,0.018,ROHU
8.14,27.35,38.57,6.44,0.008,TILAPIA
7.73,24.31,12.39,5.95,0.008,CARP
7.55,31.29,49.73,3.42,0.012,TILAPIA
8.46,25.59,5.22,5.48,0.02,SHRIMP
7.37,17.89,6.36,9.5,0.008,TROUT
8.66,26.27,37.47,5.7,0.011,TILAPIA
7.86,31.83,42.4,5.22,0.047,TILAPIA
7.41,14.83,8.27,8.28,0.003,TROUT
7.61,11.47,1.53,10.78,0.006,SALMON
6.53,23.58,58.89,3.3,0.058,CATFISH
7.1,25.83,92.79,3.88,0.095,CATFISH
7.08,25.3,32.49,4.24,0.055,CATFISH
6.03,23.37,75.76,2.59,0.006,CATFISH
6.34,25.98,44.99,2.71,0.033,CATFISH
7.48,23.19,57.92,5.67,0.1,CATFISH
6.76,14.85,3.37,8.76,0.003,TROUT
7.81,28.64,12.86,5.07,0.016,SHRIMP
6.03,26.15,72.4,5.87,0.059,CATFISH
7.62,22.59,20.5,6.51,0.039,CARP
7.16,28.04,39.76,5.01,0.003,TILAPIA
8.11,10.03,3.32,9.28,0.009,SALMON
7.79,26.92,41.5,5.99,0.016,ROHU
7.9,13.09,4.71,10.5,0.006,SALMON
7.04,26.85,21.36,3.7,0.037,TILAPIA
7.58,27.82,21.73,4.32,0.004,CARP
7.08,9.12,1.41,8.7,0.007,SALMON
7.76,19.5,13.12,4.49,0.005,CARP
7.87,23.58,84.41,5.41,0.036,CATFISH
6.85,12.62,2.1,8.48,0.0,TROUT
8.11,9.77,1.24,9.77,0.001,SALMON
6.75,10.79,0.85,8.76,0.003,SALMON
7.54,28.21,15.57,6.02,0.002,SHRIMP
8.27,27.03,7.15,7.57,0.006,SHRIMP
7.37,11.17,0.08,8.35,0.002,SALMON
7.5,17.17,0.58,7.42,0.007,TROUT
7.49,18.23,25.01,5.93,0.008,CARP
8.03,9.81,2.4,10.98,0.007,SALMON
7.62,25.68,11.22,4.49,0.01,CARP
8.27,23.46,34.64,6.63,0.029,ROHU
7.47,22.6,17.1,6.51,0.015,CARP
8.32,23.02,34.51,5.49,0.02,ROHU
7.96,24.49,36.22,3.03,0.039,TILAPIA
6.58,11.52,2.92,10.76,0.0,SALMON
7.45,23.6,10.25,4.33,0.006,CARP
8.37,12.6,2.2,8.13,0.009,SALMON
8.0,25.87,18.8,6.32,0.02,SHRIMP
6.63,12.02,3.11,9.52,0.008,SALMON
8.12,25.08,15.43,6.25,0.011,SHRIMP
7.88,12.46,3.58,8.67,0.001,SALMON
8.39,21.13,17.85,5.5,0.019,ROHU
8.13,14.53,4.69,10.74,0.005,SALMON
8.03,25.25,30.94,5.24,0.005,CARP
7.59,19.75,35.46,5.19,0.03,CARP
7.48,25.79,17.25,7.33,0.018,ROHU
7.18,8.14,1.82,9.59,0.009,SALMON
7.76,11.88,4.93,10.2,0.008,SALMON
8.31,25.12,17.46,5.43,0.019,SHRIMP
7.67,23.71,25.81,4.15,0.031,CARP
6.89,28.75,33.74,3.66,0.006,TILAPIA
7.16,22.21,31.81,4.43,0.01,CARP
7.61,22.7,92.55,3.86,0.031,CATFISH
8.45,21.15,24.43,6.93,0.013,ROHU
7.67,17.45,2.46,8.73,0.003,TROUT
6.84,13.33,3.87,10.63,0.0,SALMON
8.35,28.66,17.8,5.79,0.01,SHRIMP
8.14,31.63,41.01,6.21,0.027,TILAPIA
7.93,28.3,15.18,6.82,0.008,SHRIMP
7.36,11.88,1.64,10.16,0.006,SALMON
7.39,25.6,33.21,5.82,0.031,CARP
8.04,21.76,38.28,7.27,0.029,CARP
8.11,29.44,32.35,5.5,0.005,TILAPIA
6.83,14.84,0.54,10.8,0.009,SALMON
7.38,26.9,40.56,6.18,0.027,ROHU
7.95,27.99,33.18,4.15,0.018,TILAPIA
8.15,31.32,13.6,6.08,0.031,TILAPIA
7.54,28.95,9.09,7.61,0.01,SHRIMP
7.15,26.73,25.23,7.23,0.018,CARP
6.58,9.97,1.22,9.68,0.0,SALMON
7.8,22.86,89.23,5.08,0.021,CATFISH
7.82,30.86,8.85,6.37,0.001,SHRIMP
7.29,25.46,99.42,5.75,0.031,CATFISH
6.56,12.52,5.76,9.85,0.009,TROUT
8.21,26.77,13.72,7.83,0.016,SHRIMP
7.59,25.04,28.93,5.26,0.025,ROHU
7.55,28.58,22.99,6.04,0.005,ROHU
7.05,15.93,7.84,9.29,0.007,TROUT
8.26,29.97,41.79,5.99,0.022,TILAPIA
6.78,10.79,4.9,8.68,0.006,SALMON
7.11,22.88,31.06,6.05,0.044,CARP
8.37,26.14,25.59,7.09,0.026,CARP
7.49,27.16,19.06,5.37,0.007,ROHU
7.58,27.94,20.62,5.82,0.04,TILAPIA
7.69,23.26,29.27,6.31,0.049,ROHU
8.29,28.89,29.04,6.47,0.045,ROHU
8.73,29.75,33.4,5.76,0.047,TILAPIA
7.11,29.97,30.83,4.07,0.039,TILAPIA
8.49,27.8,41.73,4.44,0.047,TILAPIA
6.5,29.69,65.8,5.07,0.041,CATFISH
7.76,20.63,40.02,6.85,0.009,ROHU
6.34,25.97,41.84,2.94,0.093,CATFISH
7.14,9.68,2.78,8.32,0.009,SALMON
7.87,30.76,17.31,7.56,0.003,SHRIMP
6.83,26.13,27.54,3.12,0.039,TILAPIA
7.18,25.6,19.27,6.19,0.028,TILAPIA
7.14,13.26,1.14,9.03,0.007,TROUT
8.49,26.36,9.66,7.95,0.017,SHRIMP
7.02,27.34,34.29,7.35,0.005,CARP
7.81,19.53,25.17,5.65,0.044,CARP
7.9,22.76,37.99,4.3,0.025,CARP
8.43,27.25,8.62,6.66,0.016,SHRIMP
7.45,14.77,3.18,8.35,0.002,TROUT
7.63,25.56,13.84,6.6,0.005,SHRIMP
7.95,28.01,12.81,6.35,0.005,SHRIMP
7.69,24.98,47.12,4.82,0.037,TILAPIA
6.73,15.0,3.39,7.38,0.004,TROUT
7.74,27.59,79.28,4.22,0.091,CATFISH
7.28,20.69,26.03,7.33,0.02,CARP
7.37,23.04,38.12,5.48,0.012,ROHU
7.98,12.1,2.55,9.32,0.004,TROUT
7.58,28.49,33.13,3.54,0.028,CATFISH
6.72,24.48,66.53,4.82,0.038,CATFISH
8.12,14.84,3.22,8.83,0.01,SALMON
7.53,13.78,4.08,10.8,0.008,SALMON
7.72,13.74,2.02,8.66,0.005,SALMON
7.97,28.44,11.67,7.01,0.013,SHRIMP
8.3,30.66,6.48,5.8,0.01,SHRIMP
7.01,10.51,1.8,9.3,0.005,TROUT
7.66,27.11,8.97,6.05,0.014,SHRIMP
8.76,28.82,29.72,6.14,0.047,TILAPIA
7.95,9.47,4.42,9.85,0.004,SALMON
6.61,17.82,8.44,7.53,0.009,TROUT
8.04,27.66,28.24,6.65,0.019,ROHU
7.94,9.22,2.95,10.09,0.003,SALMON
8.27,11.3,1.91,8.75,0.006,SALMON
7.31,27.17,26.27,5.24,0.011,TILAPIA
7.3,20.78,38.64,7.01,0.008,ROHU
7.72,26.16,88.12,3.97,0.019,CATFISH
7.1,26.03,34.27,4.98,0.031,CARP
8.17,19.92,11.5,7.49,0.004,CARP
7.41,27.23,94.58,2.7,0.003,CATFISH
6.95,14.62,3.76,8.6,0.009,TROUT
7.5,12.71,0.71,8.74,0.007,TROUT
8.32,27.02,10.32,3.04,0.023,TILAPIA
7.03,26.87,23.82,6.18,0.015,ROHU
6.03,22.77,50.8,2.69,0.06,CATFISH
7.24,24.71,32.62,4.44,0.023,CARP
7.78,13.39,0.71,10.5,0.0,SALMON
7.92,23.75,44.53,4.59,0.05,ROHU
8.19,11.03,4.14,10.47,0.002,SALMON
8.15,32.0,20.52,5.3,0.035,TILAPIA
7.0,25.15,15.14,4.42,0.012,CARP
8.46,20.14,33.04,6.19,0.007,ROHU
7.82,27.69,14.39,5.44,0.004,SHRIMP
7.11,24.73,34.76,5.22,0.05,CARP
7.71,22.16,81.49,4.2,0.081,CATFISH
8.29,29.77,21.3,6.34,0.016,TILAPIA
7.88,14.19,1.03,10.75,0.008,SALMON
8.32,22.8,18.18,4.84,0.015,ROHU
6.02,28.02,37.45,2.79,0.0,CATFISH
7.15,21.63,25.04,4.17,0.017,CARP
8.33,28.43,13.76,5.63,0.001,SHRIMP
7.71,28.1,16.04,6.67,0.019,SHRIMP
8.4,9.26,0.13,8.12,0.006,SALMON
7.82,23.32,12.28,6.79,0.031,CARP
6.86,15.14,2.76,7.65,0.003,TROUT
7.72,14.57,3.36,8.22,0.005,SALMON
8.47,19.72,20.72,6.92,0.048,CARP
7.54,26.45,22.55,5.76,0.032,CARP
7.9,20.71,17.08,5.13,0.015,ROHU
7.7,21.34,13.22,4.58,0.002,CARP
8.07,22.78,79.28,3.68,0.031,CATFISH
8.15,29.96,6.6,6.51,0.014,SHRIMP
8.26,13.87,2.91,8.75,0.007,SALMON
7.01,14.97,8.91,8.49,0.008,TROUT
8.18,23.25,44.45,4.91,0.035,CATFISH
7.79,27.94,33.56,3.27,0.027,CATFISH
7.84,25.09,7.3,6.26,0.001,SHRIMP
7.11,12.84,7.91,8.53,0.001,TROUT
6.99,24.1,56.28,4.24,0.034,CATFISH
7.1,10.15,7.72,7.51,0.0,TROUT
7.22,13.79,0.11,8.73,0.002,SALMON
7.67,27.23,27.98,6.89,0.043,TILAPIA
7.88,14.57,3.61,8.57,0.004,SALMON
7.71,29.18,26.61,6.19,0.04,ROHU
7.73,30.97,19.35,7.53,0.014,SHRIMP
7.66,24.29,43.92,5.78,0.002,CATFISH
7.7,16.33,1.93,9.0,0.001,TROUT
7.56,26.72,38.47,6.09,0.029,ROHU
7.56,11.58,4.77,9.44,0.007,SALMON
6.93,29.22,94.22,5.76,0.027,CATFISH
7.14,26.1,11.57,4.22,0.037,TILAPIA
7.32,12.05,1.96,9.73,0.005,SALMON
7.08,11.28,3.98,8.74,0.009,TROUT
8.09,27.86,9.89,7.16,0.001,SHRIMP
8.32,28.32,11.76,5.86,0.006,SHRIMP
6.52,12.2,1.09,8.98,0.003,TROUT
7.93,28.31,8.46,7.23,0.011,SHRIMP
8.17,22.15,36.47,6.9,0.017,ROHU
8.47,30.65,17.98,6.5,0.003,SHRIMP
8.36,26.55,8.4,6.44,0.01,SHRIMP
7.97,8.52,3.15,10.38,0.001,SALMON
7.79,27.89,39.68,5.88,0.082,CATFISH
7.94,25.05,28.3,4.07,0.042,TILAPIA
8.34,27.57,15.9,6.53,0.012,SHRIMP
7.46,10.07,0.33,9.56,0.007,TROUT
8.03,27.92,24.2,4.61,0.047,ROHU
7.79,10.39,3.9,9.73,0.01,SALMON
6.86,17.93,1.97,8.73,0.009,TROUT
8.09,26.57,36.97,5.57,0.041,ROHU
8.26,26.6,12.15,7.47,0.005,SHRIMP
7.34,13.56,2.32,9.61,0.01,SALMON
7.32,8.75,4.53,8.12,0.004,SALMON
7.86,30.15,13.57,3.84,0.025,TILAPIA
6.7,30.1,33.38,3.15,0.024,TILAPIA
7.86,27.26,29.36,5.66,0.047,CARP
8.28,30.83,12.0,5.92,0.009,SHRIMP
7.61,15.0,9.86,8.6,0.001,TROUT
7.53,25.5,9.4,7.63,0.015,SHRIMP
7.65,26.92,24.12,5.55,0.038,TILAPIA
7.98,30.97,19.7,7.65,0.011,SHRIMP
8.43,29.29,26.37,6.58,0.008,TILAPIA
8.29,22.4,40.87,5.26,0.036,CATFISH
7.68,13.27,8.23,9.04,0.008,TROUT
8.2,10.57,2.96,9.51,0.006,SALMON
8.03,29.42,17.58,7.85,0.017,SHRIMP
7.4,24.66,40.85,5.47,0.052,CATFISH
8.16,31.83,39.14,5.57,0.017,TILAPIA
8.37,21.75,23.58,6.05,0.013,ROHU
8.1,25.53,5.87,6.12,0.014,SHRIMP
7.44,28.58,69.39,5.88,0.022,CATFISH
7.51,17.13,8.04,7.55,0.003,TROUT
6.9,14.93,4.01,10.24,0.008,SALMON
7.94,12.76,4.15,8.12,0.0,SALMON
7.71,24.11,42.9,5.53,0.048,ROHU
6.5,25.35,11.22,4.31,0.045,TILAPIA
8.25,27.83,7.25,5.79,0.019,SHRIMP
7.04,22.34,18.33,7.48,0.03,CARP
7.77,9.64,2.89,9.94,0.007,SALMON
7.47,25.68,44.45,7.19,0.048,ROHU
7.16,24.73,35.31,7.12,0.037,ROHU
7.0,24.64,43.48,3.32,0.005,TILAPIA
6.77,14.4,2.35,9.71,0.009,SALMON
7.08,12.01,1.66,8.05,0.007,TROUT
8.1,13.54,4.89,10.36,0.008,SALMON
7.37,25.93,69.58,5.0,0.011,CATFISH
7.11,10.36,2.84,10.49,0.009,SALMON
7.61,25.49,29.41,6.32,0.048,TILAPIA
7.19,25.79,34.95,5.82,0.048,ROHU
8.06,26.95,9.4,5.1,0.016,SHRIMP
7.96,31.58,29.4,6.62,0.042,TILAPIA
8.4,30.68,10.96,5.65,0.007,SHRIMP
7.27,27.14,32.53,7.73,0.016,CARP
8.14,29.58,16.39,7.66,0.015,SHRIMP
7.83,28.02,5.21,5.02,0.005,SHRIMP
8.43,12.23,3.75,10.81,0.006,SALMON
8.1,21.52,42.37,7.18,0.033,ROHU
7.77,28.03,19.63,6.85,0.019,SHRIMP
6.86,29.15,50.41,4.47,0.01,CATFISH
8.49,8.08,1.5,9.87,0.005,SALMON
7.73,25.01,16.36,7.96,0.016,SHRIMP
8.05,22.66,25.36,4.55,0.017,CARP
8.28,28.16,9.75,5.77,0.001,SHRIMP
7.72,12.92,2.26,8.73,0.009,SALMON
7.76,26.94,38.09,7.23,0.032,CARP
7.84,25.77,12.85,6.9,0.012,SHRIMP
8.47,25.88,31.71,6.47,0.025,ROHU
7.92,25.1,14.27,5.19,0.002,SHRIMP
7.24,23.72,40.41,6.98,0.019,ROHU
6.66,24.42,48.81,4.36,0.061,CATFISH
7.32,9.48,2.41,9.02,0.005,SALMON
6.98,11.34,2.63,7.11,0.007,TROUT
7.44,12.02,6.69,9.24,0.009,TROUT
8.01,8.14,1.25,10.67,0.007,SALMON
8.29,21.45,40.12,4.55,0.032,ROHU
7.3,21.08,28.2,4.87,0.024,ROHU
6.8,29.19,32.69,5.21,0.002,TILAPIA
8.42,30.21,10.55,5.21,0.018,SHRIMP
7.3,28.86,57.4,5.61,0.024,CATFISH
7.99,27.94,13.08,5.77,0.007,SHRIMP
7.85,16.67,5.54,8.85,0.005,TROUT
8.42,25.75,11.28,6.03,0.01,SHRIMP
7.96,25.13,8.41,6.43,0.008,SHRIMP
6.6,16.1,4.27,8.88,0.007,TROUT
7.12,14.31,2.5,9.67,0.003,TROUT
7.77,17.0,1.71,7.41,0.006,TROUT
6.55,31.11,19.08,6.72,0.036,TILAPIA
7.83,9.71,3.58,9.79,0.002,SALMON
6.98,11.28,2.05,9.37,0.002,TROUT
7.76,14.83,1.66,8.36,0.006,SALMON
8.45,12.9,2.51,8.5,0.007,SALMON
8.02,27.25,43.95,5.28,0.001,ROHU
7.45,12.7,3.04,9.25,0.004,SALMON
7.16,14.02,2.37,10.4,0.006,SALMON
7.02,13.35,0.17,8.09,0.003,TROUT
7.71,23.18,23.0,7.4,0.008,ROHU
6.7,13.87,4.66,8.97,0.009,SALMON
7.6,27.35,10.35,6.35,0.025,CARP
6.82,12.17,3.04,8.54,0.007,TROUT
7.73,10.34,4.71,8.19,0.003,TROUT
8.31,28.67,16.69,7.16,0.01,SHRIMP
7.72,24.24,34.91,5.44,0.022,CARP
8.49,25.65,82.42,4.84,0.099,CATFISH
6.83,14.69,3.34,8.18,0.007,SALMON
6.97,15.42,4.84,9.93,0.009,TROUT
7.23,20.51,32.15,7.22,0.014,CARP
8.5,26.55,15.86,7.72,0.005,SHRIMP
7.97,24.17,23.93,7.24,0.01,ROHU
7.92,11.72,2.39,8.67,0.007,SALMON
7.63,28.01,22.61,5.77,0.039,ROHU
7.36,22.14,16.98,5.97,0.044,CARP
8.11,27.12,10.0,5.11,0.003,SHRIMP
7.13,27.34,24.02,6.44,0.006,TILAPIA
8.47,27.73,17.44,7.93,0.017,SHRIMP
8.43,28.13,12.31,6.73,0.014,SHRIMP
7.65,13.76,3.17,8.87,0.007,TROUT
7.66,29.45,13.99,5.17,0.016,SHRIMP
6.51,27.04,42.74,4.47,0.03,TILAPIA
7.19,27.71,26.65,4.73,0.007,CARP
7.24,11.43,5.13,9.44,0.008,TROUT
8.64,29.27,27.38,4.39,0.001,TILAPIA
7.64,26.86,13.54,5.74,0.01,SHRIMP
7.79,11.82,0.26,10.24,0.005,SALMON
8.92,28.87,25.98,5.58,0.02,TILAPIA
6.67,26.72,72.71,3.04,0.079,CATFISH
8.43,18.72,18.86,4.77,0.028,CARP
7.12,22.18,26.78,4.75,0.022,CARP
8.12,20.05,18.79,5.38,0.037,CARP
7.16,28.38,19.58,4.75,0.032,ROHU
7.98,15.28,7.33,8.17,0.004,TROUT
7.52,24.94,32.79,7.41,0.049,CARP
8.22,27.37,15.16,6.43,0.02,SHRIMP
7.5,24.27,91.64,3.65,0.029,CATFISH
7.75,27.22,5.3,6.57,0.01,SHRIMP
7.52,25.1,12.8,7.09,0.019,SHRIMP
6.76,24.42,27.44,5.49,0.042,TILAPIA
6.83,29.71,27.42,4.18,0.003,TILAPIA
7.94,15.88,7.48,7.76,0.004,TROUT
6.6,13.94,0.05,10.81,0.006,SALMON
6.35,22.2,85.77,4.6,0.071,CATFISH
6.75,14.23,5.9,7.89,0.0,TROUT
7.04,24.53,31.27,3.25,0.038,TILAPIA
7.41,11.59,3.57,8.82,0.001,SALMON
6.42,27.59,84.62,3.66,0.032,CATFISH
7.86,29.92,38.24,5.14,0.034,TILAPIA
7.59,25.76,17.4,7.59,0.009,SHRIMP
7.84,10.25,7.48,9.28,0.01,TROUT
7.45,25.96,20.07,4.01,0.048,CARP
7.72,21.05,33.37,6.71,0.038,ROHU
7.3,29.27,34.93,4.98,0.011,TILAPIA
7.65,24.02,32.27,6.25,0.037,ROHU
7.57,25.1,10.6,6.28,0.017,CARP
6.79,17.53,5.21,9.99,0.005,TROUT
7.65,29.29,32.71,6.39,0.042,ROHU
7.69,26.35,9.07,6.35,0.013,SHRIMP
7.19,26.24,22.3,7.96,0.024,CARP
8.19,27.82,16.44,4.28,0.011,TILAPIA
7.21,27.77,33.78,5.73,0.013,ROHU
7.52,27.01,7.76,7.04,0.001,SHRIMP
6.92,14.64,1.68,8.98,0.009,SALMON
7.47,16.97,7.48,9.61,0.005,TROUT
7.38,29.3,32.82,6.9,0.02,ROHU
8.31,19.35,15.18,5.43,0.015,CARP
8.44,24.54,35.14,6.1,0.01,CARP
7.45,26.94,58.36,3.57,0.068,CATFISH
8.44,22.44,32.65,7.0,0.013,CARP
7.55,27.88,20.25,5.11,0.015,TILAPIA
8.39,30.09,19.89,7.04,0.019,SHRIMP
6.98,17.16,4.97,8.8,0.002,TROUT
7.81,24.46,31.94,5.91,0.002,ROHU
7.52,12.98,2.11,9.95,0.003,SALMON
8.2,25.6,18.63,5.65,0.004,SHRIMP
7.33,25.49,23.11,6.82,0.028,CARP
7.9,20.15,25.59,4.93,0.046,ROHU
7.89,26.36,17.7,5.93,0.02,SHRIMP
7.1,27.55,15.79,7.53,0.04,CARP
7.05,25.45,14.0,4.53,0.001,CARP
6.75,17.86,0.96,8.77,0.006,TROUT
7.82,22.75,76.16,3.61,0.075,CATFISH
7.91,29.78,32.63,3.5,0.02,CATFISH
7.55,29.5,24.87,4.78,0.05,ROHU
7.73,25.16,56.07,4.1,0.018,CATFISH
7.83,18.25,28.12,4.58,0.04,CARP
7.02,30.21,29.46,3.9,0.01,TILAPIA
8.11,25.27,16.28,5.24,0.013,SHRIMP
8.38,30.21,11.77,5.05,0.009,SHRIMP
7.39,27.21,40.79,4.76,0.018,CATFISH
8.0,25.27,7.79,7.8,0.02,SHRIMP
7.0,9.82,3.23,8.35,0.009,SALMON
7.49,25.78,78.88,4.02,0.02,CATFISH
7.77,29.01,17.1,5.49,0.009,SHRIMP
8.46,28.01,18.75,7.12,0.014,SHRIMP
7.58,23.86,92.82,5.52,0.051,CATFISH
7.35,30.55,15.23,3.69,0.017,TILAPIA
7.75,25.11,15.49,6.93,0.008,SHRIMP
7.91,17.89,0.89,7.87,0.004,TROUT
8.04,29.66,9.82,6.07,0.005,SHRIMP
7.91,12.04,4.45,10.1,0.002,SALMON
8.0,19.35,22.24,4.43,0.041,CARP
7.27,22.21,94.73,5.48,0.052,CATFISH
7.7,25.36,19.43,6.65,0.016,SHRIMP
7.94,31.12,36.04,4.9,0.043,TILAPIA
8.5,28.18,32.0,3.39,0.007,TILAPIA
8.33,29.38,16.61,6.0,0.019,ROHU
6.71,11.15,1.44,8.31,0.008,SALMON
8.22,24.06,38.49,5.36,0.005,CARP
7.58,30.53,17.85,3.82,0.032,TILAPIA
6.16,26.98,70.97,3.48,0.091,CATFISH
7.0,13.83,2.03,10.89,0.001,SALMON
6.2,25.1,72.01,4.3,0.069,CATFISH
7.47,11.88,7.32,7.77,0.002,TROUT
8.09,24.89,72.85,3.04,0.007,CATFISH
6.32,24.5,66.01,4.56,0.079,CATFISH
7.74,21.0,14.81,6.59,0.046,CARP
6.96,8.04,3.26,8.61,0.009,SALMON
7.55,26.28,34.22,2.79,0.064,CATFISH
8.08,25.95,24.74,4.58,0.038,ROHU
6.77,31.39,42.2,3.92,0.013,TILAPIA
7.56,20.09,33.25,5.73,0.01,CARP
7.68,14.01,2.4,8.01,0.002,SALMON
7.28,26.56,23.58,5.72,0.003,TILAPIA
7.86,17.85,3.5,7.78,0.005,TROUT
7.12,26.75,35.76,5.61,0.035,CARP
8.33,28.97,10.92,7.23,0.018,SHRIMP
7.84,11.33,1.5,8.73,0.007,TROUT
6.35,25.12,58.81,3.06,0.092,CATFISH
7.12,29.5,81.57,4.1,0.057,CATFISH
8.26,28.37,9.5,6.2,0.014,SHRIMP
7.2,23.71,17.61,7.21,0.004,CARP
6.94,28.77,43.43,6.02,0.038,TILAPIA
7.01,11.95,2.67,8.41,0.006,SALMON
7.33,25.45,19.22,7.11,0.034,ROHU
6.89,26.1,77.3,5.86,0.025,CATFISH
8.15,26.17,43.54,5.62,0.003,CATFISH
8.05,20.42,42.21,5.95,0.023,ROHU
8.11,25.73,36.54,4.97,0.049,CATFISH
6.51,27.33,39.13,6.2,0.047,TILAPIA
8.13,28.18,6.03,7.91,0.018,SHRIMP
7.18,29.42,28.83,5.43,0.025,ROHU
7.91,26.0,5.35,5.4,0.013,SHRIMP
6.33,26.76,61.45,3.98,0.025,CATFISH
7.79,28.04,36.23,5.51,0.081,CATFISH
7.8,9.55,0.41,8.9,0.002,SALMON
7.17,31.29,24.73,3.18,0.015,TILAPIA
7.02,23.48,32.3,4.87,0.003,CARP
6.99,13.05,6.18,9.16,0.004,TROUT
7.34,13.6,6.47,9.86,0.008,TROUT
7.44,9.48,2.68,10.87,0.006,SALMON
7.96,14.93,1.36,10.62,0.008,SALMON
8.92,26.55,26.4,5.54,0.001,TILAPIA
7.64,27.13,44.66,2.61,0.043,CATFISH
6.93,30.53,26.13,6.74,0.047,TILAPIA
8.43,21.68,29.39,4.14,0.044,CARP
8.17,10.79,2.24,10.55,0.008,SALMON
6.99,15.43,5.63,7.49,0.003,TROUT
7.99,23.65,38.58,4.86,0.006,ROHU
8.27,25.12,15.06,6.41,0.007,SHRIMP
8.28,29.87,7.43,7.22,0.009,SHRIMP
7.75,12.48,9.43,7.54,0.007,TROUT
6.68,28.64,46.09,3.05,0.025,TILAPIA
8.03,25.37,8.13,6.46,0.002,SHRIMP
7.93,22.11,25.16,6.19,0.03,ROHU
7.7,14.84,3.21,8.09,0.007,SALMON
8.08,28.55,25.3,4.3,0.012,TILAPIA
8.42,29.11,16.17,7.5,0.007,SHRIMP
7.93,19.28,17.96,7.34,0.016,CARP
6.75,26.1,73.47,5.37,0.076,CATFISH
8.25,29.32,84.36,3.3,0.002,CATFISH
7.64,29.26,14.92,5.13,0.017,SHRIMP
6.59,10.42,4.27,9.8,0.003,TROUT
7.3,13.35,4.58,9.24,0.004,SALMON
8.18,8.07,3.18,9.18,0.003,SALMON
6.78,29.02,17.47,5.04,0.026,TILAPIA
7.32,15.37,0.19,8.51,0.006,TROUT
7.5,11.83,3.17,9.89,0.003,TROUT
8.35,28.32,15.77,7.69,0.018,SHRIMP
8.35,25.7,25.98,6.99,0.02,ROHU
7.77,26.82,14.18,6.31,0.015,SHRIMP
7.31,23.24,34.1,7.14,0.027,ROHU
6.68,11.94,0.57,8.42,0.003,SALMON
7.07,22.45,37.97,4.71,0.007,ROHU
8.47,25.05,18.2,5.6,0.019,SHRIMP
6.12,26.9,45.79,5.67,0.048,CATFISH
7.96,8.3,0.06,9.37,0.001,SALMON
7.53,26.78,14.66,3.16,0.036,TILAPIA
6.53,10.41,9.54,7.43,0.007,TROUT
8.1,13.16,1.49,8.18,0.001,SALMON
8.45,28.82,28.2,4.42,0.047,TILAPIA
8.15,22.11,77.91,2.57,0.071,CATFISH
7.16,10.92,8.37,7.08,0.008,TROUT
8.19,30.54,10.1,6.51,0.009,SHRIMP
6.45,28.87,58.25,3.89,0.017,CATFISH
8.22,29.8,12.4,5.35,0.009,SHRIMP
6.94,30.9,25.71,3.02,0.014,TILAPIA
7.48,10.15,1.27,9.35,0.01,TROUT
7.54,27.17,5.26,5.58,0.015,SHRIMP
7.59,13.36,9.81,8.05,0.009,TROUT
7.44,22.52,60.4,2.97,0.027,CATFISH
8.24,27.8,8.42,5.6,0.009,SHRIMP
7.45,24.15,38.99,4.4,0.016,TILAPIA
8.54,31.92,26.28,3.04,0.008,TILAPIA
8.49,24.45,34.02,4.88,0.037,ROHU
7.48,25.45,19.42,5.86,0.044,ROHU
7.55,30.09,14.44,6.47,0.018,SHRIMP
7.5,24.96,26.67,3.29,0.005,TILAPIA
6.72,29.46,33.22,5.38,0.015,TILAPIA
7.56,12.08,9.42,8.59,0.008,TROUT
7.89,25.89,35.53,5.61,0.022,ROHU
7.94,27.79,23.93,7.27,0.025,CARP
7.64,23.32,42.02,4.8,0.006,ROHU
6.95,11.11,2.42,10.49,0.009,SALMON
8.4,27.15,43.05,4.07,0.014,TILAPIA
7.5,31.89,14.03,4.69,0.015,TILAPIA
7.4,23.14,68.97,3.62,0.039,CATFISH
8.01,18.32,14.0,6.75,0.011,CARP
6.59,11.72,9.99,8.3,0.007,TROUT
7.61,27.88,33.51,6.3,0.006,CARP
7.58,23.58,27.3,4.66,0.02,CARP
7.37,23.74,38.3,6.89,0.034,CARP
7.54,30.3,31.84,5.19,0.003,TILAPIA
6.78,27.67,37.88,6.99,0.016,TILAPIA
7.51,25.44,40.22,7.15,0.008,ROHU
7.76,28.97,10.14,6.72,0.018,TILAPIA
7.98,12.39,1.88,8.42,0.007,SALMON
7.51,29.67,30.29,6.22,0.036,TILAPIA
7.89,22.88,88.68,4.44,0.069,CATFISH
7.14,19.19,33.49,5.4,0.011,CARP
8.27,26.05,71.59,4.98,0.083,CATFISH
7.15,18.73,23.87,5.21,0.031,CARP
8.39,11.84,4.77,8.54,0.007,SALMON
7.43,13.33,2.62,8.67,0.003,SALMON
7.18,26.49,22.42,5.01,0.043,CARP
7.55,25.67,10.16,6.78,0.004,SHRIMP
8.13,22.76,28.31,4.76,0.014,ROHU
7.86,11.02,9.48,8.72,0.003,TROUT
6.66,12.01,8.95,9.15,0.006,TROUT
7.37,23.35,40.89,6.08,0.026,ROHU
8.3,10.35,1.47,10.62,0.008,SALMON
6.38,27.61,48.04,5.73,0.013,CATFISH
8.87,30.45,25.1,6.15,0.018,TILAPIA
7.63,25.53,17.58,7.57,0.017,SHRIMP
8.47,25.15,16.79,5.96,0.001,SHRIMP
7.75,24.35,87.34,2.75,0.079,CATFISH
6.29,22.57,83.24,4.2,0.034,CATFISH
6.7,22.62,40.16,4.95,0.002,CATFISH
7.73,12.37,2.41,9.2,0.01,SALMON
8.0,30.31,18.3,5.07,0.008,SHRIMP
7.01,22.13,87.04,3.76,0.058,CATFISH
8.43,27.62,27.88,4.66,0.008,ROHU
7.06,12.39,8.58,10.0,0.006,TROUT
7.04,24.35,22.22,5.78,0.048,TILAPIA
6.53,12.69,1.44,7.7,0.009,TROUT
7.04,23.38,38.11,4.53,0.036,CATFISH
6.83,9.66,2.51,8.81,0.009,SALMON
6.8,30.05,13.92,4.79,0.037,TILAPIA
7.64,13.41,4.64,8.78,0.003,SALMON
7.18,21.8,44.11,6.15,0.023,ROHU
7.16,23.46,19.45,6.41,0.047,ROHU
6.17,24.05,43.78,2.56,0.054,CATFISH
7.02,23.65,58.19,2.77,0.07,CATFISH
8.04,9.15,3.77,10.28,0.001,SALMON
7.85,22.1,15.78,6.98,0.006,CARP
7.63,27.98,11.11,7.1,0.018,SHRIMP
7.56,14.99,6.44,9.14,0.003,TROUT
7.65,14.73,3.11,9.98,0.0,TROUT
6.51,8.3,1.22,8.34,0.005,SALMON
7.36,13.28,2.92,10.81,0.009,SALMON
8.34,30.46,12.64,7.08,0.002,SHRIMP
8.24,12.48,2.24,9.99,0.007,SALMON
6.52,10.18,0.08,7.33,0.002,TROUT
7.98,12.45,1.27,8.64,0.009,TROUT
7.33,21.05,39.26,6.82,0.036,CARP
8.24,14.09,2.89,9.29,0.006,SALMON
8.19,12.69,3.66,9.76,0.004,SALMON
7.1,26.73,44.92,6.84,0.015,ROHU
8.0,28.96,32.34,6.08,0.008,ROHU
8.05,27.67,19.01,7.03,0.022,CARP
7.36,23.16,27.09,4.89,0.038,CARP
7.14,22.3,27.6,7.64,0.009,CARP
7.08,10.38,4.68,8.49,0.0,SALMON
7.97,25.69,99.94,5.44,0.074,CATFISH
7.88,27.78,17.8,5.02,0.001,ROHU
8.72,29.37,49.28,3.25,0.045,TILAPIA
7.95,17.4,9.35,8.1,0.005,TROUT
8.02,11.94,0.6,9.6,0.004,SALMON
7.77,28.76,17.42,7.12,0.01,SHRIMP
8.47,25.04,13.25,3.08,0.031,TILAPIA
8.22,27.73,12.11,6.4,0.001,SHRIMP
8.41,28.03,27.8,6.4,0.043,ROHU
7.75,22.05,62.99,2.92,0.085,CATFISH
7.11,26.38,32.42,4.59,0.034,TILAPIA
7.67,20.64,38.87,5.22,0.023,ROHU
8.34,24.92,13.65,4.26,0.049,CARP
6.69,10.81,4.79,10.99,0.007,SALMON
7.64,20.11,42.8,6.31,0.01,ROHU
8.41,30.94,18.11,7.99,0.005,SHRIMP
7.84,27.49,52.27,3.12,0.01,CATFISH
8.24,8.03,0.11,9.4,0.002,SALMON
7.62,16.52,6.86,8.32,0.004,TROUT
8.08,10.91,0.47,9.45,0.001,SALMON
6.86,16.88,9.25,9.48,0.003,TROUT
7.15,8.95,0.78,10.05,0.0,SALMON
8.19,29.99,17.7,7.04,0.019,SHRIMP
8.37,29.68,40.41,5.43,0.01,ROHU
7.41,14.14,0.5,8.77,0.008,SALMON
8.2,30.99,24.91,6.37,0.022,TILAPIA
7.12,29.34,62.75,3.46,0.014,CATFISH
7.8,21.07,26.75,6.27,0.014,ROHU
7.32,8.13,0.17,10.05,0.008,SALMON
6.09,29.82,30.33,5.56,0.031,CATFISH
7.57,28.25,18.39,7.04,0.014,SHRIMP
7.32,29.42,60.01,5.54,0.045,CATFISH
6.67,17.42,8.21,7.67,0.009,TROUT
8.06,24.58,43.47,3.7,0.004,TILAPIA
7.87,28.55,44.23,5.82,0.003,ROHU
7.04,21.77,30.88,5.01,0.048,CARP
8.9,25.73,11.95,4.17,0.039,TILAPIA
8.06,26.24,14.35,6.07,0.017,SHRIMP
6.54,14.88,7.31,9.98,0.007,TROUT
6.4,24.22,53.09,4.78,0.076,CATFISH
7.77,27.23,26.17,3.91,0.001,TILAPIA
8.45,29.76,13.68,6.94,0.019,SHRIMP
7.69,25.21,69.31,4.73,0.097,CATFISH
7.33,9.04,4.79,9.21,0.009,SALMON
8.05,25.14,16.46,6.74,0.013,SHRIMP
7.52,22.02,39.23,4.66,0.003,ROHU
7.72,11.84,1.37,8.73,0.001,SALMON
8.11,28.62,25.36,5.52,0.045,ROHU
7.65,25.25,48.34,5.93,0.08,CATFISH
7.53,12.31,8.5,8.31,0.01,TROUT
8.16,27.32,31.21,7.58,0.012,CARP
7.18,28.42,85.23,5.16,0.035,CATFISH
8.32,25.93,10.01,6.55,0.005,SHRIMP
7.98,15.36,4.64,8.84,0.003,TROUT
6.58,29.03,88.5,3.3,0.004,CATFISH
6.71,13.97,3.01,10.88,0.007,SALMON
6.92,11.17,0.78,10.87,0.008,SALMON
7.13,27.44,29.5,3.55,0.034,TILAPIA
6.82,12.59,5.19,9.35,0.008,TROUT
6.94,27.03,68.31,3.31,0.034,CATFISH
7.25,8.01,2.23,8.83,0.001,SALMON
8.32,20.39,44.64,6.49,0.034,ROHU
7.09,14.11,8.1,8.66,0.008,TROUT
8.05,27.48,6.09,7.14,0.014,SHRIMP
8.55,24.47,46.24,3.76,0.013,TILAPIA
8.09,26.87,11.75,7.42,0.003,SHRIMP
7.86,10.21,3.96,8.39,0.008,SALMON
6.53,31.19,33.25,4.41,0.012,TILAPIA
7.4,26.21,30.64,7.09,0.025,ROHU
7.99,29.09,6.52,5.99,0.002,SHRIMP
7.67,24.8,23.44,4.52,0.023,TILAPIA
7.12,23.5,18.14,6.46,0.049,CARP
7.48,18.68,10.99,6.42,0.031,CARP
7.17,14.94,0.51,8.16,0.009,SALMON
6.83,31.04,30.43,3.33,0.031,TILAPIA
7.96,15.34,7.79,9.33,0.005,TROUT
7.99,26.52,32.44,5.13,0.041,TILAPIA
7.95,20.42,23.1,6.96,0.022,CARP
6.6,26.91,34.43,3.48,0.046,TILAPIA
8.09,29.69,32.86,2.77,0.088,CATFISH
7.9,26.72,26.67,5.96,0.049,ROHU
7.97,27.86,16.42,6.39,0.039,CARP
7.58,25.07,11.41,6.23,0.02,SHRIMP
6.52,29.86,79.14,4.24,0.043,CATFISH
7.57,27.44,27.69,5.38,0.031,CARP
8.48,28.89,24.84,5.77,0.033,ROHU
7.54,27.44,54.59,3.6,0.068,CATFISH
7.02,23.99,28.81,7.22,0.045,ROHU
8.33,20.08,34.24,4.7,0.014,ROHU
6.67,17.3,1.95,8.84,0.01,TROUT
6.23,23.43,78.19,5.41,0.041,CATFISH
7.98,23.2,76.18,3.63,0.034,CATFISH
8.66,24.54,36.01,3.48,0.0,TILAPIA
7.29,24.56,35.65,5.01,0.016,CARP
7.75,23.94,29.5,6.87,0.024,ROHU
7.94,24.7,74.32,2.68,0.061,CATFISH
7.22,28.12,27.62,6.8,0.048,ROHU
7.29,10.59,1.42,10.74,0.008,SALMON
8.36,29.16,14.37,5.04,0.015,SHRIMP
7.75,27.92,28.24,3.82,0.038,TILAPIA
8.32,24.82,26.23,7.84,0.006,CARP
8.18,28.62,55.21,4.6,0.016,CATFISH
7.39,25.38,30.99,6.41,0.015,ROHU
8.5,22.57,33.05,3.26,0.097,CATFISH
6.75,11.96,1.35,9.18,0.004,SALMON
6.75,24.9,32.93,6.12,0.018,TILAPIA
8.25,31.49,36.63,4.06,0.029,TILAPIA
7.15,26.75,48.71,4.76,0.099,CATFISH
6.16,25.39,31.09,3.61,0.037,CATFISH
7.5,19.81,17.33,7.33,0.031,CARP
7.23,26.16,19.65,6.23,0.041,ROHU
7.89,10.16,4.38,10.35,0.0,SALMON
8.08,11.92,1.79,8.26,0.007,SALMON
7.79,26.03,16.43,7.97,0.016,SHRIMP
7.93,28.57,10.23,5.98,0.015,SHRIMP
8.06,26.8,23.77,5.49,0.034,ROHU
7.6,22.31,11.72,5.82,0.04,CARP
8.28,22.2,16.94,6.72,0.011,ROHU
7.76,28.4,32.45,5.47,0.026,ROHU
7.84,25.81,6.11,7.98,0.013,SHRIMP
8.14,11.58,3.59,8.93,0.003,SALMON
7.81,10.63,4.91,10.0,0.01,SALMON
6.66,10.82,1.87,8.81,0.003,SALMON
8.19,24.33,29.04,7.46,0.021,ROHU
8.34,21.42,23.94,7.58,0.014,CARP
7.68,8.09,0.01,9.85,0.002,SALMON
8.43,21.33,26.96,5.61,0.02,CARP
7.82,13.05,1.28,8.27,0.001,SALMON
7.73,12.38,1.48,9.25,0.008,SALMON
7.86,12.5,4.31,9.46,0.001,SALMON
6.67,17.93,3.02,8.9,0.006,TROUT
8.26,12.1,3.89,8.75,0.007,SALMON
7.68,15.33,9.0,7.86,0.009,TROUT
7.63,30.8,17.17,5.33,0.002,SHRIMP
7.24,23.69,17.96,6.22,0.005,ROHU
7.7,17.32,7.57,9.47,0.002,TROUT
6.92,13.36,4.74,10.15,0.009,SALMON
6.98,22.72,73.79,4.23,0.028,CATFISH
7.94,28.31,13.36,5.83,0.01,SHRIMP
7.89,25.76,10.78,6.59,0.012,SHRIMP
8.3,26.9,18.1,4.14,0.013,CARP
8.27,31.89,30.88,6.31,0.029,TILAPIA
8.3,29.14,32.6,5.89,0.021,TILAPIA
7.36,21.59,37.44,6.3,0.037,CARP
6.07,22.51,67.65,5.02,0.022,CATFISH
8.26,22.84,36.44,6.2,0.049,ROHU
8.15,27.92,20.36,5.64,0.008,CARP
6.61,28.84,70.81,2.74,0.005,CATFISH
7.41,10.03,1.17,10.21,0.0,SALMON
6.62,25.21,80.32,5.57,0.044,CATFISH
7.17,12.77,8.36,9.28,0.003,TROUT
7.05,28.82,32.34,4.52,0.043,TILAPIA
7.88,24.35,83.43,5.11,0.025,CATFISH
6.76,11.08,4.44,8.76,0.004,SALMON
8.14,26.04,15.24,6.28,0.012,SHRIMP
8.48,23.6,30.87,4.47,0.013,CARP
8.17,14.55,0.68,9.46,0.003,SALMON
8.3,25.13,45.08,3.72,0.04,TILAPIA
7.41,13.25,3.17,8.92,0.004,TROUT
6.74,8.79,0.36,10.23,0.007,SALMON
8.09,26.9,42.07,2.57,0.003,CATFISH
8.39,28.11,39.86,6.21,0.015,ROHU
7.09,14.48,6.85,9.89,0.009,TROUT
6.85,14.71,9.23,9.24,0.007,TROUT
8.06,29.58,10.51,6.64,0.01,SHRIMP
7.82,25.12,6.66,7.44,0.017,SHRIMP
6.58,15.25,8.37,8.12,0.009,TROUT
6.81,23.21,73.44,3.97,0.061,CATFISH
7.41,27.75,17.76,5.24,0.008,CARP
7.58,14.89,1.79,8.13,0.005,TROUT
6.5,27.86,72.99,3.22,0.015,CATFISH
8.4,25.82,8.76,6.63,0.016,SHRIMP
7.54,13.44,6.91,8.56,0.01,TROUT
8.29,30.73,11.2,7.86,0.016,SHRIMP
7.07,13.0,2.44,8.29,0.005,TROUT
7.55,29.9,17.37,5.71,0.006,SHRIMP
7.97,29.5,14.17,5.3,0.008,SHRIMP
6.51,8.71,3.96,10.88,0.004,SALMON
7.12,14.91,2.13,7.87,0.009,TROUT
7.29,27.65,15.71,5.63,0.006,ROHU
8.42,20.78,33.76,5.77,0.028,ROHU
8.38,22.01,15.77,5.08,0.043,CARP
8.34,29.71,38.59,6.13,0.048,ROHU
8.33,20.84,30.5,5.18,0.021,ROHU
7.19,21.46,20.17,6.26,0.015,CARP
7.97,26.3,10.01,7.88,0.01,SHRIMP
6.71,16.82,4.0,9.19,0.005,TROUT
8.0,27.13,41.46,5.61,0.004,ROHU
7.79,23.54,37.22,6.5,0.015,CARP
7.75,26.67,33.84,7.85,0.004,CARP
7.51,23.11,43.61,6.85,0.033,ROHU
7.03,27.72,64.09,3.99,0.043,CATFISH
8.68,31.1,10.44,6.55,0.014,TILAPIA
7.22,29.09,23.5,7.2,0.04,ROHU
7.97,29.12,68.69,5.89,0.1,CATFISH
7.91,23.95,88.72,3.82,0.053,CATFISH
8.01,30.23,8.2,6.28,0.019,SHRIMP
7.92,24.0,15.36,4.88,0.016,ROHU
7.63,30.54,31.35,4.35,0.033,TILAPIA
7.87,28.73,5.97,6.59,0.018,SHRIMP
8.18,24.15,40.23,4.06,0.016,TILAPIA
7.89,12.03,0.95,9.81,0.0,SALMON
7.12,11.11,0.6,8.36,0.007,SALMON
7.51,29.98,15.11,4.58,0.041,ROHU
7.62,23.09,71.26,4.49,0.097,CATFISH
7.36,25.03,42.79,6.95,0.016,ROHU
7.94,9.13,3.16,8.16,0.003,SALMON
7.28,25.11,17.8,7.26,0.017,ROHU
7.86,30.4,6.77,5.93,0.016,SHRIMP
8.02,25.45,6.65,6.15,0.019,SHRIMP
8.17,24.93,33.02,5.91,0.002,CATFISH
8.22,19.94,17.1,7.51,0.041,CARP
6.9,25.45,32.62,5.55,0.037,TILAPIA
6.57,10.25,3.82,10.88,0.003,SALMON
8.47,23.82,36.01,7.81,0.034,CARP
6.61,25.46,47.88,5.6,0.011,CATFISH
7.46,23.6,27.62,4.8,0.002,ROHU
8.38,26.93,39.05,4.82,0.027,TILAPIA
7.46,17.63,8.4,8.28,0.006,TROUT
8.25,21.5,34.76,4.95,0.046,ROHU
6.99,11.12,3.71,9.12,0.004,TROUT
7.73,12.21,7.97,7.86,0.002,TROUT
7.4,28.81,34.4,5.24,0.046,TILAPIA
7.04,11.71,4.41,10.83,0.001,SALMON
7.75,13.72,3.27,10.52,0.009,SALMON
7.29,26.56,36.48,5.19,0.041,CARP
7.84,30.81,15.42,6.2,0.004,SHRIMP
8.48,30.18,17.15,5.38,0.015,SHRIMP
6.61,10.31,2.31,8.61,0.003,SALMON
8.27,27.25,13.48,7.51,0.0,SHRIMP
7.95,11.39,2.23,8.58,0.001,TROUT
7.95,28.18,23.24,5.17,0.048,TILAPIA
7.9,11.17,6.92,9.73,0.005,TROUT
7.52,26.03,13.47,7.11,0.004,SHRIMP
7.88,28.44,5.41,5.79,0.014,SHRIMP
8.41,18.04,36.56,4.27,0.048,CARP
7.35,31.64,37.87,5.16,0.026,TILAPIA
7.53,27.73,83.34,3.42,0.005,CATFISH
7.37,8.58,0.51,9.41,0.005,SALMON
8.41,25.84,13.06,6.78,0.011,SHRIMP
7.36,28.43,67.59,5.68,0.006,CATFISH
7.73,26.26,60.4,3.86,0.084,CATFISH
7.79,27.32,14.4,6.66,0.019,SHRIMP
7.59,25.28,6.67,5.56,0.01,SHRIMP
6.63,10.95,1.97,10.96,0.004,SALMON
7.05,10.58,5.69,8.68,0.008,TROUT
8.45,19.53,32.28,5.43,0.029,CARP
7.83,26.25,25.14,7.67,0.031,CARP
8.15,30.43,6.28,5.65,0.017,SHRIMP
7.12,22.86,16.29,4.8,0.047,CARP
7.54,24.27,44.46,6.85,0.045,ROHU
7.58,20.78,27.11,5.0,0.016,CARP
7.07,22.32,34.82,4.1,0.034,CARP
7.18,27.07,39.37,6.75,0.026,TILAPIA
7.65,29.21,15.89,7.02,0.007,SHRIMP
7.18,28.06,22.62,6.96,0.022,TILAPIA
6.53,24.13,36.64,3.71,0.004,CATFISH
7.05,22.14,15.84,4.74,0.014,CARP
8.46,25.13,16.08,7.88,0.017,SHRIMP
7.96,27.69,14.13,5.67,0.043,CARP
7.31,15.53,4.21,9.56,0.008,TROUT
7.25,11.13,3.95,10.41,0.007,SALMON
7.31,10.04,1.17,9.6,0.001,SALMON
7.0,23.24,21.6,7.41,0.036,ROHU
6.23,26.13,44.94,4.38,0.084,CATFISH
7.39,27.04,20.32,5.89,0.001,ROHU
7.11,11.22,0.93,9.91,0.005,SALMON
6.8,13.84,8.88,8.7,0.007,TROUT
8.18,31.42,23.9,4.32,0.029,TILAPIA
6.94,12.61,9.61,7.55,0.003,TROUT
8.16,25.33,82.07,5.5,0.031,CATFISH
6.77,23.98,56.9,2.69,0.081,CATFISH
7.85,22.36,26.2,4.79,0.022,CARP
7.67,25.58,95.38,5.49,0.01,CATFISH
8.09,20.36,44.92,7.12,0.015,ROHU
7.22,13.25,8.73,7.1,0.009,TROUT
7.98,8.02,3.14,9.77,0.005,SALMON
6.04,26.95,62.05,4.49,0.09,CATFISH
8.03,29.52,53.5,4.35,0.066,CATFISH
7.08,25.57,51.6,4.63,0.019,CATFISH
7.48,15.87,3.66,8.21,0.006,TROUT
7.08,19.77,26.46,5.92,0.002,CARP
7.03,24.24,72.68,4.9,0.046,CATFISH
7.52,24.49,36.48,4.74,0.042,CARP
7.77,13.51,3.5,8.62,0.001,SALMON
6.69,31.68,45.16,6.02,0.047,TILAPIA
8.1,20.77,31.44,5.54,0.039,CARP
8.16,20.62,19.86,4.43,0.047,CARP
7.05,10.95,1.01,9.16,0.005,SALMON
8.36,27.61,10.67,7.24,0.018,SHRIMP
7.51,29.55,14.39,7.45,0.009,SHRIMP
6.47,28.28,71.73,5.63,0.017,CATFISH
7.1,27.05,31.31,6.08,0.015,ROHU
6.54,10.52,7.34,7.97,0.003,TROUT
7.32,28.75,46.45,4.05,0.016,CATFISH
8.5,10.72,1.93,9.51,0.002,SALMON
8.03,22.29,35.94,6.78,0.0,CARP
8.16,26.64,37.79,3.25,0.028,CATFISH
6.86,13.5,8.56,7.5,0.003,TROUT
8.24,8.24,2.02,10.35,0.008,SALMON
8.06,22.26,34.69,4.99,0.003,ROHU
7.39,27.33,95.11,4.91,0.032,CATFISH
7.99,30.67,16.21,7.19,0.001,SHRIMP
7.19,29.38,43.99,7.42,0.002,ROHU
8.0,17.54,6.71,9.1,0.001,TROUT
7.42,23.48,12.5,7.66,0.02,CARP
8.45,27.84,15.61,7.46,0.02,CARP
8.17,10.13,2.35,10.62,0.001,SALMON
8.15,31.09,38.69,3.53,0.047,TILAPIA
7.6,27.08,13.07,7.43,0.004,SHRIMP
6.63,25.13,33.93,5.48,0.002,TILAPIA
6.16,24.85,72.08,4.45,0.04,CATFISH
8.43,22.3,22.59,7.32,0.02,ROHU
7.42,12.28,6.54,8.97,0.006,TROUT
7.99,13.2,6.38,9.66,0.004,TROUT
8.15,20.95,10.64,7.78,0.008,CARP
6.54,17.27,8.22,9.92,0.001,TROUT
7.64,27.29,32.2,3.97,0.003,TILAPIA
7.46,14.56,1.13,9.73,0.002,TROUT
6.87,27.03,37.35,3.91,0.021,TILAPIA
7.99,14.93,5.0,9.6,0.008,SALMON
7.44,26.02,14.57,3.56,0.043,TILAPIA
7.9,22.54,22.24,5.99,0.002,CARP
8.5,19.81,13.61,4.57,0.033,CARP
8.27,25.52,23.49,6.45,0.034,CARP
6.71,11.18,2.46,9.14,0.002,SALMON
8.22,28.86,12.8,7.05,0.009,SHRIMP
6.5,11.92,2.95,10.92,0.004,SALMON
7.26,10.23,4.26,8.66,0.002,SALMON
8.03,22.71,36.29,5.78,0.014,CARP
7.99,13.31,4.99,10.7,0.009,SALMON
8.43,26.47,56.13,5.61,0.045,CATFISH
7.2,27.58,33.66,4.37,0.03,CATFISH
6.45,26.59,98.87,3.52,0.079,CATFISH
7.62,26.91,49.79,5.28,0.024,TILAPIA
8.42,22.92,21.79,4.89,0.047,ROHU
8.23,11.01,2.91,10.27,0.003,SALMON
7.37,29.77,38.9,5.74,0.008,ROHU
7.47,21.11,16.84,5.27,0.011,CARP
7.47,18.85,23.94,6.99,0.011,CARP
7.67,28.06,11.25,5.66,0.014,SHRIMP
7.71,27.04,9.77,7.87,0.016,SHRIMP
7.64,27.55,7.03,6.25,0.003,SHRIMP
6.91,10.65,6.57,8.96,0.001,TROUT
6.91,25.6,90.24,2.96,0.033,CATFISH
6.69,23.99,46.42,3.17,0.057,CATFISH
7.58,25.57,12.42,7.46,0.015,SHRIMP
6.61,14.84,3.95,9.47,0.001,SALMON
8.26,26.14,13.52,7.44,0.015,SHRIMP
7.36,20.63,20.14,4.43,0.035,CARP
8.24,31.96,10.55,4.42,0.014,TILAPIA
7.33,27.09,17.54,6.72,0.035,ROHU
8.09,29.5,99.56,2.94,0.061,CATFISH
8.43,12.07,4.54,10.43,0.009,SALMON
6.52,24.29,33.87,4.56,0.044,TILAPIA
7.04,10.04,0.62,10.42,0.0,SALMON
6.76,14.71,2.54,7.78,0.005,TROUT
8.4,13.9,1.94,9.92,0.009,SALMON
7.7,9.69,2.45,8.22,0.0,SALMON
7.01,28.17,30.51,6.18,0.034,ROHU
8.06,31.7,43.26,4.85,0.037,TILAPIA
8.47,27.8,21.34,4.1,0.036,CARP
7.9,11.19,2.66,8.44,0.001,SALMON
7.3,24.12,33.03,4.98,0.011,ROHU
7.26,14.09,8.14,9.26,0.009,TROUT
8.21,27.79,76.88,5.3,0.026,CATFISH
7.07,21.22,27.08,6.07,0.033,CARP
7.6,20.67,30.48,5.54,0.034,ROHU
7.91,25.84,12.61,7.0,0.016,SHRIMP
8.3,27.36,30.94,3.22,0.068,CATFISH
6.63,27.47,80.7,5.63,0.076,CATFISH
7.4,10.98,9.63,7.37,0.003,TROUT
7.28,15.76,7.02,8.35,0.005,TROUT
6.59,30.85,19.23,6.39,0.007,TILAPIA
7.07,21.09,30.74,6.78,0.017,ROHU
8.35,11.13,0.87,8.14,0.002,SALMON
7.57,25.33,97.53,5.07,0.006,CATFISH
7.89,23.58,41.83,4.71,0.049,ROHU
8.31,23.37,33.59,5.36,0.046,ROHU
6.8,9.95,0.47,8.63,0.002,SALMON
7.52,30.75,10.17,5.57,0.017,SHRIMP
8.13,29.71,38.61,7.39,0.035,ROHU
8.35,26.68,24.52,5.03,0.018,TILAPIA
8.4,18.35,33.08,6.89,0.048,CARP
7.53,15.48,0.27,9.7,0.003,TROUT
8.34,27.9,20.86,6.3,0.017,ROHU
7.64,10.8,3.97,7.31,0.008,TROUT
8.44,23.79,15.29,5.35,0.006,ROHU
7.65,8.22,1.01,8.8,0.001,SALMON
7.14,17.33,4.98,8.2,0.008,TROUT
8.0,26.61,13.98,5.61,0.001,SHRIMP
7.58,25.96,30.02,7.44,0.042,ROHU
8.11,26.94,25.11,4.81,0.029,ROHU
6.53,17.72,1.49,9.46,0.003,TROUT
7.68,11.78,2.47,9.54,0.002,SALMON
7.56,25.6,11.28,7.44,0.018,SHRIMP
6.8,25.35,71.58,5.52,0.016,CATFISH
6.34,22.21,40.7,4.69,0.007,CATFISH
7.6,30.6,6.66,6.9,0.013,SHRIMP
7.98,23.84,35.18,6.27,0.011,ROHU
7.62,11.26,3.28,8.44,0.008,SALMON
8.41,26.11,63.16,5.14,0.088,CATFISH
6.99,16.39,2.11,8.64,0.002,TROUT
7.52,22.0,86.38,3.66,0.032,CATFISH
7.49,23.63,15.62,7.2,0.049,CARP
8.23,26.5,15.86,6.73,0.002,SHRIMP
8.04,30.74,10.87,6.26,0.019,SHRIMP
7.73,23.25,31.06,7.88,0.022,CARP
7.75,27.88,50.33,3.56,0.078,CATFISH
7.52,26.74,14.62,5.56,0.006,SHRIMP
7.4,11.5,5.42,7.85,0.003,TROUT
7.57,27.8,7.63,5.42,0.003,SHRIMP
7.47,12.85,6.74,9.19,0.007,TROUT
7.04,27.95,40.24,5.08,0.014,TILAPIA
7.67,29.64,22.35,4.26,0.003,TILAPIA
7.65,30.32,15.98,6.68,0.004,SHRIMP
7.78,29.09,36.4,4.16,0.007,TILAPIA
8.82,24.08,19.9,3.42,0.038,TILAPIA
8.08,29.04,72.48,5.51,0.002,CATFISH
8.01,23.87,35.48,7.19,0.017,ROHU
7.28,30.96,16.82,4.41,0.039,TILAPIA
8.38,25.78,39.3,4.87,0.007,CARP
7.97,24.62,20.31,3.38,0.016,TILAPIA
7.87,27.75,16.29,7.38,0.005,SHRIMP
7.44,24.27,22.6,4.24,0.024,CARP
7.56,10.72,6.45,8.85,0.002,TROUT
7.63,11.28,4.44,10.3,0.008,SALMON
6.89,24.05,48.65,3.91,0.07,CATFISH
7.55,30.75,9.16,7.62,0.008,SHRIMP
6.71,14.52,6.29,9.57,0.006,TROUT
8.47,11.09,2.59,9.57,0.005,SALMON
7.53,15.51,7.05,7.96,0.006,TROUT
7.31,28.95,42.86,7.43,0.047,ROHU
8.09,29.06,62.63,3.23,0.095,CATFISH
7.93,29.55,6.46,5.12,0.015,SHRIMP
7.77,24.25,41.72,5.79,0.027,ROHU
8.23,27.16,18.94,7.8,0.008,CARP
6.69,8.78,4.51,9.62,0.007,SALMON
6.81,17.59,0.61,9.69,0.003,TROUT
7.46,30.16,42.85,5.8,0.035,TILAPIA
7.69,27.93,16.97,6.71,0.018,SHRIMP
6.54,11.12,5.7,9.21,0.005,TROUT
8.29,27.78,22.36,6.8,0.001,ROHU
7.56,21.83,17.19,5.18,0.027,ROHU
7.25,15.64,1.55,8.95,0.001,TROUT
7.19,27.23,40.21,3.15,0.02,CATFISH
8.2,30.55,32.55,5.1,0.036,TILAPIA
8.08,21.27,16.47,7.13,0.004,ROHU
8.12,14.71,1.85,10.52,0.009,SALMON
7.53,26.97,21.87,3.61,0.007,TILAPIA
7.98,11.09,4.44,10.43,0.008,SALMON
8.49,27.23,11.86,5.97,0.004,SHRIMP
7.92,17.89,0.45,7.45,0.004,TROUT
8.27,26.96,38.14,6.88,0.005,ROHU
6.64,13.43,9.83,7.99,0.009,TROUT
6.1,28.62,72.54,4.33,0.094,CATFISH
7.69,29.89,38.09,7.39,0.039,ROHU
8.44,25.07,7.58,7.46,0.007,SHRIMP
8.19,12.71,1.52,8.11,0.009,SALMON
7.83,22.07,25.21,6.29,0.046,ROHU
8.11,26.93,22.16,3.03,0.042,TILAPIA
7.02,27.62,18.2,4.85,0.03,ROHU
8.16,18.52,11.14,5.72,0.003,CARP
7.71,26.57,11.49,5.37,0.002,SHRIMP
7.94,28.33,17.0,6.83,0.004,SHRIMP
7.76,13.14,3.1,10.91,0.002,SALMON
6.83,26.3,29.72,5.53,0.009,TILAPIA
8.06,18.4,26.4,4.35,0.05,CARP
7.96,27.08,14.43,5.13,0.003,SHRIMP
7.16,15.24,3.4,7.97,0.004,TROUT
8.25,24.59,23.21,7.46,0.041,ROHU
7.25,21.44,30.1,6.42,0.009,ROHU
7.56,23.72,20.85,4.84,0.037,ROHU
8.5,10.55,0.31,10.56,0.01,SALMON
8.2,12.38,4.61,8.11,0.008,SALMON
7.99,10.69,8.62,8.17,0.005,TROUT
8.01,23.12,59.31,5.58,0.056,CATFISH
6.12,27.38,99.06,5.69,0.072,CATFISH
7.02,26.63,44.8,5.99,0.011,TILAPIA
7.43,12.55,6.77,9.84,0.006,TROUT
7.5,20.15,16.65,5.35,0.034,ROHU
8.71,26.89,47.3,5.52,0.047,TILAPIA
6.77,10.5,3.78,9.58,0.002,TROUT
7.21,17.65,4.34,9.36,0.009,TROUT
7.06,13.75,4.27,8.54,0.006,TROUT
8.24,22.52,25.71,7.93,0.003,CARP
8.16,26.38,32.64,5.19,0.032,ROHU
7.83,26.97,13.97,5.55,0.006,SHRIMP
7.84,28.15,15.2,7.26,0.003,SHRIMP
6.96,11.01,7.61,9.55,0.003,TROUT
7.11,26.41,38.1,3.91,0.046,CATFISH
7.9,26.81,54.31,3.15,0.035,CATFISH
7.83,16.17,4.12,7.55,0.009,TROUT
8.05,21.42,23.0,4.57,0.008,CARP
6.85,25.76,29.28,3.17,0.023,TILAPIA
8.48,29.03,33.19,3.98,0.086,CATFISH
7.59,29.4,19.92,7.46,0.011,SHRIMP
7.49,11.71,1.17,8.25,0.002,TROUT
6.95,16.88,0.17,7.88,0.004,TROUT
7.95,25.14,36.26,5.67,0.042,ROHU
8.09,23.76,54.58,2.57,0.098,CATFISH
8.06,11.45,4.45,9.04,0.004,SALMON
7.67,21.25,11.7,7.33,0.002,CARP
6.74,14.15,3.9,8.57,0.007,SALMON
8.01,26.48,17.96,5.94,0.005,SHRIMP
7.83,30.15,40.32,5.47,0.039,TILAPIA
8.26,12.3,4.11,9.64,0.002,SALMON
7.17,23.46,41.97,6.67,0.001,ROHU
7.53,11.74,9.84,9.53,0.008,TROUT
7.41,22.9,22.15,4.68,0.01,CARP
7.97,21.9,24.96,7.5,0.005,CARP
6.7,31.04,12.06,5.22,0.039,TILAPIA
8.68,28.2,10.89,5.87,0.006,TILAPIA
8.43,26.84,5.73,7.03,0.016,SHRIMP
8.24,21.91,39.22,6.47,0.01,ROHU
7.63,27.3,8.05,6.93,0.02,SHRIMP
7.46,24.96,54.68,4.84,0.039,CATFISH
7.71,20.69,11.68,5.63,0.003,CARP
7.3,15.0,9.88,8.32,0.001,TROUT
6.78,12.75,6.13,7.29,0.004,TROUT
8.79,30.82,33.19,5.08,0.047,TILAPIA
8.06,25.64,19.46,6.72,0.003,SHRIMP
7.03,20.62,41.64,7.11,0.018,ROHU
7.34,29.25,47.01,3.99,0.043,TILAPIA
7.69,25.51,18.17,7.47,0.012,ROHU
7.99,30.24,9.52,5.48,0.003,SHRIMP
7.72,13.07,0.13,9.71,0.009,SALMON
8.07,27.39,19.67,6.52,0.011,SHRIMP
7.3,20.65,40.78,7.11,0.024,ROHU
8.02,29.78,39.9,6.48,0.037,ROHU
8.29,26.96,38.69,7.52,0.029,CARP
7.08,17.54,8.9,8.57,0.005,TROUT
7.64,26.91,35.18,5.7,0.011,TILAPIA
7.34,27.74,21.71,7.64,0.011,CARP
8.12,14.58,0.7,8.21,0.006,SALMON
7.55,23.05,54.02,4.87,0.01,CATFISH
7.25,11.91,5.9,8.33,0.004,TROUT
6.04,26.18,53.47,2.5,0.031,CATFISH
8.32,26.27,12.23,6.45,0.018,SHRIMP
8.51,27.62,30.76,6.24,0.021,TILAPIA
7.92,11.59,4.65,10.21,0.006,SALMON
6.84,12.87,2.3,8.74,0.008,TROUT
8.39,26.89,8.23,6.78,0.001,SHRIMP
8.32,29.99,17.85,4.87,0.043,TILAPIA
7.02,27.34,44.5,3.85,0.02,TILAPIA
6.75,12.83,3.66,8.13,0.007,SALMON
7.47,27.63,15.66,6.08,0.013,ROHU
8.11,25.74,28.21,4.09,0.047,CARP
8.23,28.58,10.16,5.84,0.001,SHRIMP
7.63,28.9,28.12,4.73,0.047,ROHU
7.42,25.65,17.22,5.95,0.045,ROHU
7.57,28.22,7.4,5.02,0.008,SHRIMP
7.1,21.48,15.7,6.61,0.001,CARP
7.13,26.05,32.29,2.74,0.026,CATFISH
7.44,29.23,24.78,6.85,0.012,ROHU
7.41,29.89,30.52,5.95,0.045,TILAPIA
6.63,9.74,2.86,8.05,0.003,SALMON
7.63,27.6,6.91,6.51,0.011,SHRIMP
8.32,27.22,93.89,5.42,0.069,CATFISH
7.36,20.22,38.57,7.83,0.036,CARP
8.5,18.49,23.23,5.81,0.015,CARP
7.06,22.34,30.2,5.69,0.044,CARP
8.33,28.36,33.25,5.67,0.025,ROHU
8.41,26.07,19.75,6.01,0.043,ROHU
7.53,28.82,49.99,4.97,0.01,TILAPIA
7.54,28.35,13.17,5.62,0.014,SHRIMP
7.5,24.55,31.0,6.03,0.027,ROHU
7.68,27.93,38.07,6.5,0.043,ROHU
7.7,28.39,17.92,5.19,0.05,TILAPIA
7.68,25.31,15.24,5.75,0.01,SHRIMP
6.9,14.45,2.21,10.23,0.005,SALMON
7.35,14.03,2.03,7.2,0.002,TROUT
6.9,10.5,0.32,9.13,0.008,TROUT
6.98,29.51,20.9,6.33,0.004,TILAPIA
6.26,26.34,51.98,3.45,0.065,CATFISH
6.92,27.16,96.33,2.64,0.092,CATFISH
8.36,22.31,17.58,4.67,0.044,ROHU
7.3,10.16,1.59,8.93,0.007,TROUT
6.63,11.28,3.31,10.3,0.005,SALMON
8.16,18.84,36.71,5.89,0.037,CARP
7.18,16.93,1.51,7.04,0.001,TROUT
7.14,22.4,18.0,6.58,0.001,ROHU
7.22,24.92,56.29,4.26,0.008,CATFISH
7.04,27.32,25.69,4.17,0.017,CARP
7.48,29.36,28.8,4.53,0.006,TILAPIA
7.32,23.55,13.78,5.79,0.028,CARP
6.56,27.12,61.99,3.9,0.059,CATFISH
8.4,29.56,40.7,7.03,0.005,ROHU
7.09,21.86,31.82,7.1,0.044,ROHU
6.32,25.8,69.07,4.06,0.007,CATFISH
8.76,24.07,18.67,6.31,0.034,TILAPIA
6.27,24.55,42.34,3.93,0.011,CATFISH
7.52,23.53,49.13,4.74,0.047,CATFISH
8.07,27.42,29.94,7.19,0.048,ROHU
7.66,10.88,0.27,7.82,0.003,TROUT
7.68,10.92,1.2,9.77,0.001,TROUT
8.28,30.09,47.53,3.45,0.035,TILAPIA
7.97,23.73,37.29,5.97,0.022,ROHU
8.0,26.06,23.34,4.77,0.026,TILAPIA
7.16,8.88,2.38,10.25,0.004,SALMON
7.37,16.29,1.69,7.33,0.007,TROUT
8.21,29.26,17.55,5.31,0.038,ROHU
7.12,21.18,20.28,6.82,0.026,ROHU
7.03,24.7,16.23,6.08,0.036,TILAPIA
7.97,10.59,2.84,7.73,0.002,TROUT
8.73,28.5,24.08,5.42,0.004,TILAPIA
8.02,27.6,7.88,6.46,0.008,SHRIMP
8.99,25.42,31.86,3.48,0.047,TILAPIA
8.29,18.58,25.8,6.16,0.043,CARP
7.29,22.64,40.05,6.42,0.02,ROHU
8.9,24.05,11.91,3.59,0.017,TILAPIA
7.59,10.96,2.63,9.66,0.004,SALMON
8.46,27.62,39.37,7.17,0.049,CARP
8.49,11.8,2.37,10.86,0.002,SALMON
7.1,28.1,43.58,5.59,0.008,ROHU
7.28,11.57,7.58,8.92,0.009,TROUT
7.04,17.49,5.66,7.39,0.005,TROUT
7.86,22.66,29.1,5.19,0.009,CARP
8.24,29.77,11.14,6.19,0.019,SHRIMP
7.63,13.0,4.86,8.22,0.007,TROUT
7.27,22.95,33.46,5.63,0.02,ROHU
7.84,29.94,37.85,6.56,0.036,TILAPIA
7.36,29.19,25.7,6.58,0.042,TILAPIA
8.18,29.0,21.56,6.38,0.02,ROHU
7.3,29.06,49.34,6.51,0.008,TILAPIA
7.91,27.31,35.51,4.27,0.05,CARP
6.74,10.1,1.71,9.51,0.0,TROUT
7.45,27.26,29.4,5.68,0.018,TILAPIA
8.34,20.27,26.6,6.58,0.008,CARP
7.19,26.69,35.56,3.76,0.046,TILAPIA
8.03,30.01,5.5,5.81,0.009,SHRIMP
7.51,21.37,10.94,4.61,0.007,CARP
8.17,10.77,2.82,8.68,0.006,SALMON
6.7,29.36,15.51,5.68,0.049,TILAPIA
8.1,30.56,10.98,5.96,0.018,SHRIMP
7.2,18.82,35.29,4.04,0.043,CARP
7.71,29.69,7.21,6.42,0.016,SHRIMP
7.99,25.24,14.84,7.53,0.014,SHRIMP
6.83,15.55,7.07,9.77,0.007,TROUT
8.85,29.24,19.26,4.01,0.023,TILAPIA
7.76,11.66,1.6,8.43,0.006,SALMON
7.64,21.65,34.07,6.12,0.034,CARP
7.18,24.99,38.83,6.46,0.012,ROHU
7.83,24.28,52.24,3.59,0.075,CATFISH
6.62,28.45,10.83,3.41,0.017,TILAPIA
7.6,24.83,25.67,5.47,0.034,ROHU
7.11,22.73,73.34,3.07,0.008,CATFISH
8.3,20.85,28.45,7.92,0.03,CARP
8.67,27.13,24.62,5.17,0.048,TILAPIA
7.68,29.57,33.22,5.77,0.041,TILAPIA
7.51,24.68,24.34,5.81,0.018,ROHU
7.23,26.58,41.65,5.63,0.023,CATFISH
7.07,31.36,38.11,6.07,0.019,TILAPIA
7.44,26.28,29.16,7.59,0.031,CARP
8.77,30.33,32.54,3.3,0.033,TILAPIA
7.27,22.66,81.52,4.41,0.095,CATFISH
7.72,24.71,25.5,3.38,0.01,TILAPIA
6.45,24.64,67.68,5.72,0.054,CATFISH
6.88,11.87,2.04,9.17,0.008,SALMON
7.46,26.21,27.78,7.17,0.012,ROHU
7.86,30.63,14.94,7.53,0.015,SHRIMP
7.9,30.29,44.68,3.42,0.018,TILAPIA
8.09,24.65,17.6,4.67,0.019,ROHU
7.44,27.91,34.49,6.83,0.003,CARP
8.03,25.78,16.96,7.13,0.011,SHRIMP
8.35,30.58,16.83,6.37,0.004,SHRIMP
7.65,28.28,18.8,7.98,0.006,SHRIMP
7.69,11.42,3.33,9.11,0.009,SALMON
7.74,25.13,17.13,6.47,0.006,SHRIMP
7.91,13.42,7.74,8.41,0.003,TROUT
8.34,14.35,2.64,8.66,0.008,SALMON
8.43,28.55,6.82,5.55,0.019,SHRIMP
7.95,30.24,13.56,7.64,0.004,SHRIMP
8.4,22.8,63.76,2.67,0.05,CATFISH
8.36,25.19,44.45,4.43,0.011,CATFISH
7.76,22.56,12.27,4.05,0.03,CARP
7.53,27.67,76.23,2.9,0.029,CATFISH
7.44,23.7,29.7,5.85,0.04,CARP
7.39,16.41,2.65,7.63,0.008,TROUT
7.96,24.77,44.62,6.65,0.033,ROHU
7.85,30.23,9.63,6.64,0.014,SHRIMP
7.07,26.25,49.15,5.74,0.049,CATFISH
7.19,12.59,6.09,9.63,0.009,TROUT
7.36,11.25,4.89,10.03,0.004,SALMON
7.38,24.33,14.97,5.62,0.045,CARP
7.64,26.97,18.65,5.0,0.047,CARP
7.9,26.4,23.15,5.7,0.002,ROHU
8.44,25.92,39.16,4.01,0.02,TILAPIA
8.21,21.61,24.46,5.17,0.03,CARP
7.12,28.99,66.19,3.0,0.062,CATFISH
7.08,26.16,35.55,5.09,0.041,ROHU
7.44,31.92,22.09,4.11,0.043,TILAPIA
7.39,11.3,9.86,8.39,0.006,TROUT
6.68,11.86,9.04,7.53,0.007,TROUT
7.98,20.91,27.6,6.42,0.006,CARP
8.12,27.98,9.48,5.36,0.008,SHRIMP
7.69,29.38,18.22,7.35,0.005,ROHU
7.32,10.62,9.43,7.3,0.009,TROUT
7.03,25.58,20.85,6.95,0.02,CARP
7.73,30.28,13.07,7.57,0.005,SHRIMP
8.08,21.93,16.52,7.04,0.039,CARP
7.56,25.06,25.89,5.27,0.038,ROHU
8.42,23.49,20.39,6.12,0.035,ROHU
7.71,27.79,34.23,4.68,0.005,ROHU
7.64,30.61,22.52,4.54,0.045,TILAPIA
7.98,15.24,4.54,9.66,0.007,TROUT
7.23,28.41,12.56,3.54,0.009,TILAPIA
7.49,15.96,4.54,7.25,0.008,TROUT
6.57,29.18,98.58,4.77,0.092,CATFISH
7.05,29.97,17.97,6.55,0.013,ROHU
7.48,29.77,22.99,6.16,0.017,TILAPIA
7.94,16.39,4.59,7.6,0.008,TROUT
6.92,10.56,4.4,8.4,0.001,SALMON
7.74,13.75,0.89,10.1,0.0,SALMON
7.21,28.21,41.58,5.2,0.006,ROHU
6.86,27.31,92.95,5.04,0.071,CATFISH
8.44,25.39,7.88,5.21,0.017,SHRIMP
8.36,25.79,17.21,7.44,0.012,SHRIMP
7.02,8.51,3.65,8.9,0.005,SALMON
8.2,25.66,42.05,5.99,0.047,ROHU
6.6,11.74,4.63,8.81,0.003,TROUT
7.97,29.78,40.94,3.6,0.022,TILAPIA
7.99,27.46,8.78,6.2,0.003,SHRIMP
8.13,25.67,31.68,4.23,0.008,CATFISH
7.1,28.38,36.55,3.14,0.097,CATFISH
8.31,29.0,53.92,3.64,0.004,CATFISH
7.24,26.3,19.74,5.68,0.034,CARP
8.07,31.08,41.89,4.53,0.014,TILAPIA
8.13,20.04,30.63,5.4,0.026,CARP
7.19,11.93,2.96,9.46,0.007,SALMON
7.3,12.76,4.45,8.12,0.001,SALMON
8.47,21.7,28.77,5.96,0.007,CARP
8.37,9.01,1.02,8.74,0.009,SALMON
7.04,21.4,27.53,5.31,0.001,CARP
7.86,28.22,38.36,7.17,0.046,ROHU
7.62,23.5,18.88,5.15,0.049,CARP
6.99,12.95,0.39,7.98,0.009,TROUT
6.7,12.05,9.74,8.14,0.006,TROUT
8.19,25.49,49.17,4.56,0.014,CATFISH
7.37,23.9,77.54,4.22,0.077,CATFISH
7.26,21.4,23.44,5.11,0.047,ROHU
7.9,25.88,67.64,2.71,0.056,CATFISH
7.64,21.9,21.64,5.83,0.038,ROHU
7.72,27.05,38.76,6.54,0.0,TILAPIA
8.01,29.2,17.83,6.4,0.017,SHRIMP
8.12,30.1,10.29,5.72,0.019,SHRIMP
7.55,10.32,4.9,8.96,0.007,SALMON
8.02,25.44,12.68,7.47,0.019,SHRIMP
6.02,26.58,80.2,5.11,0.09,CATFISH
8.9,25.81,39.01,5.12,0.011,TILAPIA
7.71,20.61,30.66,5.64,0.002,ROHU
8.17,26.75,11.86,6.24,0.005,SHRIMP
8.48,31.95,48.73,4.96,0.035,TILAPIA
7.43,22.06,75.7,4.81,0.065,CATFISH
6.88,17.01,4.6,7.63,0.009,TROUT
8.13,23.48,21.46,7.24,0.029,CARP
7.05,19.5,26.86,4.63,0.037,CARP
7.96,29.22,19.55,6.2,0.038,ROHU
8.3,27.05,18.51,5.15,0.015,SHRIMP
7.21,14.98,2.17,8.07,0.004,SALMON
8.6,31.72,27.42,5.24,0.031,TILAPIA
6.51,22.74,34.42,3.44,0.057,CATFISH
7.55,29.06,54.6,4.43,0.064,CATFISH
8.45,24.56,32.27,3.99,0.012,TILAPIA
8.97,26.31,15.74,4.93,0.035,TILAPIA
8.37,24.25,71.67,4.92,0.039,CATFISH
8.05,22.39,18.63,4.61,0.026,CARP
7.97,20.45,31.27,4.55,0.039,ROHU
7.64,28.49,38.35,6.67,0.035,ROHU
6.57,24.7,99.87,5.39,0.088,CATFISH
8.39,20.49,19.5,7.85,0.041,CARP
7.35,23.77,30.2,6.08,0.044,ROHU
8.22,26.24,7.39,6.96,0.006,SHRIMP
6.61,9.44,2.38,9.29,0.006,SALMON
6.78,27.61,17.7,6.58,0.048,TILAPIA
8.35,30.87,7.37,6.61,0.019,SHRIMP
7.39,26.53,50.83,4.55,0.044,CATFISH
6.58,13.46,7.78,8.66,0.006,TROUT
7.91,23.88,27.64,7.0,0.024,ROHU
7.13,16.41,5.39,7.9,0.003,TROUT
8.44,30.98,9.23,6.73,0.009,SHRIMP
6.62,23.45,62.34,2.62,0.079,CATFISH
7.21,24.84,19.37,7.64,0.034,CARP
7.4,22.37,95.23,4.7,0.099,CATFISH
7.66,14.32,1.49,8.05,0.006,TROUT
7.4,21.21,31.76,5.03,0.031,ROHU
6.72,27.51,53.67,5.89,0.01,CATFISH
7.14,12.61,6.46,7.39,0.007,TROUT
8.45,29.19,14.26,6.72,0.004,SHRIMP
7.84,30.72,8.63,6.41,0.019,SHRIMP
7.23,18.38,31.58,5.12,0.036,CARP
7.25,25.06,29.17,7.52,0.048,CARP
7.51,24.42,44.03,4.4,0.044,CATFISH
7.25,26.53,19.52,6.39,0.019,CARP
6.69,9.65,0.26,10.99,0.007,SALMON
7.62,12.52,6.33,9.07,0.007,TROUT
7.62,23.73,31.94,4.69,0.044,ROHU
6.95,27.88,94.94,4.7,0.079,CATFISH
6.21,26.19,91.88,4.43,0.062,CATFISH
8.19,28.08,28.91,5.04,0.032,ROHU
8.95,30.36,38.3,3.54,0.041,TILAPIA
8.22,28.45,22.76,5.48,0.012,ROHU
7.49,15.39,3.13,9.1,0.004,TROUT
7.51,26.34,32.73,5.38,0.007,ROHU
7.66,27.97,40.84,7.04,0.016,ROHU
8.15,26.93,5.62,6.49,0.0,SHRIMP
8.33,27.11,38.76,7.09,0.045,CARP
8.18,24.47,40.92,6.61,0.001,ROHU
7.46,15.97,9.28,8.94,0.01,TROUT
6.87,26.34,56.85,2.5,0.073,CATFISH
7.47,27.86,23.98,7.0,0.009,CARP
6.31,22.64,82.88,2.53,0.096,CATFISH
8.48,25.35,13.75,6.05,0.017,SHRIMP
8.24,20.33,25.76,6.75,0.047,ROHU
7.81,9.78,2.16,8.17,0.006,SALMON
7.12,13.36,0.88,7.61,0.002,TROUT
8.33,9.66,2.14,8.37,0.005,SALMON
7.53,14.11,1.03,8.12,0.007,SALMON
8.1,28.72,15.47,6.38,0.024,TILAPIA
7.33,11.38,2.3,10.92,0.0,SALMON
6.96,27.61,30.69,3.68,0.03,CATFISH
8.34,22.39,20.98,5.99,0.045,ROHU
7.98,27.08,38.36,6.19,0.02,ROHU
8.89,30.12,26.21,5.99,0.047,TILAPIA
7.11,29.72,30.86,5.73,0.013,TILAPIA
7.31,16.77,4.07,9.35,0.008,TROUT
7.02,10.1,3.31,10.09,0.007,SALMON
7.72,26.86,6.06,6.5,0.017,SHRIMP
6.69,14.56,4.13,10.57,0.009,SALMON
7.77,11.26,0.22,9.35,0.001,TROUT
8.3,27.15,48.97,2.93,0.015,CATFISH
8.18,9.19,3.49,8.67,0.001,SALMON
7.66,11.67,4.08,10.25,0.004,SALMON
7.43,23.78,39.47,5.04,0.004,ROHU
8.39,27.91,18.9,6.06,0.014,SHRIMP
7.65,21.82,29.43,7.87,0.026,CARP
7.32,18.75,28.52,7.81,0.016,CARP
6.74,27.46,23.52,3.49,0.015,TILAPIA
7.55,24.71,39.02,5.88,0.003,ROHU
7.55,23.92,20.52,4.86,0.006,CARP
7.94,25.71,28.84,4.84,0.031,TILAPIA
7.72,29.25,36.59,4.83,0.009,ROHU
7.14,9.92,2.03,10.89,0.005,SALMON
8.44,30.53,18.26,5.29,0.013,SHRIMP
6.74,13.27,6.62,8.9,0.004,TROUT
7.09,13.16,4.24,7.73,0.003,TROUT
7.98,23.17,39.76,4.22,0.025,CARP
7.81,24.91,15.2,5.78,0.046,TILAPIA
7.5,26.4,31.01,6.95,0.031,ROHU
7.8,10.83,0.01,8.35,0.002,TROUT
7.31,26.86,99.76,3.55,0.032,CATFISH
8.45,25.98,8.32,5.46,0.006,SHRIMP
8.2,8.34,2.52,10.1,0.005,SALMON
6.56,26.84,36.77,4.13,0.044,CATFISH
7.07,23.64,26.4,6.92,0.033,ROHU
7.81,28.86,25.3,6.95,0.035,TILAPIA
8.05,10.82,3.61,10.05,0.01,SALMON
7.38,26.81,99.91,3.2,0.052,CATFISH
7.97,27.48,13.67,5.77,0.007,SHRIMP
7.64,12.88,3.37,8.76,0.008,SALMON
7.63,29.03,29.5,6.22,0.025,ROHU
8.66,26.35,28.01,3.91,0.018,TILAPIA
6.24,25.16,66.03,5.39,0.008,CATFISH
8.29,27.15,42.1,5.0,0.024,ROHU
7.75,31.81,47.88,4.43,0.007,TILAPIA
6.58,24.17,25.82,6.76,0.044,TILAPIA
6.43,27.49,61.66,4.31,0.003,CATFISH
6.72,16.95,6.43,7.69,0.002,TROUT
7.09,16.33,4.68,9.04,0.006,TROUT
8.5,27.99,73.01,3.98,0.062,CATFISH
7.88,23.37,88.07,4.43,0.098,CATFISH
8.33,22.69,22.31,5.39,0.029,ROHU
7.55,26.53,32.31,4.88,0.012,ROHU
7.67,15.31,6.83,8.44,0.007,TROUT
7.23,25.65,29.02,5.06,0.01,TILAPIA
6.61,17.37,9.74,8.82,0.005,TROUT
7.96,13.61,3.24,8.97,0.009,SALMON
6.89,11.86,2.98,8.32,0.003,TROUT
6.58,27.01,94.49,3.14,0.08,CATFISH
7.55,29.74,13.0,6.73,0.001,SHRIMP
7.14,11.23,1.15,8.55,0.008,SALMON
8.08,26.3,66.18,5.67,0.079,CATFISH
7.11,28.35,28.13,4.51,0.044,ROHU
6.77,16.46,6.12,7.58,0.005,TROUT
7.23,22.43,44.18,4.95,0.036,ROHU
7.09,29.22,20.31,6.09,0.04,ROHU
7.32,23.93,83.18,4.48,0.086,CATFISH
8.07,18.91,39.12,7.91,0.007,CARP
7.86,13.33,3.14,8.17,0.004,TROUT
7.27,23.63,23.74,6.3,0.008,ROHU
8.38,30.73,13.75,5.13,0.019,SHRIMP
6.24,26.8,49.67,3.51,0.008,CATFISH
8.26,26.33,79.0,5.4,0.079,CATFISH
7.81,26.33,20.27,4.7,0.028,CARP
8.18,29.12,18.59,6.12,0.012,SHRIMP
7.52,28.25,30.29,5.84,0.02,TILAPIA
8.08,12.79,4.75,9.29,0.001,SALMON
7.05,19.07,26.5,6.37,0.001,CARP
8.27,30.23,8.21,6.79,0.002,SHRIMP
7.06,28.55,42.19,7.05,0.041,ROHU
7.56,18.81,33.07,4.57,0.044,CARP
7.44,31.18,10.68,5.8,0.048,TILAPIA
7.05,29.14,38.26,4.98,0.035,CATFISH
7.95,26.87,9.03,6.29,0.008,SHRIMP
7.77,29.74,11.81,5.23,0.004,TILAPIA
8.35,20.16,40.59,6.06,0.031,ROHU
7.58,25.82,20.17,5.02,0.041,TILAPIA
7.86,25.57,18.2,5.13,0.033,CARP
6.63,23.84,72.79,4.33,0.001,CATFISH
7.85,28.71,13.77,6.82,0.012,SHRIMP
8.23,10.0,0.79,9.35,0.004,SALMON
7.16,27.76,45.09,3.32,0.041,TILAPIA
8.41,12.65,4.71,8.6,0.0,SALMON
6.61,17.1,7.66,7.59,0.006,TROUT
6.74,15.87,7.27,8.28,0.009,TROUT
7.97,11.89,1.69,8.03,0.002,TROUT
6.91,24.32,16.67,4.81,0.012,TILAPIA
7.17,15.0,1.39,9.92,0.004,TROUT
7.72,21.86,18.61,7.11,0.047,ROHU
8.91,29.02,41.38,6.51,0.036,TILAPIA
8.47,22.71,14.88,4.81,0.044,CARP
7.25,15.59,5.84,8.35,0.002,TROUT
7.71,26.27,46.59,5.1,0.047,CATFISH
6.62,8.76,2.53,9.58,0.0,SALMON
7.11,31.23,13.98,5.62,0.04,TILAPIA
8.43,26.51,18.84,4.03,0.015,CARP
7.31,26.19,22.38,7.13,0.005,ROHU
7.14,23.77,24.51,6.11,0.033,ROHU
7.32,23.62,26.13,6.36,0.017,CARP
8.34,28.66,28.15,5.64,0.047,ROHU
8.22,22.25,12.9,7.91,0.026,CARP
8.47,26.92,6.4,7.12,0.015,SHRIMP
8.16,29.54,7.85,6.0,0.002,SHRIMP
8.13,28.42,76.3,3.64,0.052,CATFISH
7.45,26.33,33.54,4.09,0.012,CARP
6.71,17.82,5.88,8.53,0.005,TROUT
7.64,11.65,6.95,7.54,0.001,TROUT
8.03,25.82,13.59,5.27,0.004,SHRIMP
7.73,27.48,32.66,3.09,0.05,TILAPIA
7.12,22.24,35.21,7.18,0.002,ROHU
6.52,14.62,9.62,7.71,0.003,TROUT
7.21,11.88,3.08,8.96,0.006,SALMON
7.53,26.21,26.19,5.22,0.022,CARP
8.14,25.62,18.57,6.71,0.016,SHRIMP
6.54,28.2,42.87,3.18,0.048,TILAPIA
7.94,12.4,8.61,9.8,0.007,TROUT
7.5,12.42,0.69,8.12,0.001,SALMON
7.53,18.77,32.59,6.91,0.046,CARP
8.07,27.97,74.15,3.99,0.09,CATFISH
8.3,26.01,16.28,4.11,0.0,TILAPIA
6.83,14.22,1.7,9.4,0.005,TROUT
7.76,24.58,53.15,4.47,0.085,CATFISH
6.95,12.31,1.22,10.96,0.01,SALMON
7.55,26.76,5.75,7.49,0.018,SHRIMP
8.1,28.82,17.74,7.01,0.015,SHRIMP
6.58,24.29,48.11,5.28,0.015,TILAPIA
7.42,16.29,3.34,9.49,0.006,TROUT
7.27,20.7,27.81,4.62,0.048,ROHU
8.4,30.83,15.01,7.92,0.017,SHRIMP
7.82,24.33,43.89,5.67,0.02,ROHU
8.12,12.38,3.49,9.12,0.005,SALMON
7.46,13.69,3.05,7.67,0.002,TROUT
8.98,24.01,17.89,3.75,0.036,TILAPIA
6.94,12.37,1.18,8.21,0.003,TROUT
7.15,25.91,27.0,6.9,0.021,CARP
7.95,27.58,21.32,6.47,0.044,CARP
6.31,25.02,39.56,2.56,0.075,CATFISH
7.57,21.32,40.86,6.34,0.018,ROHU
7.36,19.95,35.24,4.68,0.028,CARP
7.42,28.39,66.79,2.82,0.058,CATFISH
7.96,13.33,3.85,9.99,0.002,SALMON
8.09,25.57,30.78,5.26,0.008,ROHU
7.73,28.03,14.09,5.03,0.016,SHRIMP
7.83,11.86,4.51,7.29,0.003,TROUT
8.07,29.69,5.35,7.91,0.016,SHRIMP
7.21,28.69,64.94,4.78,0.066,CATFISH
6.85,10.05,2.76,8.96,0.004,SALMON
7.76,14.69,3.72,7.24,0.004,TROUT
8.12,19.21,16.65,5.52,0.018,CARP
7.4,20.6,24.6,5.84,0.022,CARP
8.08,25.47,28.4,6.93,0.012,ROHU
7.84,24.09,36.25,7.27,0.03,CARP
7.24,11.34,2.16,10.18,0.006,SALMON
6.62,9.19,3.98,8.0,0.003,SALMON
7.69,13.44,2.53,9.53,0.007,SALMON
7.96,25.17,37.94,3.58,0.001,TILAPIA
7.42,10.24,5.04,9.41,0.005,TROUT
8.47,26.16,39.32,5.44,0.008,TILAPIA
7.4,25.49,15.34,4.98,0.001,CARP
8.23,29.16,16.89,5.77,0.009,SHRIMP
7.87,27.63,13.52,6.48,0.013,SHRIMP
8.08,26.56,19.65,5.3,0.02,ROHU
8.05,27.04,80.15,2.65,0.074,CATFISH
8.8,25.53,41.8,6.87,0.036,TILAPIA
6.58,29.86,19.94,4.47,0.041,TILAPIA
8.02,20.69,34.46,5.44,0.024,CARP
7.84,25.84,9.02,5.16,0.012,SHRIMP
6.88,28.18,73.57,4.17,0.078,CATFISH
7.0,14.66,0.39,8.49,0.001,TROUT
7.64,27.62,6.66,5.66,0.012,SHRIMP
8.25,25.39,16.45,7.32,0.013,SHRIMP
6.79,14.18,2.05,9.84,0.005,SALMON
6.74,11.84,0.77,9.76,0.005,TROUT
8.48,23.51,34.34,4.91,0.003,ROHU
8.46,21.71,10.68,4.59,0.001,CARP
7.11,25.57,26.41,5.12,0.043,CARP
6.62,13.85,4.06,8.82,0.004,TROUT
8.23,31.17,15.87,3.92,0.005,TILAPIA
7.68,22.19,12.18,4.03,0.026,CARP
7.15,23.18,30.83,7.34,0.02,ROHU
7.1,12.5,2.51,9.08,0.001,SALMON
8.07,21.78,38.84,5.3,0.049,CARP
8.28,26.95,12.13,6.17,0.007,SHRIMP
7.54,26.89,30.71,4.58,0.03,CARP
8.68,28.01,23.25,6.99,0.018,TILAPIA
8.31,25.53,10.8,5.26,0.003,SHRIMP
7.08,20.66,25.45,5.92,0.03,CARP
7.28,16.56,8.8,9.55,0.008,TROUT
8.02,29.45,30.22,5.78,0.009,TILAPIA
6.76,31.22,35.21,4.05,0.014,TILAPIA
8.38,13.18,2.71,10.8,0.005,SALMON
8.05,18.48,20.04,6.78,0.04,CARP
8.08,29.04,41.52,6.03,0.032,ROHU
6.85,15.07,6.43,8.22,0.005,TROUT
8.28,29.48,25.84,6.06,0.039,ROHU
8.49,27.73,15.71,7.38,0.01,SHRIMP
7.34,26.95,37.04,5.12,0.019,TILAPIA
8.34,9.76,1.78,8.46,0.007,SALMON
7.29,15.64,8.6,9.83,0.005,TROUT
7.9,24.61,36.96,7.14,0.039,CARP
7.85,10.43,6.09,7.37,0.001,TROUT
6.07,22.46,34.7,5.06,0.05,CATFISH
7.76,16.82,7.33,8.85,0.009,TROUT
7.84,23.62,34.24,5.31,0.04,ROHU
7.5,12.16,4.2,8.09,0.004,SALMON
8.18,13.44,1.64,9.97,0.001,SALMON
7.96,23.96,81.65,4.09,0.099,CATFISH
7.17,10.36,3.62,9.27,0.004,TROUT
8.02,30.64,19.47,3.88,0.03,TILAPIA
6.08,26.86,96.44,5.96,0.048,CATFISH
8.11,28.45,35.36,6.5,0.037,TILAPIA
8.11,26.99,12.65,5.39,0.009,SHRIMP
6.44,25.91,87.59,3.48,0.052,CATFISH
7.6,30.75,17.82,5.24,0.014,SHRIMP
8.49,26.81,8.58,6.7,0.017,SHRIMP
7.93,31.91,12.94,4.6,0.002,TILAPIA
7.23,25.58,98.13,5.97,0.065,CATFISH
7.51,11.7,2.57,9.71,0.0,SALMON
8.12,12.54,4.39,9.14,0.006,SALMON
6.63,15.01,2.81,8.52,0.008,TROUT
7.2,14.2,4.77,10.85,0.007,SALMON
8.26,30.19,21.28,4.15,0.045,TILAPIA
8.21,25.68,44.96,7.36,0.033,ROHU
7.23,25.16,19.73,5.7,0.047,ROHU
7.96,15.89,0.15,9.64,0.001,TROUT
8.48,22.43,40.15,5.91,0.022,ROHU
7.51,21.27,17.29,6.44,0.045,CARP
8.48,27.49,15.28,4.36,0.026,TILAPIA
7.64,28.25,14.22,6.44,0.012,SHRIMP
7.63,13.21,3.43,8.53,0.007,TROUT
7.83,26.82,11.16,5.07,0.013,SHRIMP
7.55,30.42,19.18,7.18,0.014,SHRIMP
7.55,25.39,18.82,6.3,0.021,CARP
7.73,24.05,26.13,6.38,0.001,ROHU
7.96,26.13,20.48,6.38,0.009,CARP
7.24,17.61,1.91,9.75,0.003,TROUT
8.16,10.0,0.93,10.92,0.007,SALMON
7.39,25.8,25.18,6.09,0.033,ROHU
7.57,24.14,19.44,4.14,0.006,TILAPIA
7.26,22.23,29.62,7.06,0.01,ROHU
8.09,27.1,10.75,5.79,0.031,CARP
6.64,26.42,42.3,4.71,0.012,CATFISH
8.39,25.67,44.58,4.97,0.028,CATFISH
8.31,30.45,17.2,7.92,0.008,SHRIMP
7.18,24.72,33.82,7.05,0.011,ROHU
7.78,29.3,32.06,4.1,0.04,TILAPIA
6.83,11.41,3.58,8.96,0.002,TROUT
7.18,10.23,9.2,8.29,0.002,TROUT
7.57,30.31,38.61,6.44,0.0,TILAPIA
8.49,28.87,30.54,2.68,0.061,CATFISH
7.39,30.74,39.86,6.97,0.031,TILAPIA
8.31,23.9,67.77,3.06,0.05,CATFISH
8.05,30.66,7.5,5.88,0.003,SHRIMP
7.54,17.1,5.76,8.92,0.004,TROUT
7.07,27.57,38.59,5.12,0.037,CARP
6.79,13.65,0.21,7.47,0.008,TROUT
8.31,27.89,14.82,5.57,0.011,SHRIMP
8.42,29.65,9.86,5.26,0.012,SHRIMP
8.41,24.26,14.45,6.72,0.005,CARP
7.58,29.15,71.16,4.65,0.072,CATFISH
6.63,12.69,3.98,9.73,0.01,TROUT
7.66,25.35,10.74,5.44,0.046,TILAPIA
7.78,29.16,11.39,6.55,0.018,SHRIMP
8.41,25.61,34.76,5.6,0.039,ROHU
7.97,20.61,29.68,4.9,0.041,ROHU
7.64,8.91,4.2,10.36,0.007,SALMON
8.07,27.37,18.14,6.58,0.009,ROHU
7.36,13.15,3.07,8.22,0.006,TROUT
6.7,17.72,6.01,9.44,0.007,TROUT
8.33,25.55,19.7,7.75,0.004,CARP
7.05,22.71,21.55,4.65,0.025,ROHU
8.2,26.42,22.04,5.72,0.007,CARP
6.55,11.19,6.99,8.1,0.005,TROUT
7.81,21.83,28.16,6.9,0.023,ROHU
7.59,11.49,7.39,8.44,0.005,TROUT
6.98,10.72,3.94,8.79,0.004,TROUT
7.32,15.82,6.22,9.28,0.007,TROUT
7.91,25.95,30.3,4.51,0.028,ROHU
8.31,20.72,20.26,7.72,0.029,CARP
7.99,28.78,12.57,6.61,0.0,SHRIMP
8.38,28.15,18.34,5.99,0.001,SHRIMP
6.64,11.98,2.73,9.93,0.007,TROUT
7.68,25.72,35.29,6.84,0.025,CARP
7.4,22.08,27.78,4.14,0.024,CARP
8.05,27.37,34.87,6.14,0.044,ROHU
8.43,27.94,37.48,4.34,0.017,CARP
7.05,27.34,14.43,7.24,0.041,CARP
8.26,27.45,16.77,5.13,0.028,ROHU
7.66,20.82,41.76,7.11,0.05,ROHU
8.13,20.03,30.03,6.6,0.045,CARP
7.9,10.92,3.58,10.7,0.001,SALMON
7.91,21.8,11.7,6.71,0.016,CARP
7.75,27.35,14.49,5.68,0.046,CARP
7.1,26.98,14.44,6.88,0.029,TILAPIA
7.53,23.47,25.99,4.14,0.048,CARP
7.29,27.94,18.02,5.84,0.027,TILAPIA
7.26,12.36,0.56,8.94,0.004,SALMON
6.08,28.82,39.63,5.61,0.091,CATFISH
6.24,25.39,94.06,5.03,0.082,CATFISH
8.08,28.84,5.01,7.94,0.008,SHRIMP
8.03,27.95,24.02,6.89,0.025,CARP
8.1,22.38,28.07,4.95,0.002,ROHU
8.41,27.85,12.85,5.34,0.006,CARP
7.11,8.37,1.87,10.16,0.003,SALMON
6.34,22.14,61.2,5.68,0.031,CATFISH
7.82,27.59,15.71,5.04,0.006,SHRIMP
7.63,25.52,32.24,4.16,0.034,CARP
7.66,27.84,27.07,4.81,0.015,CARP
8.81,25.43,13.29,6.53,0.046,TILAPIA
8.19,25.32,12.31,7.19,0.046,CARP
6.56,11.67,2.86,7.34,0.001,TROUT
7.35,13.51,1.27,8.39,0.002,TROUT
7.1,28.6,32.43,6.07,0.038,TILAPIA
8.46,19.3,13.35,5.84,0.033,CARP
6.57,12.56,5.72,9.16,0.006,TROUT
6.93,11.64,3.34,10.4,0.002,SALMON
6.99,14.91,0.52,7.3,0.007,TROUT
7.95,27.07,13.74,4.6,0.01,TILAPIA
7.97,13.42,3.92,8.68,0.002,SALMON
8.48,25.15,15.35,5.79,0.001,SHRIMP
7.25,19.48,19.45,6.37,0.018,CARP
8.17,29.26,39.47,6.74,0.017,ROHU
7.18,20.12,15.17,4.27,0.034,CARP
6.92,15.47,8.62,8.44,0.004,TROUT
6.96,13.27,3.02,7.24,0.009,TROUT
7.74,28.37,6.89,7.85,0.017,SHRIMP
6.39,25.32,74.04,5.24,0.069,CATFISH
6.72,12.77,0.43,9.16,0.01,TROUT
7.78,24.45,18.27,3.36,0.02,TILAPIA
7.96,16.63,1.32,9.77,0.005,TROUT
7.77,29.04,17.45,6.51,0.001,ROHU
7.33,16.49,5.32,8.06,0.002,TROUT
7.98,25.04,36.82,5.94,0.014,ROHU
7.67,23.25,18.28,5.75,0.038,ROHU
6.64,31.99,37.8,3.64,0.012,TILAPIA
7.01,9.56,1.0,10.21,0.009,SALMON
7.13,21.14,29.74,5.47,0.027,CARP
7.93,27.33,19.4,7.3,0.004,SHRIMP
6.67,16.01,7.02,9.43,0.003,TROUT
7.76,30.84,40.04,6.11,0.048,TILAPIA
7.15,12.05,0.59,8.01,0.005,TROUT
7.44,11.16,5.04,7.47,0.001,TROUT
7.84,11.47,4.56,9.83,0.0,SALMON
8.38,10.24,1.67,10.52,0.006,SALMON
7.95,19.35,24.21,5.22,0.047,CARP
7.88,26.62,34.46,4.68,0.011,ROHU
8.16,28.39,5.16,5.61,0.016,SHRIMP
7.6,15.86,1.65,9.87,0.002,TROUT
7.06,20.59,19.27,6.75,0.028,CARP
8.15,25.98,5.95,7.56,0.011,SHRIMP
6.96,12.98,0.82,9.57,0.006,TROUT
7.92,17.87,8.66,9.73,0.002,TROUT
7.67,26.27,16.46,7.12,0.012,SHRIMP
7.33,21.94,27.96,5.5,0.019,CARP
7.34,30.36,16.55,5.16,0.025,TILAPIA
7.01,23.7,33.2,5.86,0.039,ROHU
8.26,26.1,15.11,7.75,0.006,SHRIMP
7.49,24.42,20.77,5.85,0.008,ROHU
7.9,25.97,32.55,4.32,0.048,CARP
7.92,12.63,6.94,9.58,0.004,TROUT
6.77,10.62,4.05,9.71,0.001,SALMON
6.84,30.07,47.19,5.4,0.032,TILAPIA
8.36,23.76,26.99,5.05,0.03,CARP
7.67,29.62,49.79,5.64,0.04,TILAPIA
7.96,26.11,9.59,7.32,0.009,SHRIMP
8.5,12.66,1.31,8.61,0.005,SALMON
8.48,8.81,0.65,8.39,0.007,SALMON
7.73,15.95,8.6,7.64,0.004,TROUT
7.81,18.88,22.32,6.18,0.023,CARP
7.99,29.83,11.4,8.0,0.009,SHRIMP
7.6,25.43,35.44,5.84,0.03,CARP
7.28,31.22,19.15,3.76,0.026,TILAPIA
7.54,30.88,7.17,6.21,0.019,SHRIMP
8.27,28.18,44.59,5.35,0.016,ROHU
8.44,24.99,33.48,5.5,0.034,ROHU
8.0,20.47,19.07,5.07,0.012,ROHU
7.27,25.92,55.33,5.98,0.011,CATFISH
8.39,23.95,93.36,5.04,0.074,CATFISH
7.56,19.39,36.44,7.0,0.038,CARP
7.27,23.2,53.08,2.98,0.072,CATFISH
7.78,28.01,13.81,6.89,0.014,SHRIMP
6.8,27.6,37.96,5.4,0.076,CATFISH
6.67,25.05,54.83,2.71,0.047,CATFISH
6.85,12.93,7.94,9.21,0.009,TROUT
7.04,30.25,21.16,3.58,0.017,TILAPIA
6.26,27.14,52.76,4.71,0.083,CATFISH
7.59,25.87,32.1,6.75,0.034,ROHU
7.31,13.42,3.03,9.48,0.009,SALMON
7.36,24.45,78.54,2.66,0.048,CATFISH
8.9,29.86,14.42,3.85,0.049,TILAPIA
7.15,28.49,24.7,5.82,0.016,ROHU
7.33,15.02,4.81,9.48,0.008,TROUT
8.01,25.9,56.7,5.41,0.049,CATFISH
7.24,9.57,4.08,10.54,0.002,SALMON
8.41,13.44,3.94,9.87,0.008,SALMON
7.31,9.08,2.71,10.53,0.005,SALMON
7.32,22.98,67.81,4.64,0.1,CATFISH
7.67,16.89,8.89,7.91,0.007,TROUT
7.72,28.03,19.49,7.84,0.014,SHRIMP
7.98,10.64,4.52,8.85,0.01,SALMON
6.66,15.79,1.42,8.4,0.004,TROUT
7.56,15.48,5.16,8.39,0.004,TROUT
6.5,11.88,1.19,10.24,0.004,SALMON
7.83,29.21,5.68,6.16,0.007,SHRIMP
8.73,24.57,43.42,3.37,0.003,TILAPIA
8.12,8.54,3.57,9.61,0.0,SALMON
6.84,28.08,61.08,5.23,0.075,CATFISH
6.52,12.3,0.31,7.28,0.002,TROUT
7.5,30.47,14.34,6.33,0.015,SHRIMP
8.33,22.54,18.32,7.67,0.019,CARP
7.89,29.42,82.08,3.58,0.056,CATFISH
7.01,23.64,20.06,6.77,0.003,ROHU
8.88,28.9,14.15,6.43,0.026,TILAPIA
7.41,25.87,34.79,4.55,0.012,ROHU
7.29,26.14,47.98,3.74,0.035,TILAPIA
8.25,30.75,33.79,6.14,0.037,TILAPIA
8.38,18.82,34.9,5.8,0.043,CARP
8.23,22.73,15.77,4.4,0.037,CARP
7.11,28.55,84.16,3.32,0.015,CATFISH
7.89,25.77,32.09,7.87,0.006,CARP
7.73,29.12,91.19,5.92,0.051,CATFISH
6.14,22.65,43.21,5.55,0.063,CATFISH
6.88,10.45,8.16,8.86,0.01,TROUT
8.35,28.82,27.74,5.77,0.008,ROHU
6.95,8.74,4.77,8.84,0.004,SALMON
6.76,15.29,4.6,8.11,0.003,TROUT
7.61,29.12,67.48,3.47,0.088,CATFISH
8.0,20.59,31.82,4.06,0.008,CARP
7.93,17.06,5.64,8.94,0.009,TROUT
7.34,17.21,0.31,7.81,0.007,TROUT
7.21,24.51,26.55,6.85,0.008,ROHU
6.88,17.58,5.38,7.1,0.004,TROUT
6.37,27.97,43.06,3.32,0.079,CATFISH
6.95,28.41,26.11,3.76,0.039,TILAPIA
7.83,17.28,1.05,9.97,0.003,TROUT
6.55,26.76,93.38,3.74,0.021,CATFISH
7.85,29.41,19.11,5.28,0.006,SHRIMP
8.31,25.14,32.64,5.61,0.033,ROHU
7.44,22.91,63.39,3.75,0.049,CATFISH
7.74,21.12,18.49,7.35,0.011,ROHU
7.77,22.5,28.95,6.19,0.05,ROHU
8.19,28.26,13.49,5.32,0.009,SHRIMP
8.49,27.74,6.02,7.05,0.001,SHRIMP
7.29,25.95,37.66,4.92,0.041,ROHU
7.32,14.45,2.5,10.13,0.002,SALMON
8.35,27.63,40.4,7.23,0.046,ROHU
7.6,27.46,19.13,6.31,0.02,SHRIMP
7.96,24.44,14.81,4.95,0.023,CARP
8.34,26.91,22.77,7.21,0.021,ROHU
6.97,28.81,74.56,2.99,0.065,CATFISH
7.91,26.02,5.33,5.64,0.011,SHRIMP
8.48,25.61,12.42,6.64,0.014,CARP
7.38,29.16,30.0,6.51,0.014,ROHU
7.73,10.99,3.74,8.98,0.007,TROUT
6.94,14.76,0.62,9.44,0.001,SALMON
8.35,25.27,40.49,4.68,0.011,ROHU
7.97,26.47,21.72,6.21,0.039,CARP
6.66,13.32,2.22,10.18,0.007,SALMON
7.11,28.86,20.24,6.39,0.032,ROHU
7.51,26.73,5.14,5.69,0.008,SHRIMP
6.41,27.9,94.14,2.88,0.019,CATFISH
7.02,23.08,25.48,5.05,0.033,CARP
7.83,29.27,25.01,5.48,0.02,ROHU
8.11,21.63,16.73,7.79,0.039,CARP
6.77,14.08,5.05,7.41,0.002,TROUT
8.45,14.66,0.04,10.22,0.003,SALMON
8.44,27.9,19.93,7.02,0.001,SHRIMP
6.56,22.48,36.57,4.8,0.051,CATFISH
8.47,28.94,12.73,5.82,0.013,SHRIMP
7.25,24.46,25.21,5.9,0.021,ROHU
6.98,29.64,60.67,5.02,0.066,CATFISH
6.82,16.63,9.24,8.91,0.001,TROUT
8.12,23.88,41.86,2.74,0.09,CATFISH
7.06,28.62,20.6,5.65,0.03,TILAPIA
7.49,24.08,38.13,5.8,0.046,ROHU
7.69,20.87,20.62,4.12,0.049,CARP
8.49,25.53,22.26,7.31,0.027,CARP
7.43,9.93,0.9,9.67,0.008,SALMON
7.68,16.59,6.78,9.52,0.007,TROUT
8.82,27.56,49.33,4.19,0.012,TILAPIA
7.32,14.59,2.58,9.57,0.006,SALMON
8.28,29.07,97.96,5.01,0.068,CATFISH
7.51,30.89,12.39,7.82,0.011,SHRIMP
8.38,23.23,31.47,4.44,0.013,CARP
7.75,11.47,6.14,7.16,0.001,TROUT
7.11,25.95,21.6,5.41,0.006,ROHU
6.55,27.07,12.75,6.17,0.037,TILAPIA
7.75,24.09,81.04,5.01,0.046,CATFISH
7.08,25.15,26.3,7.32,0.014,CARP
7.9,28.65,16.29,7.2,0.0,SHRIMP
6.88,12.74,3.56,10.96,0.005,SALMON
7.79,11.95,1.87,8.41,0.01,SALMON
6.43,22.18,53.59,5.53,0.004,CATFISH
8.16,20.22,30.8,4.66,0.028,ROHU
6.55,15.97,6.43,7.75,0.005,TROUT
7.5,21.32,36.92,5.81,0.02,CARP
8.98,30.02,48.48,4.18,0.008,TILAPIA
6.79,17.63,5.98,9.26,0.007,TROUT
7.5,23.64,31.79,5.93,0.026,CARP
8.26,25.37,33.79,4.88,0.032,CARP
7.44,17.96,9.96,9.57,0.001,TROUT
7.15,12.38,3.59,8.43,0.001,SALMON
6.79,10.5,4.29,8.11,0.002,SALMON
8.18,28.32,15.25,6.57,0.014,SHRIMP
8.71,24.26,40.07,5.62,0.038,TILAPIA
7.96,12.29,2.31,9.5,0.004,TROUT
8.42,28.36,5.68,6.22,0.008,SHRIMP
7.66,26.09,13.58,6.03,0.008,SHRIMP
7.36,26.74,31.96,6.97,0.05,CARP
6.42,26.0,80.77,2.79,0.063,CATFISH
6.99,16.72,7.62,9.16,0.01,TROUT
7.94,23.61,39.93,7.39,0.047,ROHU
7.99,30.6,31.81,3.88,0.017,TILAPIA
7.45,22.21,87.79,3.12,0.006,CATFISH
8.46,27.37,5.39,5.67,0.019,SHRIMP
8.17,24.86,64.62,2.72,0.028,CATFISH
8.35,24.88,39.13,6.04,0.032,CARP
7.58,28.81,10.3,4.39,0.03,TILAPIA
7.29,26.5,20.99,6.25,0.034,ROHU
6.56,8.64,0.39,9.2,0.008,SALMON
7.44,27.2,37.33,4.67,0.003,CARP
7.87,28.77,18.57,5.74,0.014,ROHU
8.47,30.51,18.85,3.6,0.007,TILAPIA
8.31,29.66,31.39,6.11,0.029,TILAPIA
6.88,30.39,32.46,6.33,0.0,TILAPIA
8.17,29.06,61.15,4.28,0.042,CATFISH
7.79,17.22,8.92,9.43,0.008,TROUT
7.99,30.29,40.76,4.4,0.019,TILAPIA
7.35,26.49,22.28,5.88,0.024,ROHU
7.22,22.92,30.23,5.53,0.028,ROHU
6.54,8.66,0.74,8.24,0.009,SALMON
8.4,26.11,15.22,7.77,0.011,SHRIMP
6.77,13.41,4.28,10.35,0.008,SALMON
7.55,26.7,43.15,4.76,0.016,ROHU
7.21,22.59,25.91,7.12,0.009,ROHU
8.27,11.6,2.91,8.49,0.002,SALMON
7.69,26.34,17.04,7.68,0.01,SHRIMP
6.96,26.99,60.8,3.87,0.056,CATFISH
7.86,27.78,35.98,4.24,0.036,CARP
7.71,26.94,65.21,5.49,0.071,CATFISH
7.3,10.81,2.03,8.29,0.01,SALMON
6.55,13.57,5.44,9.4,0.007,TROUT
7.23,30.93,23.58,3.49,0.032,TILAPIA
7.35,20.8,39.16,4.72,0.026,CARP
7.71,13.46,5.61,9.74,0.006,TROUT
6.61,29.13,94.02,3.97,0.066,CATFISH
7.98,21.72,19.95,7.73,0.044,CARP
8.01,29.11,97.86,5.02,0.055,CATFISH
7.65,22.55,21.5,4.52,0.032,ROHU
6.52,9.54,3.33,10.69,0.007,SALMON
8.04,20.02,11.62,6.47,0.026,CARP
7.89,14.42,7.9,7.64,0.003,TROUT
7.79,13.01,0.48,8.21,0.002,SALMON
6.94,14.48,2.86,8.31,0.002,SALMON
6.49,26.88,59.41,5.6,0.076,CATFISH
6.33,27.9,89.85,4.78,0.004,CATFISH
8.04,18.69,32.35,5.35,0.018,CARP
8.23,28.65,63.56,3.41,0.014,CATFISH
7.81,22.66,71.38,4.19,0.098,CATFISH
7.22,29.47,36.63,4.09,0.012,TILAPIA
6.87,23.81,80.32,4.22,0.075,CATFISH
8.72,26.66,17.67,5.86,0.016,TILAPIA
8.13,27.52,19.67,4.99,0.004,ROHU
7.4,28.35,32.18,4.97,0.01,ROHU
6.81,10.47,5.46,9.1,0.01,TROUT
8.01,29.82,29.29,4.99,0.005,ROHU
6.62,10.17,3.71,9.24,0.002,TROUT
8.3,25.35,45.63,3.07,0.046,CATFISH
7.78,29.86,7.79,5.87,0.004,SHRIMP
8.38,23.65,31.87,6.54,0.05,CARP
7.26,13.26,5.89,7.58,0.001,TROUT
8.68,26.53,22.21,3.41,0.044,TILAPIA
8.03,29.52,18.37,7.0,0.029,ROHU
8.25,27.45,25.71,6.96,0.031,TILAPIA
8.18,27.69,17.95,7.61,0.009,SHRIMP
7.55,21.73,33.38,5.96,0.044,CARP
7.98,25.75,7.56,7.56,0.017,SHRIMP
7.64,23.09,50.31,3.66,0.0,CATFISH
8.04,25.11,19.3,7.53,0.005,SHRIMP
8.02,24.84,42.27,4.59,0.017,ROHU
7.75,13.05,0.64,7.2,0.0,TROUT
8.86,26.99,49.32,3.14,0.033,TILAPIA
7.9,26.85,29.0,5.51,0.031,ROHU
7.29,9.27,3.01,10.49,0.006,SALMON
7.16,8.85,2.33,8.01,0.004,SALMON
7.36,11.2,2.5,9.98,0.005,SALMON
7.16,10.87,4.32,8.99,0.01,SALMON
6.58,16.14,6.66,8.5,0.005,TROUT
7.59,27.14,29.99,5.11,0.035,TILAPIA
7.0,9.14,1.99,8.25,0.005,SALMON
8.33,26.96,41.96,6.63,0.049,ROHU
8.96,26.87,23.15,3.37,0.029,TILAPIA
7.54,25.7,30.86,5.6,0.016,TILAPIA
6.85,27.4,50.71,3.73,0.044,CATFISH
7.59,21.0,37.86,5.6,0.044,ROHU
6.06,29.91,79.7,4.32,0.039,CATFISH
8.03,29.05,33.23,5.86,0.029,ROHU
7.52,28.32,13.68,6.28,0.001,SHRIMP
7.42,10.93,5.11,8.49,0.001,TROUT
7.45,15.97,2.95,8.87,0.002,TROUT
8.39,8.5,2.43,9.79,0.002,SALMON
7.53,26.37,25.84,4.12,0.049,CARP
8.29,10.05,2.71,8.95,0.008,SALMON
7.75,27.17,14.49,5.0,0.009,SHRIMP
7.78,27.74,36.9,4.04,0.016,TILAPIA
8.03,26.41,17.81,7.16,0.016,SHRIMP
6.98,11.28,5.11,8.16,0.002,TROUT
8.49,25.69,38.24,7.08,0.035,ROHU
7.68,11.05,4.74,9.07,0.008,SALMON
6.6,22.52,67.09,3.46,0.08,CATFISH
7.37,14.82,5.88,7.35,0.006,TROUT
7.31,27.95,33.2,6.91,0.018,CARP
6.67,13.89,2.14,9.35,0.008,SALMON
7.68,26.27,5.1,7.13,0.01,SHRIMP
6.63,14.63,3.83,10.19,0.002,SALMON
6.62,28.6,51.86,3.44,0.09,CATFISH
6.73,10.12,6.9,7.29,0.001,TROUT
6.97,25.0,30.14,4.09,0.03,TILAPIA
6.77,25.04,12.49,3.35,0.022,TILAPIA
7.51,21.92,20.43,5.46,0.049,ROHU
7.92,10.54,0.43,10.53,0.003,SALMON
7.38,9.22,0.87,9.88,0.004,SALMON
7.6,10.51,5.93,9.86,0.003,TROUT
8.23,29.15,20.22,7.18,0.006,ROHU
7.7,11.98,7.16,9.44,0.004,TROUT
7.43,24.25,99.39,3.67,0.021,CATFISH
7.57,24.93,16.94,7.08,0.007,CARP
8.43,26.04,33.17,4.88,0.05,ROHU
7.77,26.38,39.56,4.73,0.035,CARP
8.03,29.03,19.91,4.76,0.037,ROHU
6.77,14.44,1.81,8.92,0.009,SALMON
7.25,24.22,42.85,7.2,0.004,ROHU
7.66,26.9,24.03,7.4,0.016,CARP
8.29,10.98,3.95,8.71,0.009,SALMON
8.52,25.53,43.87,3.23,0.0,TILAPIA
6.62,26.43,27.73,3.69,0.036,TILAPIA
8.26,20.13,13.16,6.06,0.039,CARP
7.62,29.26,8.46,6.24,0.001,SHRIMP
7.57,26.21,16.91,7.69,0.006,SHRIMP
8.1,26.45,9.91,5.96,0.007,SHRIMP
6.85,22.9,64.93,2.59,0.015,CATFISH
6.66,16.28,1.12,9.17,0.004,TROUT
7.63,15.7,2.17,8.82,0.005,TROUT
7.3,25.52,31.28,5.16,0.003,CARP
6.75,24.09,92.36,3.57,0.065,CATFISH
8.15,25.72,27.76,6.73,0.048,ROHU
8.36,29.73,38.29,5.08,0.035,ROHU
6.79,22.93,96.5,3.69,0.071,CATFISH
7.33,12.16,2.1,8.46,0.005,SALMON
6.94,15.54,0.34,7.61,0.002,TROUT
7.33,12.88,2.54,8.72,0.008,SALMON
7.71,22.01,15.47,5.37,0.018,ROHU
8.06,27.45,36.83,5.73,0.032,ROHU
7.97,21.18,43.39,7.09,0.001,ROHU
7.55,26.85,9.32,6.88,0.003,SHRIMP
8.27,28.45,17.37,7.96,0.006,SHRIMP
7.6,17.83,1.17,8.3,0.001,TROUT
7.12,23.57,35.87,7.36,0.048,ROHU
8.39,27.35,13.39,6.58,0.012,SHRIMP
8.43,26.31,15.75,5.33,0.024,CARP
6.69,26.01,17.12,6.1,0.016,TILAPIA
8.5,26.5,29.71,7.38,0.004,CARP
8.31,23.83,64.56,5.59,0.008,CATFISH
6.85,15.06,2.6,7.57,0.005,TROUT
7.89,12.99,4.56,10.66,0.003,SALMON
8.07,10.57,1.36,9.36,0.008,SALMON
6.81,14.86,7.59,8.29,0.01,TROUT
6.96,23.05,90.95,2.58,0.032,CATFISH
7.32,13.49,4.15,9.66,0.004,TROUT
6.77,26.25,40.07,5.39,0.074,CATFISH
7.91,26.42,34.96,5.62,0.04,ROHU
8.27,26.45,19.77,7.71,0.011,SHRIMP
7.23,11.17,8.68,7.85,0.008,TROUT
7.82,14.25,6.03,7.27,0.003,TROUT
7.02,16.67,3.66,9.26,0.004,TROUT
7.54,22.97,30.17,5.71,0.008,CATFISH
7.98,24.24,21.84,4.71,0.027,ROHU
7.58,20.38,35.13,7.43,0.019,CARP
6.04,22.95,91.41,5.43,0.03,CATFISH
6.88,25.44,36.79,4.63,0.008,TILAPIA
7.79,22.34,39.24,5.66,0.042,ROHU
7.33,24.98,35.6,6.53,0.013,CARP
8.45,28.44,12.62,7.52,0.017,SHRIMP
8.8,29.02,45.14,5.35,0.016,TILAPIA
7.2,12.62,4.05,9.47,0.006,TROUT
7.1,23.14,89.91,2.88,0.065,CATFISH
6.54,11.84,9.05,8.92,0.002,TROUT
7.98,13.25,0.72,8.3,0.009,SALMON
8.16,26.14,25.55,7.65,0.016,CARP
8.33,11.06,1.52,8.81,0.0,SALMON
7.44,26.55,16.2,6.33,0.036,ROHU
7.32,25.38,40.0,5.47,0.013,ROHU
7.58,21.36,25.7,7.17,0.038,ROHU
7.19,29.85,33.24,6.0,0.019,ROHU
7.97,26.15,12.81,6.07,0.006,SHRIMP
8.02,25.75,36.05,6.06,0.018,TILAPIA
6.5,12.72,8.13,8.16,0.006,TROUT
8.48,26.69,11.62,5.19,0.017,SHRIMP
7.9,21.79,19.37,4.51,0.047,ROHU
7.12,23.99,16.99,5.06,0.044,CARP
8.24,24.23,22.57,7.45,0.015,ROHU
7.95,23.06,89.46,5.78,0.028,CATFISH
7.5,27.25,6.67,6.25,0.016,SHRIMP
7.18,11.17,2.83,10.05,0.001,SALMON
8.05,26.53,51.04,3.53,0.036,CATFISH
7.16,25.43,35.99,6.39,0.016,TILAPIA
7.01,10.18,2.72,9.59,0.0,TROUT
7.63,28.39,33.69,6.71,0.017,ROHU
8.88,30.27,17.9,5.23,0.006,TILAPIA
8.27,27.34,18.95,5.89,0.03,TILAPIA
7.54,25.9,14.1,5.45,0.023,CARP
7.48,24.06,39.25,6.29,0.027,ROHU
7.3,14.12,0.42,7.21,0.0,TROUT
6.73,29.22,23.33,4.55,0.029,TILAPIA
7.44,26.34,14.97,4.21,0.01,CARP
7.68,23.74,77.37,2.82,0.015,CATFISH
7.66,10.6,8.33,7.11,0.003,TROUT
7.44,14.98,1.47,8.63,0.004,TROUT
8.02,25.77,10.39,5.19,0.02,SHRIMP
6.89,17.13,4.83,7.41,0.004,TROUT
8.43,26.43,17.69,7.0,0.012,SHRIMP
7.41,11.6,3.44,9.54,0.001,TROUT
7.18,21.82,17.0,4.4,0.006,CARP
8.28,26.38,19.59,5.25,0.001,SHRIMP
8.08,13.48,0.66,9.99,0.005,SALMON
7.79,27.6,12.33,5.19,0.01,SHRIMP
7.61,23.48,44.43,3.38,0.018,CATFISH
7.97,26.84,18.11,7.25,0.017,SHRIMP
8.37,29.69,29.9,5.37,0.039,ROHU
7.79,28.4,19.48,6.5,0.046,ROHU
7.79,25.76,9.44,6.06,0.014,SHRIMP
7.64,24.64,12.13,5.33,0.001,CARP
7.78,8.44,4.82,8.07,0.006,SALMON
8.04,22.29,30.24,5.05,0.068,CATFISH
7.71,24.36,32.48,4.64,0.039,TILAPIA
7.59,12.83,9.89,9.14,0.004,TROUT
7.81,27.94,33.31,6.22,0.034,ROHU
7.97,25.1,32.46,3.22,0.03,TILAPIA
7.39,17.54,6.09,9.35,0.007,TROUT
7.65,31.84,15.57,5.76,0.02,TILAPIA
7.95,30.31,10.18,6.12,0.017,SHRIMP
7.98,9.35,3.85,8.5,0.008,SALMON
7.87,14.42,2.04,8.7,0.009,SALMON
7.29,31.71,37.57,4.57,0.035,TILAPIA
6.79,13.81,3.23,9.09,0.005,SALMON
8.11,29.27,50.61,4.51,0.032,CATFISH
7.09,25.77,64.9,5.59,0.06,CATFISH
8.2,27.33,12.4,5.52,0.046,CARP
8.42,26.15,30.54,7.38,0.03,CARP
6.93,12.11,3.03,8.67,0.009,TROUT
7.17,10.46,0.26,8.36,0.002,SALMON
7.58,25.24,9.95,7.19,0.01,SHRIMP
8.31,29.6,16.79,6.38,0.0,SHRIMP
7.47,9.74,0.84,10.2,0.005,SALMON
6.35,23.48,66.99,5.91,0.059,CATFISH
8.12,27.26,6.17,6.2,0.012,SHRIMP
7.58,26.77,34.54,3.43,0.039,CATFISH
6.58,9.91,2.0,9.43,0.005,SALMON
7.49,14.66,8.48,8.9,0.002,TROUT
7.5,27.47,35.35,7.93,0.035,CARP
6.64,28.53,46.79,4.15,0.008,TILAPIA
7.49,24.07,42.19,6.77,0.049,ROHU
7.67,25.31,42.02,6.15,0.013,ROHU
8.04,30.72,9.68,5.93,0.01,SHRIMP
8.21,24.68,40.26,5.53,0.048,ROHU
7.01,26.04,28.41,6.09,0.027,ROHU
7.26,29.61,65.35,4.15,0.045,CATFISH
8.09,21.81,25.68,5.17,0.016,CARP
8.37,28.59,16.46,7.87,0.013,SHRIMP
7.83,26.85,15.33,7.04,0.041,ROHU
7.9,26.34,39.71,5.02,0.008,TILAPIA
7.86,25.25,9.19,5.88,0.017,SHRIMP
7.17,28.02,55.22,3.32,0.093,CATFISH
7.85,27.81,35.97,4.31,0.003,TILAPIA
7.17,26.43,39.79,5.47,0.023,CARP
7.67,10.08,4.53,9.22,0.002,SALMON
7.88,8.93,2.51,10.34,0.002,SALMON
8.4,26.59,7.56,6.77,0.004,SHRIMP
8.46,31.47,24.71,5.74,0.03,TILAPIA
6.94,23.08,79.53,5.35,0.013,CATFISH
8.77,29.18,29.12,6.26,0.023,TILAPIA
7.0,21.73,18.74,7.47,0.037,CARP
7.45,22.68,16.29,7.7,0.003,CARP
7.12,30.53,28.61,6.67,0.039,TILAPIA
7.38,17.95,8.81,8.61,0.01,TROUT
7.16,12.81,4.25,8.97,0.003,SALMON
7.46,22.3,91.42,3.54,0.1,CATFISH
8.4,30.44,7.03,5.44,0.015,SHRIMP
7.39,24.11,11.23,7.88,0.046,CARP
7.65,29.32,27.92,7.28,0.017,ROHU
7.67,22.29,38.78,4.7,0.004,CARP
8.33,22.41,38.65,6.53,0.011,ROHU
6.17,26.77,30.95,3.64,0.093,CATFISH
7.1,12.83,2.12,8.69,0.004,SALMON
7.75,28.82,16.21,7.27,0.01,ROHU
7.56,21.9,15.45,4.71,0.009,ROHU
7.37,22.44,39.43,4.82,0.011,ROHU
7.6,14.63,0.03,8.4,0.003,SALMON
8.84,30.28,36.11,4.73,0.006,TILAPIA
7.96,28.05,6.57,5.1,0.015,SHRIMP
8.3,28.46,18.93,6.77,0.035,TILAPIA
7.97,18.12,19.97,5.57,0.023,CARP
7.07,20.84,28.87,6.34,0.032,CARP
8.06,28.69,88.07,3.05,0.003,CATFISH
7.96,28.15,37.58,6.95,0.033,ROHU
7.58,25.93,30.47,7.48,0.025,ROHU
7.96,17.91,7.95,8.89,0.005,TROUT
7.99,19.45,21.91,4.41,0.014,CARP
6.8,14.62,2.54,10.78,0.003,SALMON
7.14,28.23,40.76,2.83,0.088,CATFISH
6.88,17.28,2.94,8.11,0.001,TROUT
7.34,15.69,4.18,7.2,0.003,TROUT
8.42,31.3,13.14,6.3,0.027,TILAPIA
6.6,26.82,75.32,4.33,0.052,CATFISH
7.41,9.06,4.12,8.94,0.005,SALMON
7.56,25.1,34.35,4.85,0.045,CARP
7.33,17.58,0.75,7.13,0.002,TROUT
6.88,16.11,7.1,7.48,0.005,TROUT
7.44,15.48,1.24,9.83,0.003,TROUT
8.02,26.34,17.69,7.45,0.008,SHRIMP
8.17,8.9,1.34,10.04,0.01,SALMON
7.02,22.69,20.73,6.02,0.01,ROHU
7.98,28.83,18.14,5.0,0.02,SHRIMP
7.8,16.08,3.86,9.26,0.01,TROUT
7.56,30.51,6.84,6.86,0.012,SHRIMP
7.6,14.72,2.76,10.54,0.003,SALMON
7.68,26.23,25.19,5.39,0.029,TILAPIA
8.45,20.77,31.31,6.51,0.001,CARP
6.65,9.7,0.1,8.74,0.007,SALMON
7.09,29.02,41.89,6.76,0.03,TILAPIA
7.32,24.58,49.76,6.48,0.023,TILAPIA
6.64,12.06,0.73,8.09,0.001,SALMON
6.52,30.26,12.3,4.91,0.032,TILAPIA
7.77,26.98,23.74,6.51,0.048,CARP
7.83,11.65,0.81,9.61,0.009,SALMON
7.03,24.11,49.96,5.33,0.009,TILAPIA
8.2,20.82,28.77,5.64,0.012,CARP
7.46,20.58,29.59,5.33,0.02,ROHU
6.82,15.91,9.48,7.04,0.004,TROUT
6.99,13.84,8.44,8.21,0.008,TROUT
6.53,16.27,0.8,7.42,0.006,TROUT
7.27,25.6,80.11,2.68,0.05,CATFISH
8.26,31.43,37.45,5.72,0.011,TILAPIA
8.01,18.17,15.35,4.91,0.021,CARP
7.12,25.43,14.09,6.49,0.016,CARP
7.99,26.94,17.96,7.33,0.004,SHRIMP
6.31,23.37,99.24,5.04,0.005,CATFISH
8.27,12.91,3.54,9.56,0.008,SALMON
8.27,27.09,60.71,5.94,0.086,CATFISH
7.41,29.74,37.29,6.32,0.046,ROHU
8.37,29.55,15.84,5.26,0.0,SHRIMP
6.68,13.28,4.66,7.51,0.0,TROUT
8.3,25.38,11.13,4.63,0.029,TILAPIA
8.12,12.27,0.55,10.05,0.01,SALMON
7.18,14.56,4.53,7.76,0.008,TROUT
7.0,14.68,2.25,8.39,0.001,SALMON
7.28,26.13,12.37,6.07,0.044,TILAPIA
6.51,27.52,30.75,3.57,0.04,CATFISH
8.1,13.44,2.32,10.59,0.009,SALMON
8.38,9.27,0.93,8.49,0.008,SALMON
8.08,28.57,12.72,5.47,0.02,SHRIMP
7.19,28.09,49.17,3.5,0.019,TILAPIA
7.57,27.14,65.35,3.0,0.075,CATFISH
7.96,14.3,4.98,7.56,0.006,TROUT
7.21,8.36,2.39,10.72,0.0,SALMON
6.81,12.21,7.12,8.82,0.008,TROUT
8.05,13.46,1.81,10.65,0.0,SALMON
8.46,26.86,9.95,5.57,0.016,SHRIMP
7.82,29.5,15.72,5.84,0.006,SHRIMP
7.63,29.52,5.69,5.45,0.002,SHRIMP
7.19,27.48,34.58,6.21,0.044,CARP
7.22,28.44,79.45,5.28,0.077,CATFISH
7.9,24.76,39.45,3.6,0.036,CATFISH
7.42,12.6,4.08,9.18,0.0,SALMON
8.36,24.04,21.91,5.2,0.033,ROHU
7.51,28.29,7.38,5.85,0.006,SHRIMP
7.45,14.42,5.86,7.91,0.006,TROUT
8.5,30.03,13.36,5.58,0.014,SHRIMP
8.0,12.21,2.83,8.45,0.002,SALMON
6.16,29.0,69.04,3.66,0.034,CATFISH
7.48,28.88,35.1,7.5,0.008,ROHU
6.74,26.23,88.81,2.74,0.008,CATFISH
8.29,25.7,75.29,3.43,0.016,CATFISH
6.42,28.01,35.86,4.48,0.055,CATFISH
7.06,12.02,0.07,9.43,0.001,SALMON
6.59,13.82,4.19,10.5,0.002,SALMON
7.46,12.46,4.32,9.62,0.01,TROUT
6.24,26.23,50.39,5.9,0.086,CATFISH
8.34,19.29,19.32,4.97,0.029,CARP
8.24,25.11,10.42,5.06,0.02,SHRIMP
8.35,25.18,18.92,4.7,0.004,TILAPIA
6.4,28.23,50.95,3.24,0.056,CATFISH
8.3,25.99,40.49,7.1,0.03,ROHU
7.4,25.45,39.15,5.43,0.01,ROHU
7.1,27.01,30.55,5.99,0.015,ROHU
6.92,26.06,46.29,3.88,0.054,CATFISH
6.89,11.0,7.13,8.08,0.002,TROUT
7.49,15.97,7.2,8.98,0.008,TROUT
8.63,25.98,17.01,6.4,0.011,TILAPIA
7.64,18.25,11.98,6.59,0.048,CARP
6.92,29.85,90.31,2.66,0.057,CATFISH
7.67,19.98,12.62,6.87,0.045,CARP
8.19,9.72,2.86,10.86,0.007,SALMON
7.95,27.81,96.63,5.08,0.069,CATFISH
7.83,10.15,4.14,7.8,0.002,TROUT
8.15,8.02,4.16,8.79,0.009,SALMON
8.5,26.93,40.48,3.77,0.016,TILAPIA
7.56,26.0,29.47,5.1,0.007,ROHU
7.97,19.01,39.15,4.59,0.038,CARP
7.44,22.64,72.17,5.48,0.005,CATFISH
8.2,28.76,30.3,5.97,0.031,ROHU
8.23,11.81,0.2,9.39,0.008,SALMON
7.34,23.88,34.58,7.43,0.04,CARP
8.27,30.54,31.75,5.7,0.028,TILAPIA
8.25,25.7,39.14,7.98,0.012,CARP
7.14,13.96,1.91,10.24,0.002,SALMON
7.16,29.39,17.13,3.37,0.017,TILAPIA
7.69,30.91,16.97,3.08,0.033,TILAPIA
7.91,13.18,4.34,9.21,0.008,TROUT
6.68,31.86,48.01,6.41,0.023,TILAPIA
7.45,15.19,5.84,7.55,0.006,TROUT
6.75,31.16,33.12,5.62,0.014,TILAPIA
8.48,30.86,16.58,7.87,0.017,SHRIMP
7.54,23.85,31.87,7.27,0.037,ROHU
7.51,23.24,36.1,4.03,0.036,CARP
8.48,26.52,24.21,3.19,0.001,TILAPIA
7.28,11.22,7.59,9.0,0.003,TROUT
6.97,30.63,44.72,5.09,0.046,TILAPIA
7.48,25.4,70.87,4.67,0.064,CATFISH
6.52,25.27,45.22,3.96,0.049,TILAPIA
8.29,23.27,97.37,3.62,0.039,CATFISH
6.55,14.63,3.61,8.25,0.007,SALMON
7.88,21.74,36.52,6.67,0.01,CARP
7.95,16.01,1.59,8.03,0.002,TROUT
7.78,30.92,18.59,7.79,0.004,SHRIMP
7.84,29.66,18.7,5.85,0.046,TILAPIA
8.73,24.65,28.65,6.1,0.003,TILAPIA
8.12,27.88,9.33,6.53,0.003,SHRIMP
8.91,29.21,21.88,6.72,0.037,TILAPIA
7.52,22.26,17.78,7.07,0.019,CARP
6.87,28.89,33.77,5.94,0.091,CATFISH
6.6,14.02,3.81,8.65,0.005,SALMON
7.95,10.81,0.16,8.82,0.005,SALMON
6.91,10.0,2.47,9.35,0.005,SALMON
7.58,13.67,6.8,8.82,0.01,TROUT
8.11,31.28,38.3,3.18,0.042,TILAPIA
7.13,12.34,0.25,8.8,0.007,SALMON
7.99,22.3,18.15,4.58,0.015,ROHU
8.4,30.14,11.13,5.07,0.013,SHRIMP
6.26,24.09,33.38,4.46,0.075,CATFISH
8.07,25.44,17.97,6.7,0.012,TILAPIA
7.23,14.69,1.96,9.58,0.004,SALMON
7.76,24.76,35.75,5.09,0.049,ROHU
7.54,27.86,31.23,5.8,0.001,CARP
7.18,13.23,4.04,8.76,0.005,SALMON
7.34,9.6,3.52,8.76,0.009,SALMON
8.04,29.24,11.28,7.01,0.002,SHRIMP
7.08,13.76,1.67,7.06,0.007,TROUT
8.2,27.48,13.98,6.29,0.009,SHRIMP
6.84,27.1,87.97,5.61,0.001,CATFISH
7.05,24.09,19.09,4.33,0.002,TILAPIA
7.61,23.13,31.79,5.91,0.001,CARP
6.01,28.36,54.75,2.72,0.03,CATFISH
7.35,29.89,22.82,5.75,0.034,ROHU
7.81,27.18,19.99,7.33,0.019,SHRIMP
8.0,23.28,34.83,4.89,0.01,CARP
7.7,20.96,33.25,7.42,0.021,CARP
7.39,29.35,29.62,4.83,0.014,ROHU
8.75,27.11,35.65,4.11,0.009,TILAPIA
7.8,12.27,2.58,10.78,0.005,SALMON
7.85,27.56,10.47,6.23,0.005,SHRIMP
8.02,13.76,1.71,10.29,0.006,SALMON
8.48,31.7,15.95,5.13,0.028,TILAPIA
7.44,11.16,4.36,8.96,0.007,TROUT
7.28,25.13,16.01,6.05,0.03,ROHU
8.14,19.36,36.35,7.82,0.0,CARP
7.59,9.51,4.3,9.34,0.007,SALMON
6.45,23.94,68.63,5.76,0.057,CATFISH
8.23,20.55,35.98,5.82,0.037,ROHU
8.61,28.39,43.78,6.82,0.047,TILAPIA
7.11,27.19,23.76,4.65,0.045,ROHU
7.96,11.71,1.69,8.09,0.009,TROUT
8.15,22.1,29.69,4.77,0.037,ROHU
7.59,21.46,16.54,5.1,0.034,CARP
7.12,19.38,21.17,7.7,0.019,CARP
8.64,28.88,46.31,5.33,0.009,TILAPIA
7.58,23.38,41.35,4.42,0.066,CATFISH
7.36,24.3,34.2,7.87,0.023,CARP
7.94,19.42,11.19,6.81,0.006,CARP
7.98,15.14,8.87,7.6,0.002,TROUT
7.16,16.75,9.27,8.46,0.006,TROUT
7.23,31.36,46.6,4.57,0.022,TILAPIA
8.87,31.1,40.77,4.1,0.012,TILAPIA
7.68,28.63,11.58,6.4,0.009,SHRIMP
7.01,24.77,38.82,6.39,0.024,ROHU
7.75,29.61,28.75,6.01,0.017,ROHU
7.36,10.3,3.74,8.7,0.008,TROUT
7.23,26.17,97.32,3.5,0.076,CATFISH
8.3,26.78,6.45,6.56,0.011,SHRIMP
7.06,30.71,29.03,6.39,0.024,TILAPIA
8.86,29.7,30.87,3.65,0.019,TILAPIA
7.44,29.82,98.2,2.94,0.077,CATFISH
6.41,23.3,92.36,2.77,0.08,CATFISH
7.16,26.72,17.6,5.88,0.023,TILAPIA
8.3,25.42,71.09,4.11,0.038,CATFISH
7.19,21.68,42.61,5.87,0.036,ROHU
8.38,19.61,19.12,7.44,0.01,CARP
8.3,24.5,25.15,3.34,0.043,TILAPIA
6.84,29.14,73.19,4.35,0.033,CATFISH
6.9,26.63,42.77,3.64,0.024,TILAPIA
8.5,22.51,43.07,5.28,0.021,ROHU
7.48,26.89,80.32,3.6,0.003,CATFISH
7.27,11.22,0.77,8.95,0.009,SALMON
7.28,15.23,1.71,8.11,0.009,TROUT
8.2,27.27,39.23,7.59,0.016,CARP
8.22,23.85,33.19,5.85,0.01,CARP
8.15,20.82,21.98,7.39,0.025,ROHU
8.18,8.61,2.08,9.13,0.003,SALMON
6.82,11.38,6.4,9.76,0.005,TROUT
7.34,8.88,1.86,9.77,0.007,SALMON
7.5,28.2,61.88,4.71,0.072,CATFISH
7.32,11.76,1.34,8.86,0.0,SALMON
7.47,12.89,1.98,8.38,0.005,SALMON
7.56,21.08,18.38,5.87,0.046,CARP
7.8,23.08,29.68,5.17,0.003,ROHU
7.56,13.88,1.64,9.79,0.003,TROUT
8.4,22.79,20.21,6.97,0.044,CARP
7.61,24.33,42.67,6.58,0.012,ROHU
7.28,10.73,1.15,8.65,0.004,SALMON
7.94,20.91,11.96,4.33,0.006,CARP
8.26,25.34,11.34,6.35,0.019,SHRIMP
8.25,26.82,16.69,5.97,0.009,SHRIMP
8.42,18.59,32.2,6.91,0.047,CARP
7.0,10.02,1.84,9.35,0.008,SALMON
8.23,10.55,2.63,8.35,0.004,SALMON
6.57,15.73,7.61,7.5,0.002,TROUT
8.78,30.35,17.05,6.27,0.014,TILAPIA
7.88,26.69,46.43,5.86,0.024,TILAPIA
8.36,25.17,19.09,5.13,0.012,SHRIMP
7.95,24.74,30.76,3.2,0.014,TILAPIA
8.41,30.79,33.5,3.64,0.001,TILAPIA
8.04,23.9,82.54,5.58,0.066,CATFISH
8.35,26.36,73.07,5.77,0.093,CATFISH
7.29,26.02,30.6,6.99,0.04,TILAPIA
7.54,31.11,29.3,6.29,0.042,TILAPIA
7.99,29.52,18.02,6.17,0.0,SHRIMP
7.25,11.02,1.15,7.48,0.008,TROUT
7.97,21.78,44.06,5.56,0.016,ROHU
8.1,23.81,25.41,7.02,0.002,ROHU
8.12,30.09,19.24,6.87,0.031,TILAPIA
6.85,15.78,4.35,8.96,0.002,TROUT
7.11,22.84,36.51,6.4,0.004,ROHU
7.73,11.52,0.08,10.7,0.008,SALMON
7.64,29.11,30.04,5.31,0.02,ROHU
7.24,27.14,36.35,5.51,0.02,CARP
8.09,27.14,16.38,5.18,0.018,SHRIMP
6.92,16.12,1.07,9.75,0.009,TROUT
7.18,28.95,12.74,4.52,0.023,TILAPIA
6.83,26.68,84.56,5.72,0.076,CATFISH
8.28,24.6,29.32,4.94,0.016,TILAPIA
6.6,31.36,29.57,6.47,0.043,TILAPIA
6.62,9.73,4.38,10.7,0.005,SALMON
7.26,29.68,21.39,5.07,0.033,ROHU
7.91,27.41,18.93,6.89,0.01,ROHU
8.28,19.93,17.26,4.25,0.007,CARP
7.75,9.06,0.23,9.61,0.002,SALMON
6.76,9.57,3.68,10.03,0.01,SALMON
8.19,20.81,41.69,6.23,0.048,ROHU
8.17,30.0,9.24,5.32,0.009,SHRIMP
7.91,15.15,0.92,7.06,0.001,TROUT
8.05,29.55,76.12,4.17,0.032,CATFISH
6.05,24.26,33.72,5.65,0.073,CATFISH
6.76,29.03,72.21,4.09,0.022,CATFISH
8.49,24.88,32.76,4.09,0.031,TILAPIA
7.87,24.28,59.4,3.85,0.085,CATFISH
7.89,29.21,6.36,5.24,0.003,SHRIMP
7.22,20.78,29.41,4.06,0.009,CARP
7.92,29.72,53.72,4.77,0.056,CATFISH
8.44,24.87,39.22,7.4,0.024,CARP
7.08,27.42,43.11,4.88,0.039,CATFISH
8.21,29.08,19.89,6.89,0.016,SHRIMP
8.3,30.43,15.13,5.87,0.017,SHRIMP
7.75,29.09,46.16,4.97,0.039,CATFISH
7.83,27.53,6.64,5.74,0.018,SHRIMP
7.74,12.66,3.91,8.55,0.003,SALMON
6.91,29.86,88.45,4.18,0.088,CATFISH
8.26,26.38,13.8,5.58,0.014,SHRIMP
6.68,25.22,82.45,2.76,0.066,CATFISH
7.15,23.62,27.8,7.37,0.021,CARP
7.42,14.89,7.36,8.0,0.007,TROUT
7.35,12.44,2.4,10.16,0.009,SALMON
8.24,28.92,43.21,5.84,0.033,ROHU
7.2,11.02,3.72,9.5,0.008,SALMON
8.18,26.2,68.2,3.48,0.046,CATFISH
8.23,25.07,6.75,7.77,0.017,SHRIMP
7.53,25.5,11.56,5.71,0.02,SHRIMP
7.06,13.44,2.08,9.84,0.009,TROUT
7.71,25.18,32.76,6.81,0.005,ROHU
7.38,9.92,2.12,10.04,0.001,SALMON
8.47,22.97,39.88,5.96,0.011,CARP
8.14,26.86,18.3,7.41,0.011,ROHU
7.69,21.27,39.52,4.31,0.015,CARP
8.16,14.99,2.94,8.61,0.005,SALMON
7.65,15.49,5.67,8.19,0.009,TROUT
7.23,26.66,22.98,5.57,0.047,ROHU
7.6,25.42,12.57,6.93,0.007,SHRIMP
7.18,24.31,17.09,5.6,0.025,TILAPIA
7.53,21.99,32.38,4.54,0.016,CARP
6.97,12.85,1.46,9.57,0.005,SALMON
7.03,29.73,21.65,6.49,0.022,ROHU
8.46,30.29,8.83,6.05,0.005,SHRIMP
6.81,12.5,1.16,8.37,0.01,TROUT
7.96,20.76,32.18,6.96,0.038,ROHU
8.2,23.37,54.28,5.9,0.078,CATFISH
8.0,25.28,13.7,7.3,0.005,SHRIMP
8.17,29.67,18.11,5.47,0.016,SHRIMP
8.13,23.45,28.04,6.58,0.041,ROHU
7.18,28.1,99.8,5.26,0.088,CATFISH
8.29,8.53,4.65,9.19,0.009,SALMON
8.29,29.89,49.88,6.08,0.019,TILAPIA
8.03,25.7,8.28,7.4,0.01,SHRIMP
7.86,17.3,0.55,7.24,0.002,TROUT
7.32,23.12,11.91,7.58,0.049,CARP
7.51,25.06,34.79,5.39,0.004,CARP
6.58,13.01,2.65,10.17,0.008,SALMON
8.11,18.28,26.64,4.68,0.0,CARP
8.49,29.75,84.43,3.96,0.034,CATFISH
7.92,30.32,8.68,6.19,0.007,SHRIMP
7.92,11.55,9.01,7.42,0.005,TROUT
7.88,29.86,30.49,4.72,0.074,CATFISH
8.28,22.13,31.02,6.73,0.034,CARP
7.51,28.27,11.53,6.35,0.008,SHRIMP
6.55,11.49,3.88,8.94,0.007,SALMON
7.9,27.66,53.0,2.86,0.026,CATFISH
7.53,22.23,30.21,5.73,0.016,CARP
8.35,13.49,3.64,9.24,0.003,SALMON
7.29,26.7,33.62,5.84,0.005,ROHU
7.67,13.61,8.58,8.72,0.006,TROUT
7.76,26.33,22.21,6.19,0.022,TILAPIA
7.28,29.35,33.32,7.18,0.022,ROHU
6.79,11.55,4.53,8.48,0.007,SALMON
7.68,25.36,44.77,4.8,0.028,ROHU
8.35,30.25,25.9,4.54,0.033,TILAPIA
8.32,25.62,12.0,5.59,0.003,SHRIMP
8.93,30.95,35.05,6.28,0.044,TILAPIA
7.24,24.71,17.05,6.24,0.017,ROHU
7.05,20.91,28.26,5.43,0.039,CARP
7.53,11.91,0.45,8.85,0.003,SALMON
7.15,10.12,0.54,9.64,0.008,SALMON
8.33,25.77,11.53,6.83,0.014,SHRIMP
7.33,22.16,20.33,4.05,0.016,CARP
8.49,26.93,35.6,6.04,0.043,ROHU
8.85,27.9,14.61,4.94,0.005,TILAPIA
8.05,8.87,3.27,8.89,0.008,SALMON
7.53,12.36,0.09,8.9,0.001,TROUT
7.85,21.74,19.89,6.79,0.03,ROHU
8.35,25.87,12.22,5.63,0.017,CARP
8.01,27.15,20.44,5.09,0.011,CARP
7.36,13.07,4.15,10.7,0.001,SALMON
7.17,23.36,25.35,5.09,0.041,CARP
7.49,12.66,0.33,10.63,0.009,SALMON
7.45,24.53,79.64,3.37,0.082,CATFISH
6.81,26.68,51.11,4.73,0.037,CATFISH
7.07,30.8,22.35,4.35,0.01,TILAPIA
7.57,12.54,1.74,8.88,0.005,SALMON
8.16,24.0,35.91,5.37,0.077,CATFISH
7.97,30.3,11.82,3.43,0.041,TILAPIA
8.14,9.6,3.4,8.25,0.006,SALMON
7.9,27.17,44.34,6.92,0.014,ROHU
7.36,25.48,40.2,5.8,0.007,ROHU
6.26,28.37,47.67,2.7,0.04,CATFISH
7.19,14.58,0.15,10.26,0.008,SALMON
7.13,26.46,35.92,7.02,0.012,CARP
7.43,13.36,5.04,9.85,0.004,TROUT
7.45,27.27,22.87,7.76,0.05,CARP
6.72,26.46,72.12,5.89,0.085,CATFISH
7.58,25.61,36.05,5.93,0.006,TILAPIA
6.89,10.56,1.21,9.01,0.009,SALMON
7.01,21.42,21.7,5.32,0.007,ROHU
7.58,26.86,10.15,6.11,0.007,SHRIMP
8.28,14.76,1.01,10.11,0.008,SALMON
7.11,28.28,28.58,7.07,0.041,ROHU
8.24,26.45,13.78,7.07,0.003,SHRIMP
8.0,29.61,92.27,4.1,0.064,CATFISH
7.32,12.68,6.3,7.21,0.001,TROUT
6.74,14.88,0.06,10.66,0.004,SALMON
7.9,29.59,12.49,7.18,0.01,SHRIMP
8.26,28.64,14.23,7.37,0.019,SHRIMP
7.42,24.33,16.55,6.59,0.046,CARP
7.77,25.31,10.57,5.86,0.045,CARP
7.4,18.94,26.03,5.99,0.017,CARP
8.0,22.54,37.56,4.96,0.02,ROHU
8.3,20.96,15.4,5.91,0.037,ROHU
7.04,30.92,44.29,6.81,0.004,TILAPIA
8.19,22.79,26.09,6.18,0.014,CARP
6.45,23.64,30.84,3.73,0.009,CATFISH
8.39,20.64,21.0,4.19,0.033,CARP
6.89,14.8,2.75,8.55,0.008,SALMON
8.41,20.05,31.16,4.27,0.024,CARP
8.3,23.74,16.65,5.61,0.049,CARP
7.0,8.27,1.59,10.38,0.004,SALMON
8.13,26.06,63.66,3.69,0.018,CATFISH
7.89,29.25,6.05,7.79,0.007,SHRIMP
7.44,17.18,1.68,8.88,0.008,TROUT
7.0,23.73,51.32,5.99,0.066,CATFISH
6.76,27.91,62.41,4.59,0.042,CATFISH
7.14,17.84,4.96,9.43,0.007,TROUT
6.6,13.66,7.38,7.47,0.003,TROUT
6.94,14.48,1.16,9.59,0.003,SALMON
7.12,24.38,24.31,7.74,0.014,CARP
6.5,11.23,5.77,9.46,0.002,TROUT
7.22,22.58,32.58,5.46,0.025,ROHU
7.62,26.48,16.97,5.4,0.02,SHRIMP
7.35,24.75,18.81,3.9,0.047,TILAPIA
7.06,21.39,17.37,6.27,0.009,ROHU
8.39,26.38,47.33,6.85,0.043,TILAPIA
7.15,16.35,6.62,8.23,0.005,TROUT
7.54,26.8,12.43,4.79,0.049,CARP
7.48,29.68,17.91,7.21,0.022,ROHU
7.1,14.19,4.51,8.88,0.002,SALMON
8.44,22.89,62.34,3.13,0.075,CATFISH
6.94,14.49,7.43,8.79,0.01,TROUT
6.62,11.94,3.99,8.4,0.001,SALMON
7.31,21.41,33.35,5.17,0.032,ROHU
8.45,22.41,42.05,6.24,0.006,ROHU
8.16,29.45,14.01,5.34,0.016,SHRIMP
8.19,14.44,2.43,9.92,0.0,SALMON
6.83,26.87,45.8,4.91,0.079,CATFISH
7.35,14.92,0.77,9.43,0.006,SALMON
7.7,29.68,18.42,5.96,0.027,TILAPIA
8.18,28.93,13.33,5.88,0.012,SHRIMP
7.81,22.8,31.28,5.01,0.037,ROHU
7.49,15.05,4.18,8.19,0.007,TROUT
6.75,30.54,41.87,4.79,0.005,TILAPIA
7.59,11.58,0.27,9.72,0.009,SALMON
8.16,24.49,15.97,5.59,0.004,CARP
8.08,27.19,13.41,6.32,0.006,SHRIMP
7.68,27.93,10.17,5.61,0.003,SHRIMP
8.09,18.15,16.8,7.89,0.04,CARP
7.4,22.74,26.71,5.88,0.004,ROHU
7.99,11.47,7.11,7.47,0.005,TROUT
8.97,24.16,25.73,6.27,0.016,TILAPIA
8.34,14.42,4.6,8.23,0.001,SALMON
8.21,27.51,19.23,7.91,0.019,SHRIMP
8.09,28.27,49.18,3.91,0.041,CATFISH
8.4,30.18,7.32,6.46,0.01,SHRIMP
7.79,25.85,36.53,6.19,0.016,TILAPIA
7.49,17.78,7.44,7.2,0.002,TROUT
7.55,16.83,9.59,8.47,0.006,TROUT
7.84,22.39,62.38,3.15,0.084,CATFISH
7.08,25.27,18.22,5.1,0.045,ROHU
8.5,30.21,11.26,5.98,0.012,SHRIMP
7.69,29.9,10.77,6.7,0.039,TILAPIA
8.61,30.84,33.09,5.07,0.02,TILAPIA
6.61,14.64,0.02,10.93,0.007,SALMON
7.63,29.14,56.95,4.92,0.013,CATFISH
7.37,20.42,21.12,5.1,0.003,ROHU
7.45,31.08,20.09,4.81,0.032,TILAPIA
8.44,26.92,18.46,7.92,0.005,SHRIMP
7.61,30.28,11.23,5.34,0.03,TILAPIA
7.22,26.23,27.62,4.43,0.037,TILAPIA
8.1,22.39,12.39,6.49,0.003,CARP
6.93,13.0,2.67,10.45,0.005,SALMON
8.03,28.22,14.43,7.43,0.015,SHRIMP
8.47,29.16,13.42,6.1,0.001,SHRIMP
8.73,26.58,46.56,6.03,0.02,TILAPIA
8.48,29.28,10.68,6.93,0.011,SHRIMP
7.14,20.96,29.28,6.26,0.021,ROHU
8.21,30.57,17.88,5.89,0.019,SHRIMP
6.66,11.9,2.35,9.99,0.0,TROUT
7.69,30.89,11.56,7.85,0.008,SHRIMP
7.15,14.59,9.68,9.95,0.004,TROUT
7.9,29.63,16.38,6.48,0.039,ROHU
7.28,23.85,58.2,3.81,0.099,CATFISH
7.24,13.65,4.0,10.39,0.006,SALMON
7.28,12.76,1.48,8.8,0.006,SALMON
7.42,12.59,4.22,8.76,0.003,SALMON
8.11,28.14,13.84,6.97,0.038,TILAPIA
7.24,9.8,2.84,9.9,0.01,SALMON
7.51,25.31,35.92,5.52,0.003,ROHU
8.3,28.27,9.44,6.47,0.004,SHRIMP
7.81,20.94,18.29,7.48,0.007,CARP
7.58,24.89,17.99,4.08,0.011,CARP
6.55,12.57,4.75,9.21,0.003,TROUT
7.19,13.69,8.11,9.47,0.008,TROUT
8.43,27.45,7.67,6.65,0.012,SHRIMP
7.95,28.79,13.09,5.45,0.009,SHRIMP
7.4,10.16,1.06,9.5,0.008,TROUT
6.98,25.13,28.12,3.09,0.022,TILAPIA
7.84,13.32,0.6,9.42,0.003,SALMON
8.13,12.88,4.63,10.14,0.004,SALMON
7.08,27.02,41.68,5.11,0.02,TILAPIA
7.15,17.36,7.07,7.36,0.006,TROUT
6.96,8.1,3.27,9.48,0.008,SALMON
8.37,25.86,30.61,5.92,0.032,TILAPIA
8.31,18.42,39.34,7.97,0.03,CARP
8.13,25.61,31.68,6.02,0.02,CARP
7.8,24.98,43.96,4.41,0.097,CATFISH
6.15,29.78,36.77,4.29,0.056,CATFISH
8.65,26.41,47.64,4.12,0.046,TILAPIA
8.91,27.53,20.71,3.24,0.037,TILAPIA
8.98,27.91,32.02,5.78,0.048,TILAPIA
7.23,21.96,24.55,6.03,0.006,ROHU
6.89,17.1,3.27,8.7,0.004,TROUT
6.99,30.58,13.22,6.46,0.029,TILAPIA
8.28,29.55,16.97,7.86,0.016,SHRIMP
8.43,24.71,22.31,5.91,0.033,CARP
7.64,26.11,5.95,7.67,0.019,SHRIMP
8.35,27.57,52.72,3.27,0.008,CATFISH
7.51,12.01,2.36,9.45,0.006,SALMON
7.4,29.94,22.07,5.22,0.034,ROHU
6.77,22.72,46.26,3.28,0.074,CATFISH
8.11,27.2,15.09,5.71,0.014,SHRIMP
7.84,22.83,68.73,5.39,0.036,CATFISH
7.8,23.87,98.25,4.83,0.045,CATFISH
7.97,11.16,0.8,8.93,0.002,SALMON
6.88,13.75,1.63,9.33,0.008,SALMON
8.0,17.08,0.8,8.28,0.005,TROUT
8.52,25.19,25.33,3.28,0.026,TILAPIA
7.77,25.07,37.64,5.07,0.047,ROHU
7.1,8.47,0.19,10.3,0.004,SALMON
8.33,27.67,16.03,6.98,0.039,ROHU
7.21,21.19,21.22,5.26,0.043,CARP
6.57,12.35,5.87,7.93,0.007,TROUT
7.02,13.24,7.09,9.92,0.002,TROUT
7.29,25.35,15.84,6.34,0.03,CARP
7.48,23.11,62.81,6.0,0.016,CATFISH
8.01,20.75,32.35,5.24,0.034,ROHU
7.59,15.15,1.78,9.37,0.003,TROUT
8.01,30.69,24.89,4.82,0.035,TILAPIA
8.19,22.43,31.74,6.27,0.017,CARP
7.7,28.61,11.73,5.12,0.006,SHRIMP
7.8,11.3,8.84,8.03,0.001,TROUT
8.31,27.85,32.26,6.37,0.01,TILAPIA
6.81,13.1,6.07,8.97,0.006,TROUT
8.04,26.74,15.1,5.92,0.01,ROHU
7.2,23.26,25.57,6.3,0.037,CARP
7.5,9.13,4.83,8.61,0.002,SALMON
8.04,28.32,8.41,7.14,0.015,SHRIMP
7.1,30.66,28.5,4.74,0.035,TILAPIA
6.61,22.8,87.21,2.8,0.029,CATFISH
8.64,24.62,33.04,5.8,0.024,TILAPIA
7.42,22.75,38.93,7.42,0.017,ROHU
8.35,24.34,29.7,5.89,0.008,CARP
8.32,14.2,3.94,9.43,0.003,SALMON
7.61,27.42,35.04,5.94,0.039,TILAPIA
8.12,26.44,11.52,5.63,0.018,SHRIMP
8.54,27.52,30.65,4.17,0.042,TILAPIA
7.33,24.31,76.04,3.46,0.082,CATFISH
7.94,27.06,8.2,7.73,0.018,SHRIMP
6.84,24.11,27.54,3.16,0.03,TILAPIA
7.02,12.47,2.07,8.23,0.002,TROUT
7.56,25.66,17.2,7.23,0.018,SHRIMP
7.77,12.8,2.34,8.17,0.009,SALMON
7.08,26.91,61.52,3.63,0.008,CATFISH
7.38,16.28,0.12,9.06,0.003,TROUT
7.27,25.72,17.65,4.77,0.019,CARP
7.82,29.32,15.49,5.98,0.009,SHRIMP
7.17,20.08,38.88,7.83,0.009,CARP
7.99,8.18,1.29,8.49,0.01,SALMON
7.23,17.66,4.27,8.07,0.01,TROUT
6.92,10.67,6.91,8.83,0.01,TROUT
6.68,23.28,51.79,4.28,0.006,CATFISH
6.92,10.07,4.24,9.14,0.003,SALMON
6.58,28.75,44.95,4.64,0.013,TILAPIA
7.79,26.13,30.53,2.77,0.072,CATFISH
7.19,22.5,74.11,2.78,0.018,CATFISH
6.89,29.0,12.63,5.58,0.049,TILAPIA
7.59,29.79,18.31,4.81,0.038,ROHU
6.84,22.0,92.37,5.22,0.065,CATFISH
8.04,13.33,2.58,10.79,0.003,SALMON
7.84,23.98,20.37,5.49,0.034,CARP
8.37,30.46,32.09,3.01,0.032,TILAPIA
7.85,12.43,5.97,7.79,0.003,TROUT
6.82,14.47,9.5,8.83,0.003,TROUT
8.28,28.25,12.56,5.82,0.001,SHRIMP
6.05,26.32,99.25,3.72,0.097,CATFISH
7.1,24.25,18.78,4.64,0.048,ROHU
7.94,26.92,71.55,5.69,0.045,CATFISH
6.52,12.39,9.96,8.28,0.009,TROUT
6.27,26.68,47.0,3.08,0.059,CATFISH
7.33,28.63,13.92,6.74,0.017,TILAPIA
8.51,25.91,45.32,6.81,0.002,TILAPIA
6.64,16.21,1.89,9.18,0.004,TROUT
7.47,27.75,35.42,6.73,0.03,TILAPIA
7.62,22.59,38.94,7.32,0.008,CARP
6.95,24.62,43.48,6.9,0.004,TILAPIA
7.8,11.99,3.54,9.29,0.001,SALMON
7.53,21.6,34.45,6.61,0.025,ROHU
7.77,15.16,8.69,9.8,0.008,TROUT
8.43,24.19,31.85,6.8,0.031,CARP
7.81,24.0,92.19,4.51,0.061,CATFISH
7.18,11.51,5.85,7.59,0.008,TROUT
8.36,27.93,7.46,7.01,0.014,SHRIMP
7.84,28.04,5.92,5.46,0.004,SHRIMP
7.83,23.55,49.37,5.8,0.009,CATFISH
7.96,27.81,11.16,5.7,0.008,SHRIMP
8.03,29.57,10.38,7.15,0.012,SHRIMP
8.21,25.24,48.85,3.19,0.05,CATFISH
6.67,14.65,0.53,9.69,0.003,SALMON
8.35,23.79,15.87,6.7,0.04,ROHU
6.9,25.52,38.64,3.2,0.024,TILAPIA
7.66,30.64,13.67,7.42,0.01,SHRIMP
7.05,10.56,5.84,8.82,0.001,TROUT
7.04,24.67,69.04,3.71,0.042,CATFISH
8.06,27.24,16.63,7.65,0.001,SHRIMP
7.6,11.34,3.34,10.41,0.01,SALMON
7.84,21.13,19.68,7.45,0.016,ROHU
7.83,29.97,26.49,5.68,0.024,TILAPIA
8.3,28.16,22.92,6.99,0.035,ROHU
6.64,15.28,5.46,8.29,0.002,TROUT
6.25,22.02,33.37,5.88,0.013,CATFISH
7.36,21.15,15.88,7.1,0.032,CARP
8.44,25.22,19.69,5.18,0.015,SHRIMP
7.69,12.3,7.7,8.32,0.007,TROUT
8.2,27.47,32.97,5.63,0.046,ROHU
7.64,20.32,18.18,4.88,0.027,CARP
7.13,28.73,31.36,6.38,0.036,TILAPIA
8.29,29.17,5.48,6.77,0.007,SHRIMP
7.52,28.48,17.61,6.14,0.001,SHRIMP
8.57,27.22,43.15,5.89,0.046,TILAPIA
8.04,22.31,40.74,5.9,0.027,ROHU
6.57,26.5,38.54,3.59,0.017,TILAPIA
8.32,29.23,14.95,5.31,0.005,SHRIMP
7.38,12.11,2.48,10.75,0.009,SALMON
6.18,23.99,87.34,5.31,0.095,CATFISH
7.2,28.03,33.3,7.44,0.033,ROHU
7.71,14.27,7.94,7.83,0.005,TROUT
6.67,10.86,0.52,7.96,0.01,TROUT
7.9,23.06,61.81,3.15,0.019,CATFISH
7.03,28.92,27.9,3.63,0.027,TILAPIA
8.95,29.42,46.06,3.54,0.041,TILAPIA
7.97,28.88,18.55,7.73,0.002,SHRIMP
7.1,23.18,37.02,3.54,0.08,CATFISH
8.11,22.12,32.05,6.2,0.046,CARP
7.09,10.08,6.74,9.14,0.006,TROUT
8.41,22.51,35.85,6.93,0.035,ROHU
7.96,24.87,21.12,7.5,0.042,CARP
8.29,24.32,16.2,4.55,0.032,ROHU
7.9,30.49,8.46,5.77,0.007,SHRIMP
7.51,30.37,15.21,6.51,0.012,SHRIMP
8.1,25.04,5.51,5.44,0.004,SHRIMP
7.72,30.81,14.54,7.08,0.004,SHRIMP
7.75,29.14,19.54,7.24,0.01,SHRIMP
8.11,14.06,2.92,9.1,0.007,SALMON
7.53,27.89,38.71,6.56,0.017,CARP
8.26,29.42,39.19,5.56,0.041,ROHU
7.74,29.67,9.4,7.12,0.014,SHRIMP
8.91,27.7,44.2,4.86,0.033,TILAPIA
7.39,27.19,26.91,5.42,0.008,CARP
7.55,28.17,17.94,6.54,0.015,ROHU
7.3,29.89,97.76,3.95,0.069,CATFISH
7.66,15.17,2.93,8.48,0.0,TROUT
8.33,14.53,2.98,9.44,0.001,SALMON
7.46,27.01,40.85,5.11,0.018,ROHU
7.91,30.37,5.98,6.59,0.003,SHRIMP
7.16,14.95,9.0,7.99,0.008,TROUT
7.27,14.7,1.44,8.19,0.004,SALMON
7.1,29.65,22.09,3.18,0.028,TILAPIA
8.21,29.95,18.43,6.27,0.006,SHRIMP
8.1,23.02,32.38,5.98,0.006,CARP
6.7,10.32,1.86,9.39,0.003,SALMON
7.14,26.12,66.37,5.83,0.065,CATFISH
7.21,11.88,2.46,9.5,0.005,TROUT
6.57,10.36,2.14,8.19,0.008,SALMON
8.8,27.35,44.19,5.26,0.035,TILAPIA
8.34,22.08,58.88,5.74,0.038,CATFISH
6.65,10.43,5.81,9.43,0.0,TROUT
6.62,25.29,21.01,5.38,0.018,TILAPIA
7.98,14.18,0.93,10.98,0.008,SALMON
6.77,11.38,6.16,8.69,0.002,TROUT
7.18,30.44,37.34,5.09,0.032,TILAPIA
7.43,29.59,61.09,4.03,0.05,CATFISH
7.94,29.76,13.36,7.81,0.002,SHRIMP
7.71,9.93,2.14,9.45,0.007,SALMON
8.47,25.32,21.05,5.83,0.049,ROHU
7.29,23.14,28.57,7.05,0.039,ROHU
7.41,25.93,23.5,4.83,0.034,ROHU
7.08,26.54,88.07,3.64,0.096,CATFISH
8.5,28.51,37.55,6.49,0.021,ROHU
8.6,28.35,39.53,6.16,0.026,TILAPIA
8.06,26.59,10.77,5.05,0.008,SHRIMP
8.67,24.2,28.33,3.27,0.048,TILAPIA
7.31,14.52,0.21,10.05,0.009,SALMON
7.66,25.37,21.86,4.13,0.025,CARP
8.09,22.91,65.93,4.32,0.097,CATFISH
7.96,19.64,18.52,7.13,0.023,CARP
7.52,22.33,83.4,4.75,0.096,CATFISH
8.12,23.33,36.0,7.4,0.004,ROHU
6.9,9.11,0.39,10.74,0.002,SALMON
7.93,26.08,22.22,6.14,0.048,CARP
8.03,21.53,39.42,5.2,0.0,CARP
7.67,15.36,8.76,9.53,0.002,TROUT
8.18,28.23,14.45,6.79,0.013,SHRIMP
7.6,25.24,9.96,7.46,0.009,SHRIMP
6.83,9.76,1.07,10.19,0.005,SALMON
6.68,29.2,36.21,3.01,0.064,CATFISH
7.26,17.48,8.32,9.98,0.006,TROUT
6.98,12.81,6.74,7.2,0.006,TROUT
7.39,12.98,3.87,9.65,0.009,TROUT
7.58,28.76,13.18,7.02,0.009,SHRIMP
7.81,23.02,34.82,5.46,0.022,ROHU
8.49,11.55,0.12,9.62,0.009,SALMON
6.95,12.79,0.38,9.09,0.003,SALMON
8.23,24.22,46.95,5.54,0.063,CATFISH
8.13,26.69,24.69,6.13,0.028,TILAPIA
8.29,29.21,66.31,4.44,0.033,CATFISH
8.54,24.85,29.49,5.54,0.005,TILAPIA
8.11,8.95,1.45,10.91,0.001,SALMON
8.46,23.74,99.01,5.0,0.083,CATFISH
7.54,18.02,18.34,6.06,0.033,CARP
7.84,20.06,36.38,5.09,0.006,ROHU
6.61,30.85,18.79,6.29,0.022,TILAPIA
7.98,29.76,36.06,3.58,0.03,TILAPIA
7.71,9.69,2.1,9.07,0.007,SALMON
6.05,23.58,63.47,4.06,0.052,CATFISH
8.49,22.54,29.63,5.21,0.031,ROHU
8.37,26.39,61.86,2.97,0.081,CATFISH
8.26,13.18,2.31,10.95,0.005,SALMON
8.31,26.65,26.02,4.08,0.011,CARP
7.9,25.92,32.27,6.02,0.013,TILAPIA
7.97,29.97,16.72,7.01,0.009,SHRIMP
7.11,21.19,19.83,6.1,0.049,ROHU
8.47,19.83,37.34,4.83,0.019,CARP
6.58,17.59,2.01,7.91,0.005,TROUT
8.18,27.47,16.36,7.38,0.009,SHRIMP
8.07,27.63,45.43,4.55,0.034,TILAPIA
6.58,9.09,0.64,8.52,0.0,SALMON
8.26,18.64,36.62,4.5,0.003,CARP
7.77,30.11,16.16,6.69,0.01,SHRIMP
8.0,27.01,17.4,7.18,0.008,SHRIMP
7.52,23.03,28.24,5.95,0.029,CARP
7.55,26.96,15.9,7.77,0.013,SHRIMP
6.49,23.45,68.7,5.67,0.079,CATFISH
7.08,22.21,22.34,5.51,0.002,ROHU
7.36,26.39,37.02,5.21,0.007,TILAPIA
8.22,26.23,91.45,5.34,0.008,CATFISH
7.55,24.95,37.92,6.07,0.001,CARP
8.37,19.03,18.39,6.15,0.035,CARP
7.17,26.47,17.97,4.2,0.006,CARP
8.19,30.03,19.4,6.82,0.011,SHRIMP
8.23,26.51,6.69,6.65,0.003,SHRIMP
7.96,23.36,27.88,5.89,0.014,CARP
8.41,8.71,3.94,9.55,0.004,SALMON
8.18,9.4,3.61,9.34,0.01,SALMON
7.47,31.25,44.23,5.06,0.012,TILAPIA
8.21,13.87,0.06,9.6,0.002,SALMON
7.24,10.46,3.19,10.88,0.01,SALMON
7.31,29.3,15.28,6.25,0.044,ROHU
7.43,14.3,5.62,9.67,0.004,TROUT
7.88,15.86,4.97,9.3,0.001,TROUT
8.36,26.0,18.51,6.81,0.001,SHRIMP
7.6,17.16,9.36,8.47,0.001,TROUT
7.45,13.8,3.47,8.88,0.001,TROUT
7.17,22.15,20.21,5.57,0.044,ROHU
8.16,14.54,4.37,9.57,0.009,SALMON
7.12,28.62,23.21,6.5,0.007,ROHU
8.06,29.01,6.69,5.43,0.009,SHRIMP
6.11,29.13,56.73,5.0,0.065,CATFISH
8.36,25.02,7.85,5.66,0.019,SHRIMP
7.53,26.68,30.83,7.33,0.001,ROHU
7.81,27.3,31.75,5.06,0.046,CARP
7.62,26.8,27.04,4.84,0.036,ROHU
8.48,26.11,7.37,5.1,0.018,SHRIMP
7.02,8.34,2.03,9.87,0.009,SALMON
6.7,12.46,3.79,9.39,0.002,TROUT
7.74,28.0,33.3,7.88,0.017,CARP
7.39,28.57,46.39,6.91,0.011,TILAPIA
8.45,26.73,19.9,5.69,0.004,SHRIMP
7.99,25.96,63.08,4.53,0.022,CATFISH
6.9,26.8,48.87,6.68,0.01,TILAPIA
7.26,8.05,1.26,9.9,0.001,SALMON
7.79,30.6,11.78,5.75,0.006,SHRIMP
8.45,26.85,17.15,6.78,0.02,SHRIMP
6.88,12.84,1.65,8.98,0.003,SALMON
8.04,13.85,4.02,9.86,0.003,SALMON
7.2,23.9,36.21,7.42,0.008,ROHU
8.5,29.54,16.02,5.19,0.008,SHRIMP
6.96,13.44,4.81,8.97,0.007,SALMON
7.25,23.54,43.42,6.74,0.027,ROHU
7.45,25.25,24.14,3.6,0.04,TILAPIA
7.92,25.36,15.61,5.49,0.016,TILAPIA
6.53,24.29,90.95,5.61,0.064,CATFISH
8.24,26.54,12.63,6.66,0.007,SHRIMP
8.21,26.55,9.24,5.28,0.014,SHRIMP
7.42,22.08,11.12,4.95,0.039,CARP
7.29,14.62,3.39,10.25,0.007,SALMON
8.0,23.61,23.83,7.6,0.011,CARP
7.37,20.95,15.48,6.5,0.015,CARP
8.23,19.36,31.17,7.68,0.029,CARP
8.19,21.76,43.1,6.86,0.043,ROHU
7.06,27.52,28.96,5.26,0.035,TILAPIA
8.28,24.24,13.33,6.78,0.004,TILAPIA
8.41,22.86,23.39,7.12,0.036,CARP
7.84,9.82,3.18,9.61,0.006,SALMON
7.08,12.75,1.06,8.69,0.003,SALMON
8.44,25.45,12.75,5.25,0.008,SHRIMP
6.7,11.88,1.64,8.66,0.005,SALMON
7.27,13.62,3.69,10.2,0.01,SALMON
8.2,21.82,15.09,7.36,0.016,CARP
7.89,18.56,39.57,7.2,0.043,CARP
7.86,26.98,16.34,5.67,0.044,ROHU
7.62,10.95,3.26,9.45,0.007,SALMON
6.64,27.64,83.06,4.55,0.01,CATFISH
7.26,12.57,2.1,10.85,0.009,SALMON
8.03,29.71,20.12,6.82,0.02,ROHU
6.55,29.32,59.87,4.79,0.003,CATFISH
8.04,25.1,72.22,3.23,0.042,CATFISH
8.42,30.2,8.77,7.97,0.013,SHRIMP
6.51,14.54,0.69,8.12,0.001,SALMON
7.97,16.86,7.46,7.08,0.006,TROUT
8.01,9.96,1.09,8.77,0.003,SALMON
6.5,10.46,0.57,10.65,0.009,SALMON
7.35,26.18,31.25,4.02,0.05,CARP
8.04,27.55,21.0,4.69,0.009,CARP
7.75,17.17,1.62,9.36,0.007,TROUT
7.99,27.92,14.43,5.33,0.012,SHRIMP
8.06,29.57,16.79,5.44,0.011,SHRIMP
6.89,12.73,1.53,10.67,0.002,SALMON
7.47,18.01,17.02,4.36,0.005,CARP
7.17,24.15,16.72,6.73,0.042,CARP
8.04,24.52,18.86,7.14,0.021,ROHU
6.52,8.86,2.85,8.65,0.001,SALMON
7.63,25.37,97.33,3.46,0.058,CATFISH
6.66,29.98,25.31,5.7,0.003,TILAPIA
7.84,28.65,15.53,5.6,0.004,SHRIMP
7.61,27.89,19.51,4.53,0.014,TILAPIA
7.71,27.38,17.9,5.18,0.004,SHRIMP
8.71,26.13,25.83,5.93,0.037,TILAPIA
6.7,12.08,3.42,10.04,0.006,SALMON
7.28,15.09,6.9,8.96,0.006,TROUT
7.45,9.93,4.37,8.43,0.009,SALMON
7.0,8.78,4.49,10.68,0.001,SALMON
8.12,27.4,36.87,5.42,0.012,TILAPIA
6.19,24.55,52.35,3.65,0.05,CATFISH
8.11,28.05,48.29,6.89,0.032,TILAPIA
6.82,12.6,0.21,7.33,0.003,TROUT
8.41,25.95,27.23,7.44,0.015,ROHU
8.0,24.43,37.08,4.46,0.016,CARP
7.91,30.47,16.72,7.17,0.011,SHRIMP
7.09,20.28,19.57,6.46,0.003,ROHU
7.19,26.09,33.21,5.28,0.036,ROHU
7.88,14.68,7.79,9.26,0.003,TROUT
6.82,10.37,9.65,8.28,0.006,TROUT
7.63,27.78,15.96,7.5,0.011,SHRIMP
7.98,29.88,10.77,5.09,0.011,SHRIMP
8.48,29.63,17.76,5.04,0.022,TILAPIA
8.42,23.03,24.17,5.24,0.017,CARP
6.71,10.68,2.63,8.33,0.006,TROUT
7.51,10.21,4.5,8.65,0.003,TROUT
7.68,25.85,12.79,7.53,0.034,CARP
7.58,20.27,35.68,5.43,0.027,ROHU
7.6,29.89,9.45,7.93,0.014,SHRIMP
7.02,11.53,2.33,10.39,0.008,SALMON
7.87,11.41,3.95,10.45,0.002,SALMON
8.2,10.94,4.95,8.46,0.005,SALMON
6.72,24.62,59.67,4.79,0.027,CATFISH
6.93,23.25,36.33,4.36,0.098,CATFISH
7.41,21.93,35.84,6.11,0.03,ROHU
6.52,15.77,6.27,9.06,0.006,TROUT
7.81,26.12,19.49,5.75,0.017,ROHU
7.94,30.52,16.92,6.29,0.001,SHRIMP
6.81,13.33,3.12,9.36,0.001,TROUT
7.0,20.37,11.4,4.44,0.027,CARP
6.84,8.87,3.99,9.49,0.006,SALMON
8.42,27.65,23.94,6.85,0.0,TILAPIA
7.43,16.82,1.2,9.69,0.001,TROUT
7.8,23.71,37.89,5.12,0.025,CATFISH
6.95,31.16,32.27,6.74,0.009,TILAPIA
8.3,23.86,62.73,5.85,0.088,CATFISH
8.04,26.83,55.23,4.05,0.083,CATFISH
8.35,27.46,15.8,7.08,0.004,SHRIMP
7.63,13.01,4.11,10.28,0.0,SALMON
7.91,28.95,10.59,7.09,0.005,SHRIMP
7.87,28.62,18.06,5.4,0.025,ROHU
8.23,22.06,40.97,5.99,0.018,ROHU
6.77,28.77,65.37,4.67,0.024,CATFISH
8.12,13.64,2.49,9.58,0.007,SALMON
7.87,29.67,8.37,7.36,0.014,SHRIMP
8.03,26.81,20.09,5.09,0.043,CARP
8.47,8.02,2.55,10.77,0.009,SALMON
7.74,24.97,10.36,6.55,0.027,CARP
7.92,17.81,8.94,7.61,0.002,TROUT
7.89,11.13,3.96,7.2,0.008,TROUT
7.31,23.82,31.81,7.06,0.027,ROHU
7.58,28.09,16.5,6.8,0.0,SHRIMP
7.13,25.84,44.58,3.34,0.02,TILAPIA
6.98,25.52,67.45,3.88,0.091,CATFISH
7.68,20.0,42.03,4.87,0.012,ROHU
7.63,22.62,44.93,7.12,0.027,ROHU
7.73,27.77,34.79,6.91,0.009,CARP
8.23,20.87,43.25,7.5,0.044,ROHU
7.99,20.68,28.72,6.49,0.015,ROHU
7.44,22.42,24.73,6.94,0.021,ROHU
7.65,18.32,36.72,6.21,0.005,CARP
7.22,21.23,20.36,7.39,0.001,CARP
6.56,13.89,1.46,10.52,0.005,SALMON
7.7,13.02,7.08,9.51,0.01,TROUT
7.89,25.39,44.95,6.14,0.021,ROHU
8.0,25.75,17.58,7.28,0.001,SHRIMP
7.06,26.38,99.42,3.27,0.038,CATFISH
7.55,30.8,8.84,7.81,0.006,SHRIMP
7.31,11.37,4.06,8.31,0.01,TROUT
8.34,31.11,39.42,6.61,0.003,TILAPIA
7.56,28.83,32.92,5.3,0.013,TILAPIA
7.15,26.75,30.59,6.42,0.037,TILAPIA
7.88,18.48,31.71,6.68,0.018,CARP
6.16,27.93,56.47,5.82,0.042,CATFISH
8.08,27.29,6.48,5.52,0.014,SHRIMP
7.9,16.29,7.96,8.31,0.004,TROUT
7.05,27.8,42.6,7.38,0.037,ROHU
8.97,24.53,43.74,4.42,0.021,TILAPIA
8.14,27.58,27.32,5.93,0.027,CARP
7.38,14.63,2.4,8.24,0.008,SALMON
8.45,24.12,36.42,3.0,0.003,TILAPIA
6.95,27.55,45.66,4.02,0.098,CATFISH
8.01,30.47,12.68,5.47,0.013,SHRIMP
7.52,14.95,3.09,7.84,0.003,TROUT
7.18,12.97,8.91,8.84,0.009,TROUT
8.01,10.73,4.12,10.34,0.006,SALMON
7.83,27.33,9.59,5.41,0.005,SHRIMP
7.3,24.27,19.13,7.43,0.007,CARP
8.78,31.1,16.92,4.32,0.04,TILAPIA
6.55,22.56,54.35,5.93,0.035,CATFISH
7.07,20.09,38.25,4.67,0.027,ROHU
6.72,15.92,0.55,7.96,0.006,TROUT
6.75,27.51,49.09,4.52,0.037,TILAPIA
7.46,26.56,27.04,4.36,0.043,CARP
8.39,29.34,6.6,5.16,0.016,SHRIMP
6.83,28.09,32.22,3.67,0.021,TILAPIA
7.72,26.77,30.29,7.33,0.02,ROHU
6.29,26.92,57.85,4.87,0.031,CATFISH
7.53,27.52,82.99,2.98,0.097,CATFISH
8.35,10.88,3.7,8.22,0.001,SALMON
8.39,9.13,3.22,10.44,0.009,SALMON
7.84,24.12,20.07,4.72,0.012,ROHU
8.38,25.7,27.95,4.09,0.017,CARP
7.06,24.95,30.04,5.58,0.03,TILAPIA
6.93,13.13,2.95,10.08,0.007,SALMON
6.92,10.76,2.53,7.31,0.003,TROUT
7.59,22.96,15.09,6.6,0.031,CARP
7.69,29.57,5.92,7.99,0.01,SHRIMP
6.6,13.31,0.8,9.77,0.0,TROUT
8.39,22.91,28.09,5.55,0.004,ROHU
8.48,28.48,17.75,7.89,0.014,SHRIMP
6.48,26.5,82.0,4.72,0.06,CATFISH
7.87,16.54,9.84,9.84,0.007,TROUT
8.26,22.81,29.29,7.18,0.045,CARP
7.56,26.35,15.93,4.83,0.045,TILAPIA
6.62,23.92,65.92,5.13,0.045,CATFISH
7.23,21.49,26.96,4.31,0.005,CARP
8.05,20.75,19.82,5.54,0.004,CARP
6.89,24.69,64.91,4.96,0.077,CATFISH
6.76,14.61,6.77,8.98,0.001,TROUT
8.19,29.18,12.36,6.27,0.028,TILAPIA
6.25,29.03,67.56,2.63,0.064,CATFISH
7.58,30.11,9.2,6.83,0.001,SHRIMP
6.69,17.44,3.19,7.58,0.005,TROUT
7.6,20.42,35.2,7.41,0.033,ROHU
8.43,27.85,14.46,7.09,0.008,SHRIMP
8.15,26.67,20.23,6.64,0.027,CARP
8.33,29.22,19.41,7.37,0.003,SHRIMP
6.64,12.74,1.18,8.43,0.004,TROUT
8.2,11.41,0.79,10.47,0.004,SALMON
8.16,30.07,12.51,6.07,0.037,TILAPIA
7.1,30.38,40.97,4.19,0.034,TILAPIA
7.63,12.2,2.87,8.25,0.007,SALMON
7.74,20.19,21.8,6.63,0.015,ROHU
6.55,12.21,9.88,7.81,0.007,TROUT
6.62,26.06,94.74,3.7,0.04,CATFISH
8.09,26.86,15.1,7.53,0.003,SHRIMP
8.27,26.07,41.23,6.32,0.04,TILAPIA
7.71,9.54,1.15,9.56,0.004,SALMON
7.24,10.78,0.55,8.72,0.002,SALMON
8.1,30.14,11.13,7.8,0.018,SHRIMP
8.16,11.53,0.47,9.85,0.007,SALMON
7.55,28.56,13.46,6.17,0.013,SHRIMP
6.68,14.32,7.29,8.66,0.009,TROUT
7.65,25.03,37.73,5.68,0.017,ROHU
8.35,26.4,9.72,7.48,0.002,SHRIMP
7.81,27.16,19.97,6.61,0.007,ROHU
7.76,17.83,0.74,7.65,0.008,TROUT
6.67,13.41,1.16,10.21,0.006,SALMON
7.95,10.86,9.86,9.53,0.004,TROUT
7.85,26.61,31.57,5.37,0.028,TILAPIA
7.81,22.73,23.29,5.99,0.022,CARP
7.16,23.35,33.3,4.64,0.036,ROHU
7.95,24.21,49.98,3.13,0.02,TILAPIA
7.78,23.97,31.82,5.71,0.012,ROHU
7.38,22.51,33.48,6.94,0.023,ROHU
7.4,13.55,2.24,10.86,0.001,SALMON
6.9,10.23,8.77,8.82,0.008,TROUT
7.94,22.19,35.11,6.41,0.046,ROHU
7.11,11.55,6.57,7.35,0.008,TROUT
8.39,11.04,0.97,10.8,0.001,SALMON
7.05,29.59,24.6,6.64,0.025,ROHU
7.69,24.03,49.03,4.4,0.013,TILAPIA
7.64,29.53,9.96,5.87,0.005,SHRIMP
7.96,23.69,41.95,6.75,0.011,ROHU
7.42,27.51,19.39,7.32,0.009,ROHU
6.7,9.71,2.98,8.83,0.01,SALMON
6.57,29.56,89.17,4.04,0.048,CATFISH
7.8,15.49,3.81,7.38,0.008,TROUT
7.32,27.35,41.01,4.77,0.038,CATFISH
6.67,11.71,1.07,9.02,0.006,SALMON
7.48,24.27,76.86,3.0,0.074,CATFISH
6.73,23.18,39.08,4.72,0.033,CATFISH
8.1,25.16,6.84,6.75,0.018,SHRIMP
7.32,16.85,3.35,7.89,0.0,TROUT
8.18,24.99,17.88,5.64,0.047,ROHU
8.14,30.28,37.97,6.15,0.029,TILAPIA
7.29,25.74,94.94,5.19,0.083,CATFISH
7.74,25.25,8.79,7.95,0.004,SHRIMP
7.56,26.68,32.03,4.09,0.034,CARP
7.8,12.11,4.31,9.53,0.003,TROUT
7.67,13.32,5.01,9.1,0.0,TROUT
7.05,26.97,37.87,4.3,0.027,CARP
7.31,30.11,28.26,5.95,0.008,TILAPIA
7.79,21.24,27.44,6.56,0.033,CARP
8.35,19.06,36.79,4.79,0.037,CARP
7.65,23.65,36.48,5.17,0.0,ROHU
7.04,17.5,4.59,9.89,0.007,TROUT
6.71,12.1,0.71,8.89,0.006,SALMON
7.15,21.96,23.41,7.04,0.034,ROHU
8.45,23.95,72.69,5.47,0.08,CATFISH
8.25,18.95,22.11,4.8,0.044,CARP
6.42,22.87,40.74,3.26,0.006,CATFISH
7.5,17.54,9.52,8.98,0.0,TROUT
8.3,24.4,41.29,5.01,0.032,TILAPIA
6.27,24.13,88.32,5.39,0.028,CATFISH
7.87,21.03,36.95,4.63,0.037,ROHU
6.75,15.64,7.41,9.66,0.002,TROUT
7.87,26.62,24.01,5.8,0.037,ROHU
8.34,26.45,29.91,4.89,0.0,ROHU
8.5,26.17,5.12,5.57,0.018,SHRIMP
6.59,13.47,1.9,8.29,0.006,SALMON
7.53,27.26,35.47,5.6,0.05,CARP
8.29,27.6,11.5,5.51,0.01,SHRIMP
7.67,25.61,6.17,5.08,0.001,SHRIMP
8.25,26.18,5.01,6.1,0.018,SHRIMP
7.05,24.48,52.3,4.06,0.067,CATFISH
8.28,28.07,35.97,6.31,0.031,ROHU
7.21,24.91,27.64,6.47,0.046,ROHU
8.06,27.19,17.48,5.44,0.009,TILAPIA
8.28,28.82,48.83,5.34,0.023,TILAPIA
6.61,9.36,0.62,10.2,0.004,SALMON
7.52,28.92,19.56,5.53,0.009,SHRIMP
7.75,25.8,23.53,7.93,0.015,CARP
6.41,29.71,68.9,4.34,0.085,CATFISH
7.44,29.05,41.16,6.04,0.019,TILAPIA
6.54,12.09,5.49,8.86,0.003,TROUT
6.84,10.57,2.82,9.97,0.003,SALMON
8.38,12.56,0.79,9.74,0.005,SALMON
7.81,9.28,4.25,8.82,0.008,SALMON
6.1,26.51,38.52,3.6,0.066,CATFISH
7.4,27.78,45.82,3.09,0.028,TILAPIA
7.82,26.74,12.36,5.56,0.009,SHRIMP
8.45,30.64,49.78,4.71,0.044,TILAPIA
8.94,26.5,33.79,6.05,0.03,TILAPIA
6.81,16.38,0.37,9.42,0.0,TROUT
8.35,26.16,11.27,6.67,0.003,SHRIMP
8.29,22.4,86.78,2.73,0.013,CATFISH
7.05,28.52,26.92,6.18,0.026,ROHU
7.95,25.79,21.78,4.65,0.022,CARP
8.48,21.23,42.03,6.49,0.046,ROHU
7.84,22.37,88.65,5.67,0.03,CATFISH
6.73,26.83,37.36,4.42,0.036,TILAPIA
7.54,25.83,29.31,5.31,0.033,CARP
7.58,14.39,7.21,8.01,0.001,TROUT
7.9,8.54,2.93,10.46,0.004,SALMON
7.68,13.78,0.24,9.79,0.006,SALMON
7.39,9.55,1.51,8.49,0.004,SALMON
7.03,24.35,29.96,4.96,0.03,CARP
7.24,24.42,99.78,4.85,0.095,CATFISH
6.09,22.62,35.69,5.22,0.035,CATFISH
8.12,19.7,17.39,5.72,0.017,CARP
8.05,26.91,16.68,5.24,0.003,SHRIMP
7.8,14.56,6.46,8.67,0.008,TROUT
7.31,30.52,26.07,5.24,0.009,TILAPIA
6.91,12.37,5.08,7.4,0.004,TROUT
7.79,30.42,25.91,4.08,0.019,TILAPIA
7.05,18.85,31.15,6.94,0.041,CARP
7.08,30.03,27.9,5.73,0.033,TILAPIA
7.76,15.45,7.81,8.34,0.002,TROUT
6.5,12.88,2.81,8.63,0.002,SALMON
8.03,13.71,0.16,8.03,0.004,SALMON
7.91,25.05,26.24,4.32,0.011,TILAPIA
7.95,26.72,30.68,5.36,0.044,TILAPIA
7.89,25.0,29.62,6.83,0.035,CARP
7.55,12.94,3.01,9.16,0.009,SALMON
7.8,8.71,4.23,9.94,0.0,SALMON
7.51,25.46,13.72,7.74,0.012,SHRIMP
7.07,12.63,4.8,9.6,0.003,TROUT
7.53,25.25,38.59,6.12,0.016,ROHU
6.7,17.22,7.5,9.77,0.007,TROUT
6.68,13.31,3.15,9.9,0.008,SALMON
7.91,14.73,0.76,10.59,0.004,SALMON
8.2,30.44,19.45,7.39,0.008,SHRIMP
7.59,31.0,14.08,7.56,0.001,SHRIMP
7.02,11.51,9.06,7.65,0.006,TROUT
7.25,31.74,21.55,3.85,0.027,TILAPIA
8.42,30.74,11.8,5.98,0.006,SHRIMP
8.36,24.02,11.57,5.59,0.004,CARP
7.13,30.42,41.85,4.34,0.035,TILAPIA
6.68,28.04,27.53,3.55,0.025,TILAPIA
7.73,11.43,3.62,9.68,0.008,SALMON
7.89,16.64,2.75,8.66,0.006,TROUT
6.54,13.5,5.99,9.9,0.009,TROUT
6.2,28.25,94.75,4.47,0.014,CATFISH
7.76,30.66,17.36,7.35,0.017,SHRIMP
7.65,30.73,14.2,7.18,0.018,SHRIMP
7.33,20.58,42.75,7.45,0.028,ROHU
7.4,26.05,75.51,5.14,0.055,CATFISH
7.59,22.14,52.22,5.79,0.013,CATFISH
8.41,30.42,17.46,6.22,0.003,SHRIMP
7.3,11.44,1.07,10.72,0.007,SALMON
8.44,28.97,16.79,6.75,0.017,SHRIMP
6.76,25.99,23.81,5.54,0.012,TILAPIA
7.88,28.33,6.81,6.36,0.009,SHRIMP
7.5,11.24,0.55,8.53,0.001,TROUT
7.94,18.7,14.0,6.32,0.02,CARP
6.7,26.12,37.31,5.98,0.006,TILAPIA
7.83,10.14,1.34,10.44,0.01,SALMON
7.06,25.19,19.99,7.41,0.013,ROHU
7.7,30.42,16.32,7.04,0.019,SHRIMP
6.67,13.15,0.03,9.37,0.006,SALMON
7.19,27.78,24.72,4.9,0.028,ROHU
8.4,26.79,10.81,7.84,0.004,SHRIMP
7.58,27.74,18.88,5.81,0.035,ROHU
7.14,8.43,3.51,8.83,0.002,SALMON
8.38,19.11,27.72,6.91,0.004,CARP
7.32,11.98,2.92,8.21,0.008,SALMON
8.49,29.3,19.89,6.36,0.003,SHRIMP
6.85,24.35,10.54,4.3,0.004,TILAPIA
8.3,20.26,35.13,6.31,0.004,ROHU
6.98,13.15,9.4,8.19,0.005,TROUT
8.18,11.46,0.17,10.01,0.004,SALMON
8.5,25.83,11.36,7.34,0.001,SHRIMP
7.84,13.62,0.61,10.51,0.004,SALMON
7.54,28.53,10.19,6.22,0.002,SHRIMP
6.81,25.96,15.34,3.44,0.044,TILAPIA
7.04,22.14,35.47,7.47,0.001,ROHU
7.56,10.24,3.29,10.69,0.008,SALMON
7.09,16.49,5.13,7.12,0.009,TROUT
8.1,30.27,6.2,6.66,0.016,SHRIMP
7.96,25.39,12.48,5.74,0.005,SHRIMP
8.21,8.61,0.54,9.92,0.01,SALMON
8.23,27.48,8.04,6.96,0.013,SHRIMP
8.05,27.56,31.71,2.96,0.013,CATFISH
7.97,26.27,14.74,5.68,0.01,SHRIMP
7.23,11.14,8.85,8.02,0.007,TROUT
7.99,10.83,4.15,7.72,0.01,TROUT
8.03,30.5,19.19,5.7,0.003,SHRIMP
8.29,29.7,43.81,5.16,0.011,ROHU
7.73,27.21,28.52,6.89,0.017,CARP
6.17,24.22,47.85,3.75,0.042,CATFISH
7.84,23.32,82.53,4.85,0.001,CATFISH
8.08,30.16,14.36,7.62,0.006,SHRIMP
8.55,27.06,36.04,5.95,0.016,TILAPIA
6.71,26.71,40.04,3.92,0.003,CATFISH
8.1,23.4,18.62,5.77,0.004,ROHU
7.81,11.57,1.18,10.77,0.001,SALMON
7.04,27.56,12.13,6.44,0.005,CARP
8.09,29.53,51.55,3.85,0.002,CATFISH
8.32,13.25,4.33,9.25,0.009,SALMON
7.26,22.99,37.55,6.23,0.013,CARP
7.86,18.43,28.29,6.09,0.039,CARP
8.27,25.36,34.47,5.11,0.037,ROHU
7.58,10.25,2.64,9.66,0.001,SALMON
7.59,28.16,36.35,3.54,0.065,CATFISH
7.7,12.79,0.18,7.22,0.001,TROUT
8.11,30.96,38.37,5.08,0.049,TILAPIA
7.29,25.32,39.49,4.11,0.048,TILAPIA
6.89,8.77,1.59,10.48,0.007,SALMON
8.41,25.62,43.61,6.85,0.011,TILAPIA
6.98,10.75,3.03,9.15,0.007,TROUT
6.76,15.22,6.06,7.46,0.004,TROUT
8.45,23.65,70.39,2.52,0.071,CATFISH
6.55,14.22,2.91,9.44,0.002,TROUT
7.0,15.01,7.93,8.64,0.006,TROUT
7.37,21.55,19.06,6.08,0.034,ROHU
6.75,12.53,2.79,9.14,0.003,SALMON
8.32,29.78,39.96,5.62,0.033,CATFISH
8.38,12.38,3.12,9.12,0.001,SALMON
7.57,23.53,25.16,7.27,0.002,ROHU
7.16,31.15,13.84,4.65,0.02,TILAPIA
7.79,28.55,16.52,7.94,0.018,SHRIMP
7.94,22.34,20.27,4.85,0.03,CARP
8.24,27.31,12.55,5.76,0.032,TILAPIA
7.26,11.24,3.59,10.16,0.005,SALMON
7.86,27.88,46.84,5.21,0.029,TILAPIA
8.21,29.3,8.53,7.31,0.0,SHRIMP
6.58,27.45,40.94,5.02,0.032,TILAPIA
6.59,25.79,34.66,6.39,0.019,TILAPIA
8.4,13.9,1.38,9.2,0.009,SALMON
6.57,9.56,2.25,10.09,0.002,SALMON
7.3,28.26,10.76,6.54,0.039,TILAPIA
8.83,26.53,37.69,6.28,0.037,TILAPIA
7.31,27.61,76.48,5.66,0.054,CATFISH
8.33,28.28,12.96,6.37,0.048,TILAPIA
7.94,28.12,9.65,6.44,0.015,SHRIMP
6.64,14.43,6.96,7.83,0.006,TROUT
7.54,14.12,8.97,9.38,0.008,TROUT
7.28,21.59,11.08,5.13,0.033,CARP
7.59,30.34,14.65,5.87,0.007,TILAPIA
6.52,9.93,0.71,8.38,0.01,SALMON
7.24,23.21,28.17,5.33,0.047,ROHU
8.29,23.73,26.25,6.77,0.015,ROHU
7.57,8.08,4.16,9.54,0.002,SALMON
7.77,18.72,23.2,6.84,0.003,CARP
8.08,24.63,51.46,5.96,0.068,CATFISH
8.06,23.75,18.96,5.21,0.032,ROHU
6.67,10.84,1.23,9.73,0.007,SALMON
8.21,26.75,35.4,5.53,0.014,TILAPIA
6.93,25.34,44.45,3.02,0.051,CATFISH
6.61,27.46,93.04,3.73,0.003,CATFISH
6.81,27.79,87.32,4.56,0.032,CATFISH
7.06,20.96,17.02,5.11,0.01,CARP
7.99,21.48,37.23,5.25,0.014,ROHU
7.85,16.6,1.48,10.0,0.007,TROUT
6.86,26.79,33.44,3.56,0.043,TILAPIA
8.03,19.91,39.64,6.36,0.041,CARP
8.02,10.71,2.95,10.33,0.001,SALMON
7.03,11.56,2.68,9.46,0.002,TROUT
8.62,31.39,38.01,3.12,0.039,TILAPIA
8.27,26.56,91.62,5.38,0.008,CATFISH
8.31,27.38,25.79,6.67,0.025,ROHU
7.64,29.88,18.94,5.6,0.0,SHRIMP
6.51,16.27,0.77,8.35,0.004,TROUT
7.02,11.78,7.71,9.09,0.004,TROUT
8.47,27.09,12.56,6.54,0.02,SHRIMP
8.16,11.53,1.92,8.48,0.008,SALMON
8.24,26.46,77.74,4.95,0.046,CATFISH
7.9,27.32,16.7,6.18,0.038,ROHU
6.65,27.74,12.34,4.9,0.001,TILAPIA
8.23,28.5,34.25,7.0,0.035,ROHU
6.7,12.12,0.26,8.16,0.005,TROUT
6.8,23.35,50.57,2.57,0.047,CATFISH
6.99,14.1,0.85,10.55,0.008,SALMON
6.14,27.41,75.42,5.31,0.062,CATFISH
7.17,17.01,0.9,9.75,0.009,TROUT
6.69,25.41,13.71,3.97,0.023,TILAPIA
6.32,23.54,66.64,2.9,0.096,CATFISH
6.82,30.41,46.58,4.42,0.035,TILAPIA
8.47,26.59,15.36,5.27,0.018,SHRIMP
7.96,24.77,35.25,6.82,0.048,ROHU
7.39,24.87,27.13,6.98,0.012,ROHU
8.32,29.82,14.22,6.32,0.001,SHRIMP
8.7,25.16,16.22,3.77,0.033,TILAPIA
8.49,26.62,23.16,8.0,0.026,CARP
7.95,11.52,9.47,9.08,0.004,TROUT
8.35,21.8,20.88,5.73,0.008,ROHU
7.92,13.26,0.3,9.02,0.003,SALMON
6.95,28.55,99.54,5.93,0.066,CATFISH
8.25,25.88,18.42,5.46,0.004,SHRIMP
8.25,19.02,12.45,7.64,0.004,CARP
7.86,24.23,34.68,6.95,0.028,CARP
7.26,22.15,37.95,4.54,0.079,CATFISH
7.02,29.84,45.13,3.96,0.038,CATFISH
7.3,11.99,5.92,8.67,0.002,TROUT
8.49,30.45,12.39,3.79,0.033,TILAPIA
6.94,28.81,38.22,4.58,0.002,TILAPIA
7.99,29.22,31.98,7.03,0.006,ROHU
7.62,27.93,9.95,7.16,0.018,SHRIMP
7.18,27.4,18.3,5.53,0.021,TILAPIA
8.97,28.05,42.32,5.27,0.024,TILAPIA
8.15,30.71,12.93,7.36,0.015,SHRIMP
8.21,30.35,9.98,7.58,0.019,SHRIMP
7.93,15.02,3.81,9.38,0.003,TROUT
7.01,26.94,46.39,5.14,0.022,CATFISH
7.47,23.75,16.25,5.54,0.043,CARP
7.49,28.77,46.23,5.35,0.022,CATFISH
6.89,15.23,6.99,8.04,0.005,TROUT
7.78,27.14,21.43,4.87,0.037,CARP
8.05,29.24,41.45,5.36,0.023,ROHU
8.2,22.3,39.6,6.1,0.042,CARP
7.72,29.05,39.07,5.23,0.016,ROHU
7.22,11.3,6.17,9.69,0.009,TROUT
8.2,27.34,14.49,6.82,0.01,SHRIMP
8.19,29.08,37.06,5.88,0.053,CATFISH
6.53,26.28,17.56,3.67,0.036,TILAPIA
7.72,10.64,7.88,8.47,0.0,TROUT
7.51,28.6,36.6,4.99,0.032,CATFISH
7.26,10.16,4.24,9.03,0.005,TROUT
7.78,23.89,31.9,5.04,0.042,CARP
7.81,28.07,18.18,7.07,0.017,SHRIMP
6.22,29.91,46.03,4.73,0.028,CATFISH
7.77,17.33,1.13,8.71,0.009,TROUT
7.52,10.54,2.09,9.58,0.001,TROUT
7.36,24.19,45.55,4.52,0.037,CATFISH
7.99,13.94,4.76,8.86,0.0,TROUT
7.15,13.25,2.32,7.09,0.008,TROUT
6.36,29.31,91.56,3.03,0.094,CATFISH
8.84,29.46,36.61,4.7,0.042,TILAPIA
7.98,27.08,12.59,5.56,0.014,SHRIMP
6.75,11.57,1.68,9.03,0.005,SALMON
8.29,30.37,19.61,6.74,0.007,SHRIMP
7.08,18.23,22.93,5.71,0.009,CARP
7.16,27.77,39.86,6.99,0.013,CARP
7.12,11.15,1.42,10.19,0.005,SALMON
7.79,15.87,9.23,8.56,0.007,TROUT
7.7,12.23,2.76,9.5,0.001,TROUT
7.25,26.95,18.87,4.93,0.001,CARP
8.42,27.86,17.05,6.68,0.042,CARP
8.21,10.3,0.34,10.98,0.007,SALMON
7.63,26.23,11.12,7.34,0.012,SHRIMP
6.66,15.05,3.36,9.43,0.008,TROUT
7.28,12.37,5.4,8.72,0.006,TROUT
8.42,22.91,26.69,7.52,0.044,CARP
8.13,9.86,0.05,8.46,0.01,SALMON
7.96,26.8,34.08,7.93,0.044,CARP
6.53,26.15,39.85,4.0,0.06,CATFISH
8.65,26.63,46.76,4.89,0.001,TILAPIA
7.95,19.59,18.57,4.84,0.027,CARP
7.5,27.86,17.82,7.42,0.006,ROHU
6.12,24.96,66.28,2.54,0.057,CATFISH
8.48,29.88,43.29,4.7,0.054,CATFISH
7.39,27.58,22.5,4.57,0.03,CARP
7.4,23.11,20.07,5.82,0.008,CARP
6.64,14.23,0.99,10.27,0.003,SALMON
7.13,14.8,0.47,9.76,0.008,SALMON
7.52,11.56,6.4,7.28,0.006,TROUT
6.95,24.81,37.56,2.64,0.084,CATFISH
7.23,22.73,97.03,4.83,0.01,CATFISH
8.26,27.87,36.67,6.11,0.031,CARP
7.6,9.69,1.27,9.15,0.001,SALMON
7.68,27.81,86.64,3.91,0.075,CATFISH
7.84,13.28,0.27,9.08,0.008,TROUT
7.69,12.12,1.89,10.25,0.004,SALMON
8.11,27.32,40.9,7.27,0.039,ROHU
7.1,27.88,28.71,7.79,0.005,CARP
7.63,30.01,18.21,6.5,0.004,SHRIMP
6.53,26.37,85.92,5.16,0.036,CATFISH
6.55,28.88,26.93,6.68,0.032,TILAPIA
8.31,30.89,7.84,5.88,0.012,SHRIMP
7.98,25.33,21.11,7.0,0.01,ROHU
8.45,23.1,18.46,5.14,0.001,CARP
8.43,20.31,10.18,6.4,0.025,CARP
7.93,27.17,9.73,6.47,0.003,SHRIMP
6.83,24.83,51.61,5.93,0.093,CATFISH
7.18,27.64,47.73,3.73,0.046,TILAPIA
8.11,26.28,15.34,5.62,0.007,SHRIMP
7.11,29.88,32.41,5.96,0.039,ROHU
6.63,14.45,9.93,7.44,0.001,TROUT
6.0,22.02,95.55,5.74,0.067,CATFISH
8.29,22.34,46.42,5.33,0.083,CATFISH
7.37,26.7,29.54,6.57,0.005,CARP
6.8,10.04,2.9,10.48,0.004,SALMON
7.84,29.81,7.95,5.21,0.001,SHRIMP
7.58,25.16,14.94,5.03,0.021,CARP
6.88,28.8,79.68,3.45,0.05,CATFISH
7.7,13.68,4.21,10.01,0.006,SALMON
7.08,16.66,9.22,8.47,0.007,TROUT
7.86,21.12,23.03,6.37,0.034,CARP
7.75,29.39,83.05,2.79,0.047,CATFISH
7.59,25.02,18.48,5.65,0.009,SHRIMP
7.71,27.1,7.62,5.2,0.004,SHRIMP
8.26,27.74,7.64,6.39,0.013,SHRIMP
7.64,30.0,6.96,5.1,0.005,SHRIMP
8.15,24.1,20.44,5.9,0.028,ROHU
8.03,27.24,32.06,3.25,0.019,TILAPIA
8.11,20.25,27.69,4.61,0.005,CARP
8.01,19.13,37.53,4.9,0.006,CARP
8.45,30.08,13.89,6.2,0.005,SHRIMP
8.4,10.6,0.83,8.82,0.002,SALMON
7.6,24.38,16.2,7.09,0.05,ROHU
7.01,24.93,31.7,3.8,0.004,TILAPIA
6.81,8.34,2.06,10.43,0.005,SALMON
7.09,23.09,26.88,6.78,0.025,CARP
7.09,14.02,1.87,9.05,0.004,TROUT
7.67,30.14,13.8,7.34,0.016,SHRIMP
7.46,14.01,4.68,8.66,0.008,SALMON
7.4,25.99,72.15,2.61,0.003,CATFISH
7.23,14.17,4.0,10.78,0.003,SALMON
7.53,28.93,14.69,4.55,0.037,TILAPIA
6.78,25.51,49.03,4.11,0.001,CATFISH
7.92,21.73,11.22,4.93,0.044,CARP
9.0,28.76,35.13,3.45,0.02,TILAPIA
6.77,28.71,79.13,3.65,0.083,CATFISH
7.0,12.52,0.44,10.83,0.008,SALMON
7.98,19.41,12.82,5.38,0.043,CARP
6.77,11.96,2.12,9.39,0.005,SALMON
8.21,20.76,36.92,4.95,0.004,CARP
7.6,12.95,3.34,9.67,0.005,TROUT
8.21,24.23,39.06,4.8,0.032,ROHU
7.41,13.33,3.53,9.56,0.006,SALMON
6.77,25.07,43.48,6.0,0.019,TILAPIA
7.12,24.25,36.05,7.36,0.019,CARP
7.93,30.04,12.96,7.29,0.002,SHRIMP
7.56,20.54,36.73,4.85,0.001,ROHU
7.72,29.96,6.83,6.87,0.018,SHRIMP
7.55,24.26,29.46,4.96,0.018,ROHU
8.45,20.02,27.39,4.33,0.011,CARP
7.53,24.92,19.91,6.67,0.033,CARP
7.26,23.38,21.87,5.66,0.032,CARP
6.81,11.5,3.95,9.33,0.002,SALMON
7.72,23.68,30.59,4.24,0.028,CARP
7.51,29.94,97.49,5.4,0.027,CATFISH
7.53,14.43,9.4,9.72,0.006,TROUT
8.25,27.77,37.67,6.95,0.011,ROHU
8.21,24.63,32.32,3.73,0.034,TILAPIA
7.07,20.94,18.71,5.79,0.015,ROHU
8.19,29.81,9.0,7.55,0.009,SHRIMP
7.64,16.24,0.14,7.43,0.002,TROUT
6.62,14.71,0.17,8.67,0.004,TROUT
7.55,25.06,33.62,7.18,0.01,ROHU
7.65,27.49,16.71,5.64,0.029,ROHU
6.75,29.98,58.41,3.24,0.063,CATFISH
7.85,25.95,19.49,6.73,0.009,SHRIMP
8.31,13.54,1.67,8.54,0.003,SALMON
6.97,14.52,2.7,9.95,0.001,TROUT
6.27,24.05,88.64,4.65,0.023,CATFISH
6.97,10.59,1.91,10.87,0.004,SALMON
6.93,23.79,69.02,5.61,0.059,CATFISH
7.39,29.56,35.95,5.68,0.032,TILAPIA
6.79,14.85,0.23,9.4,0.004,SALMON
7.72,9.12,1.31,9.7,0.002,SALMON
8.73,31.95,48.77,5.87,0.007,TILAPIA
8.32,30.4,18.61,6.13,0.006,SHRIMP
7.82,27.7,10.74,7.74,0.005,SHRIMP
7.42,24.77,14.31,4.49,0.006,CARP
6.94,13.36,1.84,8.5,0.005,SALMON
8.26,27.27,27.78,4.5,0.037,ROHU
6.7,27.11,43.96,5.4,0.068,CATFISH
8.09,28.59,9.53,5.24,0.019,SHRIMP
7.0,12.75,3.98,7.87,0.007,TROUT
6.6,22.62,76.01,5.92,0.006,CATFISH
7.4,21.21,26.43,7.1,0.02,CARP
7.04,24.83,68.72,4.02,0.071,CATFISH
6.76,13.06,3.0,9.52,0.007,SALMON
7.88,24.79,18.83,5.77,0.04,CARP
8.18,20.14,42.36,5.32,0.044,ROHU
7.43,26.81,26.21,5.29,0.027,CARP
7.32,12.21,6.46,7.61,0.007,TROUT
8.35,14.9,3.72,10.6,0.007,SALMON
8.91,30.66,38.69,4.92,0.02,TILAPIA
7.33,27.68,11.59,6.56,0.043,TILAPIA
6.69,22.49,72.97,4.07,0.061,CATFISH
8.3,29.51,16.57,6.5,0.007,SHRIMP
7.03,27.82,42.88,5.38,0.022,CATFISH
7.8,26.47,63.93,3.98,0.052,CATFISH
8.2,28.92,10.13,5.56,0.004,SHRIMP
7.36,14.47,3.07,7.29,0.009,TROUT
8.18,25.87,20.11,5.88,0.04,TILAPIA
8.73,26.44,15.52,3.35,0.036,TILAPIA
8.44,28.99,32.36,5.46,0.047,TILAPIA
8.48,26.87,19.34,5.45,0.015,SHRIMP
7.73,10.23,0.78,7.21,0.006,TROUT
6.74,12.05,1.62,9.67,0.002,SALMON
8.28,29.89,19.97,6.24,0.0,SHRIMP
7.08,10.06,5.03,9.54,0.006,TROUT
8.0,20.51,34.39,4.52,0.046,CARP
8.42,26.34,16.57,7.42,0.001,ROHU
7.73,29.28,24.6,3.11,0.049,TILAPIA
8.31,27.61,25.9,6.97,0.048,ROHU
7.8,22.08,19.24,6.78,0.016,ROHU
6.58,13.96,3.29,8.18,0.005,TROUT
7.64,25.27,16.35,5.88,0.033,CARP
6.93,25.72,77.95,5.51,0.042,CATFISH
7.67,15.23,4.27,9.92,0.001,TROUT
7.9,20.56,40.73,6.92,0.002,ROHU
7.88,24.96,70.25,3.45,0.017,CATFISH
6.55,12.48,8.06,8.37,0.001,TROUT
7.71,21.25,14.31,5.42,0.033,CARP
7.63,13.9,3.8,9.98,0.005,SALMON
6.98,14.38,6.07,8.42,0.009,TROUT
8.4,24.99,67.99,5.48,0.033,CATFISH
7.32,27.53,22.29,7.51,0.041,CARP
8.27,29.38,27.77,7.3,0.008,ROHU
6.87,12.51,5.29,7.84,0.008,TROUT
8.07,28.91,69.87,5.53,0.051,CATFISH
8.65,24.4,25.94,3.11,0.042,TILAPIA
6.79,11.19,2.93,7.1,0.007,TROUT
6.81,24.62,85.2,4.99,0.032,CATFISH
8.07,24.13,92.25,4.59,0.057,CATFISH
8.29,14.86,4.77,10.56,0.008,SALMON
7.13,12.08,7.88,9.74,0.003,TROUT
7.49,16.71,4.74,9.15,0.01,TROUT
8.82,28.18,35.73,6.51,0.02,TILAPIA
6.7,12.54,3.81,8.14,0.004,TROUT
6.72,27.67,47.9,6.6,0.035,TILAPIA
7.56,25.61,43.41,6.78,0.034,ROHU
7.5,12.86,4.64,8.67,0.008,TROUT
7.0,23.04,35.3,4.62,0.019,CATFISH
8.21,19.2,23.84,4.49,0.022,CARP
7.97,29.01,14.62,5.43,0.013,SHRIMP
7.73,29.98,9.15,6.09,0.003,SHRIMP
6.92,10.06,3.53,10.05,0.008,SALMON
8.68,31.21,23.04,3.37,0.011,TILAPIA
6.0,22.48,60.28,5.85,0.089,CATFISH
6.89,27.94,59.68,3.37,0.043,CATFISH
7.25,24.45,29.0,3.84,0.005,TILAPIA
8.0,27.91,27.38,6.0,0.002,ROHU
7.42,29.0,28.57,5.43,0.036,TILAPIA
7.79,27.17,29.17,3.79,0.025,TILAPIA
7.41,26.24,36.77,5.4,0.034,CARP
7.82,25.27,14.48,6.12,0.018,SHRIMP
7.96,25.19,12.21,7.39,0.013,SHRIMP
7.72,29.21,18.03,5.3,0.005,SHRIMP
8.44,26.64,14.57,7.19,0.012,SHRIMP
8.08,11.46,2.15,8.03,0.006,SALMON
8.03,28.59,15.66,6.57,0.014,SHRIMP
7.17,26.14,44.52,3.05,0.009,TILAPIA
7.76,30.62,5.2,6.17,0.016,SHRIMP
7.74,13.7,4.96,8.09,0.007,SALMON
7.67,26.1,5.55,7.57,0.011,SHRIMP
7.22,11.45,1.8,9.66,0.002,SALMON
7.82,15.31,9.57,7.05,0.001,TROUT
7.23,12.5,0.14,9.11,0.005,SALMON
7.19,11.79,1.29,8.8,0.006,SALMON
8.02,26.91,19.96,5.29,0.044,TILAPIA
7.62,13.51,4.29,7.68,0.005,TROUT
7.04,11.53,3.69,9.56,0.007,TROUT
8.26,27.9,17.97,7.37,0.02,CARP
6.68,12.63,3.0,9.94,0.007,SALMON
7.31,24.22,27.4,7.77,0.012,CARP
8.25,25.16,43.32,5.93,0.022,ROHU
8.9,24.88,12.7,3.18,0.021,TILAPIA
7.99,14.29,1.3,9.89,0.0,SALMON
6.29,29.2,79.11,5.88,0.008,CATFISH
8.0,27.11,43.06,7.33,0.028,ROHU
7.86,24.69,37.28,7.5,0.036,ROHU
7.47,23.16,39.18,4.8,0.023,ROHU
6.63,30.07,42.55,5.09,0.046,TILAPIA
8.44,29.79,30.95,6.05,0.014,ROHU
7.25,22.86,31.6,6.22,0.032,ROHU
8.12,23.61,27.17,5.15,0.041,CARP
7.25,23.26,38.73,5.02,0.035,ROHU
7.58,14.12,0.25,9.27,0.002,SALMON
8.17,19.68,34.36,4.03,0.027,CARP
7.81,8.79,2.91,8.96,0.004,SALMON
8.39,26.04,11.38,6.3,0.011,SHRIMP
8.41,18.41,10.45,5.7,0.03,CARP
8.01,24.26,61.44,2.55,0.08,CATFISH
7.52,12.9,6.84,7.34,0.005,TROUT
7.81,24.57,38.52,5.4,0.025,CATFISH
7.52,29.76,5.03,6.03,0.01,SHRIMP
7.39,16.59,6.56,7.79,0.001,TROUT
7.32,25.47,35.37,4.66,0.003,ROHU
8.4,9.73,2.51,8.5,0.003,SALMON
7.66,10.24,0.99,9.26,0.003,SALMON
8.35,29.38,15.81,6.1,0.014,SHRIMP
8.12,22.85,20.83,5.9,0.042,CARP
7.21,26.65,37.98,5.15,0.043,TILAPIA
8.08,29.52,12.69,5.86,0.017,SHRIMP
7.21,11.18,8.51,7.24,0.003,TROUT
7.76,26.81,11.18,6.6,0.024,CARP
7.02,12.43,6.43,8.3,0.008,TROUT
8.24,25.7,29.88,7.59,0.013,CARP
8.34,23.6,23.62,5.56,0.011,ROHU
7.4,14.06,7.83,7.8,0.0,TROUT
8.47,22.55,34.67,7.07,0.036,CARP
6.98,10.11,1.5,9.68,0.003,SALMON
7.85,10.92,3.7,8.09,0.001,TROUT
8.38,11.12,2.61,10.97,0.005,SALMON
7.99,27.57,27.66,4.26,0.025,CARP
7.55,27.79,20.82,4.43,0.039,CARP
7.45,21.05,21.62,7.87,0.004,CARP
8.11,25.96,11.85,5.02,0.013,SHRIMP
7.22,27.59,19.35,5.28,0.01,ROHU
8.26,29.53,12.05,7.15,0.009,SHRIMP
8.14,29.5,12.81,6.53,0.013,SHRIMP
7.84,29.35,9.81,6.19,0.013,SHRIMP
6.9,14.1,4.61,9.88,0.008,SALMON
8.11,30.45,10.39,7.1,0.001,SHRIMP
7.8,13.41,3.06,9.58,0.01,SALMON
6.66,16.62,2.74,9.18,0.003,TROUT
7.03,28.8,47.45,3.6,0.006,CATFISH
8.49,13.52,2.37,9.7,0.0,SALMON
7.07,23.04,11.98,7.53,0.038,CARP
6.85,13.6,2.39,8.44,0.007,SALMON
6.71,24.11,66.5,5.89,0.092,CATFISH
7.88,14.38,0.62,8.21,0.007,TROUT
7.01,11.59,5.07,9.53,0.005,TROUT
8.15,28.53,5.07,5.85,0.013,SHRIMP
8.01,14.37,2.55,10.16,0.009,SALMON
7.69,27.77,48.24,4.54,0.084,CATFISH
8.27,25.51,16.85,5.32,0.004,SHRIMP
8.34,27.89,18.52,6.53,0.013,SHRIMP
7.47,22.74,29.83,7.24,0.035,ROHU
8.32,29.28,40.39,3.77,0.009,TILAPIA
6.92,25.03,32.56,3.2,0.044,TILAPIA
8.01,23.94,81.12,3.15,0.061,CATFISH
7.51,21.44,14.03,6.7,0.032,CARP
7.78,20.1,30.04,6.19,0.04,CARP
7.76,30.53,18.95,6.33,0.001,SHRIMP
8.32,26.28,18.93,5.07,0.018,SHRIMP
7.79,12.65,3.3,9.56,0.006,SALMON
6.6,14.58,2.28,10.02,0.007,SALMON
8.44,24.32,20.3,5.92,0.022,ROHU
7.16,18.75,21.22,5.99,0.031,CARP
7.66,12.75,2.82,9.37,0.006,SALMON
8.92,24.99,30.29,3.21,0.016,TILAPIA
7.88,25.44,11.87,5.48,0.014,SHRIMP
6.91,17.6,2.92,8.66,0.008,TROUT
7.5,15.91,7.42,8.51,0.0,TROUT
8.26,27.04,38.33,7.52,0.037,CARP
7.68,27.49,8.23,7.58,0.015,SHRIMP
6.86,17.66,3.12,7.48,0.007,TROUT
8.31,26.79,23.4,5.23,0.001,ROHU
8.0,28.22,34.91,5.76,0.014,ROHU
8.41,22.63,26.95,5.65,0.012,ROHU
8.32,8.82,0.92,8.93,0.006,SALMON
7.76,20.67,12.23,5.32,0.025,CARP
8.72,26.69,16.58,5.95,0.039,TILAPIA
6.71,15.68,4.17,9.74,0.004,TROUT
7.58,21.27,13.8,4.91,0.012,CARP
7.84,29.82,6.61,7.28,0.014,SHRIMP
8.26,25.05,27.75,5.53,0.028,TILAPIA
8.18,27.74,25.67,4.53,0.037,ROHU
7.91,30.91,7.13,5.89,0.003,SHRIMP
7.72,31.75,20.19,6.97,0.011,TILAPIA
7.89,24.93,31.61,5.91,0.004,CARP
8.4,28.47,14.73,7.33,0.005,SHRIMP
6.63,14.82,0.91,7.47,0.006,TROUT
7.78,26.09,15.02,6.74,0.013,SHRIMP
7.48,11.21,3.7,9.56,0.001,SALMON
7.82,29.74,18.37,7.23,0.004,SHRIMP
7.51,28.18,41.91,3.13,0.003,CATFISH
8.35,12.62,0.04,9.2,0.009,SALMON
7.05,25.84,29.99,4.97,0.026,CARP
7.88,26.04,5.33,6.07,0.015,SHRIMP
7.71,20.64,24.65,5.55,0.04,ROHU
7.96,28.03,10.32,7.09,0.004,SHRIMP
7.09,20.82,15.29,6.2,0.031,ROHU
7.72,24.01,97.66,5.38,0.043,CATFISH
8.26,20.55,39.91,5.42,0.019,CARP
7.27,30.75,37.22,6.41,0.015,TILAPIA
8.64,29.91,16.18,5.43,0.031,TILAPIA
7.61,14.92,8.28,8.33,0.01,TROUT
7.62,26.62,19.28,7.24,0.0,SHRIMP
8.25,14.61,0.51,9.8,0.007,SALMON
7.68,12.9,4.13,9.22,0.007,SALMON
7.54,27.72,77.97,2.97,0.015,CATFISH
8.32,25.16,6.54,6.98,0.006,SHRIMP
7.53,15.0,6.76,7.78,0.005,TROUT
7.32,27.73,24.61,5.03,0.032,ROHU
8.01,19.37,10.68,7.45,0.017,CARP
7.65,25.24,5.49,6.39,0.002,SHRIMP
8.27,28.0,17.31,6.24,0.017,SHRIMP
7.66,14.4,1.82,10.95,0.006,SALMON
7.99,14.04,0.32,8.88,0.007,TROUT
7.7,14.49,0.64,9.08,0.001,TROUT
7.7,12.48,3.12,9.27,0.004,TROUT
7.18,21.43,26.07,7.01,0.023,ROHU
6.17,24.43,75.67,3.6,0.045,CATFISH
8.39,25.6,23.17,6.02,0.006,CARP
7.98,22.96,38.14,7.61,0.049,CARP
7.4,24.67,37.73,7.67,0.036,CARP
8.44,28.42,7.39,5.47,0.002,SHRIMP
6.58,16.03,2.36,7.07,0.004,TROUT
7.81,10.8,6.02,8.94,0.008,TROUT
7.33,11.17,1.96,8.18,0.001,TROUT
8.06,30.76,46.4,4.85,0.004,TILAPIA
8.32,29.6,9.64,7.47,0.004,SHRIMP
8.4,14.58,4.05,10.67,0.0,SALMON
8.27,29.23,94.66,4.24,0.087,CATFISH
7.61,27.29,11.92,6.32,0.043,TILAPIA
7.11,23.23,13.67,5.17,0.013,CARP
8.29,21.49,11.5,7.0,0.013,CARP
7.34,22.65,10.26,6.13,0.048,CARP
7.28,24.73,22.86,5.83,0.008,CARP
7.46,28.91,43.24,5.99,0.018,ROHU
7.52,21.06,30.22,6.25,0.043,CARP
7.14,25.97,15.25,4.46,0.031,CARP
7.67,26.77,37.55,5.7,0.024,ROHU
6.88,12.42,4.44,9.94,0.008,SALMON
7.87,25.16,20.48,7.2,0.022,CARP
6.64,22.09,74.29,4.08,0.006,CATFISH
7.26,24.62,34.75,5.15,0.02,CARP
7.73,28.92,9.43,7.47,0.0,SHRIMP
7.75,29.45,13.59,7.29,0.001,SHRIMP
7.82,24.31,16.83,6.17,0.05,CARP
7.58,14.32,8.25,8.52,0.005,TROUT
7.01,8.43,2.65,9.47,0.0,SALMON
7.02,16.94,9.6,9.83,0.009,TROUT
7.77,10.68,5.31,9.04,0.006,TROUT
7.86,11.94,4.32,9.83,0.006,SALMON
7.43,14.68,0.69,9.34,0.007,SALMON
6.71,24.3,46.36,3.7,0.087,CATFISH
6.91,12.08,3.15,8.39,0.0,TROUT
8.47,21.48,35.09,5.03,0.004,CARP
7.91,8.07,1.58,10.04,0.002,SALMON
7.46,26.45,24.78,7.31,0.019,CARP
8.23,26.08,12.98,7.75,0.011,SHRIMP
8.09,25.54,9.23,7.55,0.0,SHRIMP
7.29,30.31,24.91,4.43,0.05,TILAPIA
7.8,27.6,47.87,4.12,0.015,TILAPIA
6.59,28.21,20.28,4.23,0.023,TILAPIA
8.49,26.52,11.3,7.33,0.013,SHRIMP
7.7,27.16,33.7,5.24,0.047,CARP
7.83,26.51,11.65,6.93,0.006,SHRIMP
7.77,25.67,68.95,4.09,0.089,CATFISH
7.08,25.6,19.49,5.5,0.024,CARP
8.03,29.12,8.37,6.98,0.016,SHRIMP
7.72,9.3,4.47,9.45,0.001,SALMON
8.21,26.07,5.25,5.48,0.008,SHRIMP
8.34,23.59,32.8,6.75,0.026,CARP
7.92,30.21,12.89,6.41,0.014,SHRIMP
7.57,19.8,24.86,5.01,0.048,CARP
8.39,30.95,10.35,5.88,0.004,SHRIMP
8.21,14.8,3.53,9.94,0.009,SALMON
7.88,12.34,4.16,10.51,0.006,SALMON
7.95,23.47,34.63,7.28,0.03,CARP
8.22,8.59,1.07,8.69,0.006,SALMON
6.54,11.06,3.97,8.09,0.008,SALMON
7.2,26.42,39.13,6.87,0.036,ROHU
8.22,25.99,12.19,6.96,0.047,CARP
8.43,13.57,3.5,8.18,0.001,SALMON
7.84,17.8,8.2,9.98,0.003,TROUT
8.17,18.48,18.55,6.49,0.038,CARP
7.74,27.28,12.36,7.32,0.038,CARP
7.03,16.27,4.83,9.15,0.006,TROUT
7.38,10.07,1.74,9.56,0.009,SALMON
7.37,11.3,1.49,8.51,0.007,TROUT
6.56,22.8,56.91,5.71,0.055,CATFISH
7.66,25.4,18.24,6.59,0.037,ROHU
8.0,26.0,15.24,7.27,0.001,SHRIMP
7.69,27.65,29.8,4.67,0.022,CARP
7.92,26.86,19.87,7.81,0.019,SHRIMP
7.66,12.73,7.49,8.33,0.004,TROUT
8.38,25.81,17.85,5.14,0.018,CARP
6.72,10.61,3.08,8.87,0.006,TROUT
7.57,25.37,9.28,5.62,0.012,SHRIMP
7.86,31.57,15.73,3.01,0.004,TILAPIA
7.34,26.9,20.27,7.2,0.013,CARP
6.94,26.89,41.74,5.2,0.058,CATFISH
7.22,10.39,0.28,8.46,0.005,TROUT
8.14,26.27,18.97,6.93,0.018,SHRIMP
7.28,12.76,4.89,9.94,0.003,SALMON
8.44,27.75,19.89,6.62,0.015,SHRIMP
7.87,23.18,62.64,2.63,0.067,CATFISH
7.13,28.45,28.29,5.1,0.03,ROHU
8.4,22.25,71.41,5.1,0.076,CATFISH
7.59,26.47,18.65,6.39,0.018,SHRIMP
6.53,30.52,38.49,4.65,0.047,TILAPIA
7.88,28.82,39.29,6.57,0.021,TILAPIA
8.22,25.88,14.6,4.93,0.013,CARP
8.12,11.47,2.9,10.48,0.003,SALMON
7.08,25.89,35.74,2.65,0.047,CATFISH
7.77,13.84,3.32,9.28,0.001,SALMON
7.41,22.24,39.48,7.44,0.033,ROHU
7.4,25.2,44.15,6.86,0.018,ROHU
8.71,25.51,30.88,5.05,0.03,TILAPIA
8.27,28.38,79.38,4.56,0.097,CATFISH
7.93,23.51,36.96,7.52,0.008,CARP
8.13,26.79,11.59,4.01,0.029,TILAPIA
7.62,23.75,45.87,4.01,0.01,CATFISH
6.98,22.75,69.48,3.77,0.02,CATFISH
6.81,13.29,2.03,9.09,0.001,TROUT
6.78,10.6,5.28,9.49,0.003,TROUT
6.71,11.41,2.52,7.73,0.003,TROUT
7.83,30.29,7.74,5.24,0.019,SHRIMP
8.02,27.55,10.52,7.35,0.001,SHRIMP
8.28,21.48,35.77,6.0,0.035,ROHU
7.03,25.49,20.07,5.55,0.008,CARP
7.58,16.71,9.89,7.35,0.004,TROUT
7.97,26.49,38.59,7.07,0.01,CARP
8.45,24.58,83.68,2.95,0.077,CATFISH
8.22,9.49,3.36,10.36,0.002,SALMON
6.62,25.15,96.55,5.17,0.057,CATFISH
7.02,23.24,27.27,6.68,0.008,CARP
6.24,22.19,68.41,3.29,0.008,CATFISH
7.25,16.37,6.64,9.19,0.003,TROUT
6.82,13.8,1.49,9.63,0.0,SALMON
7.94,27.45,12.46,4.44,0.042,CARP
7.35,12.3,0.45,9.56,0.005,SALMON
8.41,29.61,19.76,6.43,0.002,SHRIMP
8.43,26.22,15.31,5.29,0.004,SHRIMP
7.08,11.93,2.26,8.48,0.002,TROUT
8.06,26.2,97.59,2.52,0.082,CATFISH
7.56,17.06,2.78,7.54,0.008,TROUT
6.74,17.14,1.19,8.14,0.007,TROUT
7.23,31.23,17.13,6.28,0.025,TILAPIA
7.52,25.62,14.91,4.27,0.039,CARP
8.38,29.71,11.06,3.71,0.024,TILAPIA
7.94,19.75,21.41,7.47,0.036,CARP
7.93,14.33,0.73,8.78,0.01,SALMON
8.25,25.51,25.09,7.07,0.008,ROHU
7.5,11.49,6.62,8.48,0.004,TROUT
8.31,25.58,10.3,5.73,0.02,SHRIMP
8.44,21.06,40.4,5.51,0.041,ROHU
8.04,20.58,24.57,4.53,0.036,CARP
7.17,27.14,18.29,6.3,0.006,CARP
8.4,19.51,29.6,5.52,0.02,CARP
8.16,24.71,30.72,5.12,0.03,ROHU
7.02,10.46,1.77,8.24,0.004,SALMON
7.33,24.8,19.49,5.37,0.007,CARP
7.82,22.18,37.94,5.44,0.015,ROHU
7.77,26.02,46.12,6.07,0.025,TILAPIA
7.1,30.65,21.38,3.84,0.003,TILAPIA
8.17,26.84,57.54,4.78,0.076,CATFISH
7.2,11.8,2.08,8.11,0.008,SALMON
7.62,30.12,17.51,6.17,0.012,SHRIMP
7.19,10.83,5.71,7.36,0.002,TROUT
8.23,23.19,76.36,4.64,0.078,CATFISH
7.27,24.12,31.05,5.58,0.009,ROHU
7.68,12.98,2.63,10.31,0.008,SALMON
7.92,26.35,24.81,6.08,0.031,CARP
7.64,31.75,11.29,4.34,0.024,TILAPIA
7.54,29.08,5.74,5.18,0.003,SHRIMP
7.99,28.22,38.77,6.85,0.004,ROHU
7.36,11.72,9.41,7.78,0.01,TROUT
8.22,24.48,38.0,6.5,0.029,CARP
8.57,31.0,38.18,5.75,0.003,TILAPIA
7.43,30.77,12.79,5.15,0.035,TILAPIA
7.94,24.09,61.43,3.03,0.068,CATFISH
6.22,23.15,92.88,5.14,0.037,CATFISH
8.42,23.86,36.56,3.42,0.012,CATFISH
7.85,29.39,27.52,4.28,0.021,TILAPIA
8.22,26.81,37.88,7.01,0.039,CARP
7.07,25.55,21.21,4.2,0.042,CARP
6.52,9.87,1.76,8.97,0.005,SALMON
6.72,13.9,0.44,8.08,0.002,SALMON
8.01,26.23,17.18,3.29,0.029,TILAPIA
6.11,24.85,74.2,5.7,0.087,CATFISH
6.95,12.2,5.76,7.99,0.006,TROUT
8.78,27.22,35.36,4.7,0.021,TILAPIA
6.89,28.34,74.35,4.91,0.023,CATFISH
7.36,31.38,46.33,4.46,0.013,TILAPIA
7.56,11.87,0.94,9.05,0.009,SALMON
7.07,12.66,4.96,8.76,0.005,SALMON
6.78,14.88,7.25,7.44,0.008,TROUT
8.49,25.61,17.51,6.15,0.012,SHRIMP
7.68,14.44,7.25,7.38,0.007,TROUT
8.47,29.29,12.21,7.75,0.012,SHRIMP
7.4,29.9,56.14,4.9,0.062,CATFISH
7.15,13.37,2.85,9.38,0.006,TROUT
7.09,26.15,52.46,3.53,0.074,CATFISH
6.69,26.76,42.09,4.91,0.045,TILAPIA
7.76,12.8,2.3,8.59,0.001,TROUT
6.83,16.89,5.92,9.18,0.001,TROUT
7.14,22.24,36.33,7.19,0.005,ROHU
8.15,27.86,20.93,6.6,0.031,CARP
8.16,27.63,17.97,5.42,0.017,SHRIMP
8.25,28.44,15.45,6.24,0.017,SHRIMP
8.05,29.09,6.42,6.9,0.018,SHRIMP
7.75,16.67,1.62,8.65,0.001,TROUT
7.16,26.59,15.9,5.95,0.014,ROHU
6.99,22.53,96.42,4.08,0.093,CATFISH
7.35,26.47,41.53,5.33,0.042,ROHU
6.03,22.34,77.44,5.61,0.086,CATFISH
8.46,27.48,56.1,2.84,0.018,CATFISH
7.56,14.76,3.57,9.43,0.009,TROUT
6.05,25.19,83.49,3.9,0.084,CATFISH
8.11,25.87,10.7,5.03,0.012,SHRIMP
7.94,25.86,34.0,7.4,0.013,CARP
7.72,10.61,4.75,9.54,0.001,SALMON
8.26,22.61,27.48,5.05,0.026,ROHU
6.57,29.42,39.01,6.38,0.02,TILAPIA
7.02,24.56,48.06,3.69,0.016,CATFISH
8.76,25.8,37.38,3.57,0.018,TILAPIA
7.5,23.87,19.63,5.21,0.021,ROHU
8.38,10.42,0.22,8.9,0.003,SALMON
7.93,21.47,28.87,4.03,0.049,CARP
6.96,8.25,4.62,10.43,0.007,SALMON
7.37,21.68,35.22,5.76,0.027,ROHU
7.37,20.7,24.98,6.49,0.037,ROHU
7.66,27.54,77.39,4.43,0.095,CATFISH
7.32,25.08,27.21,5.2,0.015,ROHU
7.79,22.06,40.15,7.5,0.016,ROHU
7.81,17.97,3.43,9.27,0.002,TROUT
8.01,9.91,2.63,10.32,0.008,SALMON
6.82,14.34,8.63,9.9,0.007,TROUT
7.52,25.18,7.48,6.88,0.011,SHRIMP
7.17,28.82,33.46,6.89,0.019,ROHU
7.07,20.43,33.12,5.5,0.024,CARP
8.4,27.82,8.6,7.84,0.015,SHRIMP
6.8,29.98,18.11,3.19,0.005,TILAPIA
7.63,21.57,40.64,6.23,0.018,ROHU
8.4,30.75,11.26,6.24,0.018,SHRIMP
7.65,29.72,9.62,5.67,0.009,SHRIMP
6.9,15.04,9.26,7.6,0.009,TROUT
7.29,23.17,19.09,5.5,0.014,ROHU
8.86,25.32,11.03,5.79,0.009,TILAPIA
8.38,26.78,9.5,7.22,0.005,SHRIMP
8.35,25.7,19.47,5.79,0.007,SHRIMP
8.47,24.67,13.41,5.05,0.026,CARP
6.66,26.46,34.49,4.53,0.039,CATFISH
6.56,11.7,6.93,9.48,0.008,TROUT
8.48,27.16,16.35,5.92,0.002,SHRIMP
8.14,28.21,23.99,6.61,0.011,ROHU
8.05,26.03,22.68,4.39,0.008,CARP
7.78,26.42,43.01,6.32,0.021,TILAPIA
6.25,26.92,99.82,2.62,0.084,CATFISH
7.26,11.84,4.37,9.04,0.001,SALMON
8.14,8.34,0.43,8.07,0.007,SALMON
8.3,27.29,32.81,3.33,0.006,TILAPIA
8.34,24.0,41.74,4.23,0.005,CATFISH
7.67,26.55,42.7,6.5,0.001,TILAPIA
6.99,23.08,70.58,4.99,0.068,CATFISH
7.62,30.33,46.16,3.35,0.042,TILAPIA
8.31,28.11,81.95,2.55,0.092,CATFISH
7.27,25.35,36.41,5.69,0.002,ROHU
7.77,26.4,18.12,4.68,0.002,TILAPIA
8.27,25.86,52.28,4.61,0.067,CATFISH
6.95,12.96,3.36,8.37,0.002,SALMON
7.66,29.64,33.78,7.35,0.036,ROHU
6.95,23.23,64.87,3.66,0.037,CATFISH
7.17,25.85,34.96,5.04,0.001,TILAPIA
8.47,14.74,1.36,9.16,0.008,SALMON
6.56,29.66,55.34,2.66,0.097,CATFISH
8.28,29.8,16.56,6.24,0.026,ROHU
7.34,25.21,74.77,4.16,0.002,CATFISH
7.36,8.5,0.56,9.87,0.007,SALMON
8.1,19.31,29.6,7.31,0.044,CARP
7.81,28.53,17.84,7.11,0.011,SHRIMP
8.43,26.97,10.99,6.25,0.039,CARP
7.33,24.16,11.74,3.12,0.049,TILAPIA
7.23,11.87,1.64,10.63,0.009,SALMON
8.39,23.73,97.91,4.39,0.065,CATFISH
7.8,26.53,16.59,5.38,0.023,ROHU
7.96,30.61,15.95,6.12,0.003,SHRIMP
7.37,26.52,43.63,5.4,0.043,ROHU
7.14,22.36,17.74,4.81,0.026,ROHU
7.69,25.3,39.14,6.67,0.031,ROHU
7.47,26.02,30.77,4.19,0.013,TILAPIA
8.39,28.01,16.7,5.56,0.011,SHRIMP
7.24,10.94,7.34,9.52,0.006,TROUT
7.8,25.56,9.67,7.31,0.018,SHRIMP
7.63,14.23,0.55,10.14,0.001,SALMON
7.54,18.2,23.17,4.9,0.001,CARP
7.7,25.04,16.38,5.46,0.019,SHRIMP
7.82,26.47,42.58,5.62,0.008,ROHU
8.2,25.93,30.94,7.54,0.01,CARP
8.35,29.49,44.7,6.93,0.007,ROHU
7.63,29.08,17.26,5.04,0.011,SHRIMP
6.53,9.36,2.11,10.1,0.006,SALMON
8.45,23.95,96.98,4.3,0.015,CATFISH
7.67,20.17,16.81,4.86,0.017,ROHU
6.72,8.0,0.51,10.3,0.009,SALMON
8.01,30.72,13.03,7.99,0.003,SHRIMP
7.29,21.74,22.16,5.24,0.026,CARP
8.39,23.13,77.61,3.17,0.025,CATFISH
6.75,16.02,2.36,7.44,0.0,TROUT
7.69,30.05,9.01,6.18,0.006,SHRIMP
7.87,27.28,69.32,3.96,0.067,CATFISH
8.33,26.01,6.33,5.61,0.002,SHRIMP
7.78,16.05,1.84,8.09,0.004,TROUT
6.83,29.16,31.33,5.21,0.025,CATFISH
7.42,15.78,6.81,9.61,0.008,TROUT
7.73,11.08,7.43,7.87,0.009,TROUT
8.51,31.64,20.21,6.43,0.039,TILAPIA
7.87,30.71,17.66,7.49,0.019,SHRIMP
8.23,27.98,15.94,4.83,0.041,CARP
7.89,11.37,8.49,8.25,0.001,TROUT
6.98,11.74,7.12,8.35,0.005,TROUT
6.03,23.79,79.41,3.92,0.033,CATFISH
7.28,14.63,5.12,7.77,0.002,TROUT
6.39,26.88,31.84,4.98,0.073,CATFISH
7.37,25.87,30.7,7.5,0.02,CARP
6.74,25.5,36.54,4.91,0.037,TILAPIA
8.1,24.06,37.98,3.95,0.003,TILAPIA
7.07,29.89,19.71,6.65,0.027,ROHU
8.09,25.05,32.8,7.28,0.02,ROHU
7.16,28.84,29.61,5.82,0.02,ROHU
7.6,26.13,18.77,6.89,0.006,SHRIMP
7.73,29.39,33.29,6.73,0.031,TILAPIA
6.87,12.38,4.85,9.57,0.002,SALMON
6.88,27.79,84.41,4.25,0.078,CATFISH
7.38,18.68,19.9,7.88,0.04,CARP
8.16,27.96,16.93,6.45,0.018,SHRIMP
7.78,23.66,10.05,7.92,0.015,CARP
7.77,21.19,23.38,6.56,0.004,ROHU
8.3,14.79,1.08,10.25,0.009,SALMON
6.78,22.56,30.74,3.49,0.047,CATFISH
7.15,24.5,24.79,5.35,0.027,ROHU
6.58,23.08,92.35,3.87,0.008,CATFISH
8.06,24.54,30.3,5.69,0.076,CATFISH
8.05,20.2,15.83,6.08,0.005,ROHU
7.11,22.56,23.83,5.28,0.014,CARP
7.98,26.01,13.66,6.31,0.019,SHRIMP
8.21,28.23,46.6,6.32,0.036,TILAPIA
7.83,12.86,3.82,8.79,0.006,SALMON
7.89,28.98,6.3,6.93,0.012,SHRIMP
7.1,10.24,4.47,7.54,0.001,TROUT
7.2,25.42,83.27,5.89,0.048,CATFISH
8.19,25.47,13.2,7.32,0.019,SHRIMP
7.95,28.99,5.96,7.65,0.01,SHRIMP
8.46,28.2,40.4,7.08,0.031,ROHU
7.06,24.03,16.82,5.43,0.009,ROHU
6.72,11.97,1.77,9.75,0.006,SALMON
7.68,27.77,11.64,7.62,0.019,SHRIMP
7.24,16.9,6.56,7.3,0.009,TROUT
8.05,9.63,1.67,8.69,0.009,SALMON
8.1,22.46,27.75,7.49,0.005,ROHU
7.32,15.21,1.53,8.42,0.001,TROUT
8.45,28.71,61.19,4.91,0.049,CATFISH
8.22,26.7,44.68,6.96,0.026,ROHU
7.43,26.5,17.77,4.77,0.047,TILAPIA
6.93,12.83,6.13,8.06,0.005,TROUT
6.02,23.8,85.95,5.67,0.039,CATFISH
6.57,10.66,7.01,9.12,0.0,TROUT
7.07,24.17,31.31,5.23,0.043,CARP
7.35,15.07,8.31,9.71,0.004,TROUT
7.67,10.42,7.49,7.16,0.003,TROUT
8.13,11.53,4.54,8.27,0.003,SALMON
8.3,26.77,8.99,6.97,0.008,SHRIMP
7.93,26.14,72.4,5.14,0.01,CATFISH
7.62,25.1,37.27,7.36,0.026,CARP
7.69,29.22,5.5,5.35,0.016,SHRIMP
7.54,28.53,17.97,5.08,0.004,SHRIMP
6.67,16.71,3.42,7.4,0.006,TROUT
6.59,26.79,36.54,3.52,0.012,TILAPIA
8.45,26.72,12.31,6.2,0.018,SHRIMP
6.93,10.96,3.21,8.57,0.008,SALMON
7.32,10.46,3.02,10.22,0.008,SALMON
7.93,14.41,4.6,10.11,0.006,SALMON
7.73,29.79,6.29,7.39,0.008,SHRIMP
7.61,26.2,32.55,2.7,0.011,CATFISH
7.79,13.25,4.71,9.54,0.001,TROUT
7.98,21.75,42.58,6.9,0.012,ROHU
7.05,22.55,21.04,5.97,0.001,ROHU
7.57,27.75,44.45,3.87,0.005,TILAPIA
6.55,24.24,52.24,2.63,0.091,CATFISH
7.39,20.93,31.81,4.58,0.048,ROHU
6.75,12.62,3.04,9.59,0.004,SALMON
7.36,29.92,15.62,5.15,0.039,ROHU
6.79,27.25,17.67,4.35,0.001,TILAPIA
7.62,22.18,30.42,6.45,0.023,ROHU
7.77,25.57,8.14,7.37,0.014,SHRIMP
8.14,23.38,39.49,4.67,0.017,ROHU
7.75,25.28,38.13,6.17,0.03,ROHU
7.24,29.77,34.96,6.2,0.032,TILAPIA
7.58,23.11,36.13,5.28,0.028,ROHU
7.72,10.54,0.47,9.36,0.006,SALMON
7.01,27.14,22.05,5.64,0.019,ROHU
8.38,22.12,36.66,4.8,0.011,CARP
6.54,13.89,4.81,10.98,0.005,SALMON
8.26,28.06,11.83,6.75,0.018,SHRIMP
7.59,30.99,14.53,7.62,0.017,SHRIMP
6.04,23.85,72.41,4.26,0.053,CATFISH
8.11,25.85,27.78,4.62,0.003,TILAPIA
6.23,23.64,44.03,2.88,0.021,CATFISH
8.8,27.27,27.71,4.01,0.0,TILAPIA
7.67,29.01,18.69,7.09,0.004,SHRIMP
7.96,13.9,4.5,8.52,0.007,SALMON
8.23,27.39,19.23,5.54,0.032,ROHU
6.76,28.85,42.09,6.99,0.011,TILAPIA
8.16,12.28,3.02,9.44,0.006,SALMON
8.05,26.72,39.32,4.95,0.021,TILAPIA
7.32,10.89,3.65,7.54,0.003,TROUT
7.36,22.43,65.82,5.88,0.031,CATFISH
7.67,31.95,39.34,5.07,0.04,TILAPIA
7.37,25.3,31.68,5.85,0.009,ROHU
7.55,26.93,89.49,5.69,0.018,CATFISH
7.86,24.89,39.46,5.54,0.036,CARP
7.18,26.24,20.27,6.51,0.048,ROHU
7.63,27.72,12.43,5.77,0.014,SHRIMP
7.79,21.49,32.5,7.62,0.011,CARP
7.12,26.46,27.94,7.48,0.043,CARP
7.79,30.43,7.61,7.29,0.014,SHRIMP
7.7,22.12,42.32,6.67,0.014,ROHU
6.41,22.73,66.84,3.63,0.091,CATFISH
7.49,25.08,38.0,6.75,0.008,ROHU
8.39,24.64,20.47,6.85,0.029,CARP
8.42,22.54,12.39,5.03,0.012,CARP
8.15,27.38,18.22,6.95,0.012,SHRIMP
7.49,29.9,73.97,5.75,0.029,CATFISH
7.43,14.92,3.92,9.59,0.007,TROUT
7.88,11.2,3.45,9.43,0.01,SALMON
7.83,23.59,95.71,4.89,0.095,CATFISH
7.97,28.4,36.63,5.38,0.021,CATFISH
6.94,11.35,3.71,8.66,0.001,SALMON
8.96,28.81,37.64,5.24,0.039,TILAPIA
7.38,29.09,31.14,7.41,0.004,ROHU
7.95,30.34,31.33,4.64,0.033,TILAPIA
7.61,29.47,15.54,5.39,0.014,SHRIMP
7.98,26.41,18.61,6.55,0.03,CARP
8.18,25.78,18.99,5.78,0.006,SHRIMP
7.58,28.77,18.74,5.75,0.007,SHRIMP
8.37,22.36,22.97,5.16,0.018,ROHU
6.6,17.58,3.38,8.34,0.002,TROUT
7.51,29.69,17.71,7.3,0.001,SHRIMP
7.05,25.78,26.15,6.88,0.037,ROHU
8.02,19.53,16.78,5.14,0.006,CARP
8.32,25.93,43.41,4.88,0.016,TILAPIA
8.47,25.46,29.3,6.72,0.008,ROHU
8.38,8.2,3.85,9.6,0.005,SALMON
6.89,16.87,3.09,8.29,0.002,TROUT
7.56,29.09,9.18,5.17,0.013,SHRIMP
7.2,25.55,30.28,5.57,0.033,ROHU
6.97,10.71,7.6,8.57,0.003,TROUT
8.15,20.89,16.72,5.98,0.016,ROHU
8.13,30.34,35.25,4.67,0.019,TILAPIA
8.18,25.11,17.21,5.72,0.006,SHRIMP
7.72,18.17,21.48,6.56,0.004,CARP
6.65,26.44,46.42,3.12,0.038,TILAPIA
7.93,27.95,89.03,4.83,0.042,CATFISH
8.02,26.25,15.44,6.64,0.0,SHRIMP
8.36,25.09,14.37,7.72,0.002,SHRIMP
7.98,14.9,4.23,7.29,0.007,TROUT
6.8,22.55,93.1,4.72,0.021,CATFISH
6.7,24.03,35.04,5.9,0.006,CATFISH
7.92,25.01,31.32,2.52,0.02,CATFISH
7.21,29.2,88.93,4.78,0.006,CATFISH
8.0,24.66,50.08,5.18,0.093,CATFISH
7.72,19.29,15.5,5.92,0.043,CARP
6.49,29.11,97.75,4.94,0.012,CATFISH
6.46,25.19,95.04,3.01,0.021,CATFISH
8.44,25.68,15.09,5.4,0.01,SHRIMP
8.01,21.73,18.65,6.85,0.042,ROHU
7.52,28.94,18.98,5.55,0.025,ROHU
7.21,31.52,46.58,3.17,0.039,TILAPIA
7.38,11.72,3.15,9.99,0.001,SALMON
6.43,22.18,69.99,4.31,0.069,CATFISH
7.9,28.93,49.98,5.57,0.008,CATFISH
7.78,26.89,24.71,4.95,0.033,ROHU
7.66,28.76,47.43,4.87,0.019,TILAPIA
7.98,15.73,4.25,7.57,0.001,TROUT
7.06,25.17,23.74,6.25,0.036,ROHU
7.79,14.04,1.09,9.91,0.001,SALMON
7.96,25.73,25.67,6.31,0.007,TILAPIA
8.15,28.89,19.11,5.9,0.004,SHRIMP
7.35,15.74,8.85,8.68,0.002,TROUT
7.74,13.37,9.26,9.99,0.008,TROUT
7.61,25.83,15.42,5.85,0.031,TILAPIA
8.03,22.64,32.56,5.59,0.008,CARP
7.96,29.78,75.92,4.44,0.03,CATFISH
7.62,26.52,8.93,6.71,0.008,SHRIMP
7.6,21.33,36.13,5.58,0.044,CARP
6.67,29.11,27.25,4.64,0.03,TILAPIA
6.82,16.41,9.46,7.7,0.003,TROUT
8.02,13.18,4.27,9.13,0.003,SALMON
7.5,18.45,16.33,6.03,0.008,CARP
7.71,29.15,8.67,7.83,0.007,SHRIMP
7.47,22.63,17.62,5.97,0.003,ROHU
6.25,29.39,73.7,5.54,0.068,CATFISH
8.02,24.73,37.83,4.64,0.008,TILAPIA
6.69,25.23,13.27,4.28,0.022,TILAPIA
6.71,14.3,4.41,10.24,0.009,SALMON
7.36,19.22,14.27,6.08,0.02,CARP
7.48,21.28,26.61,7.15,0.02,ROHU
8.27,22.06,39.38,2.92,0.092,CATFISH
7.07,19.88,21.36,5.6,0.021,CARP
7.57,22.66,18.95,5.49,0.004,CARP
7.34,14.43,6.85,8.0,0.004,TROUT
7.61,12.28,4.33,10.46,0.003,SALMON
6.51,8.67,4.74,8.56,0.004,SALMON
7.5,30.55,5.8,5.51,0.001,SHRIMP
6.88,14.72,7.17,8.11,0.005,TROUT
8.13,20.67,34.15,7.51,0.035,CARP
8.18,24.82,12.59,5.9,0.032,TILAPIA
7.54,11.71,3.54,8.97,0.0,SALMON
7.56,27.27,9.01,6.44,0.017,SHRIMP
8.0,13.47,2.27,8.68,0.009,TROUT
7.36,19.24,20.56,7.75,0.006,CARP
8.72,24.47,48.89,3.03,0.047,TILAPIA
8.0,25.48,37.61,5.59,0.023,CARP
7.63,26.82,7.43,5.33,0.014,SHRIMP
7.46,23.4,31.81,4.81,0.046,ROHU
6.98,24.75,52.3,5.75,0.074,CATFISH
7.65,18.05,14.73,5.74,0.033,CARP
7.03,14.8,4.79,7.64,0.007,TROUT
7.66,21.62,21.07,4.73,0.037,ROHU
8.2,27.77,6.74,5.55,0.005,SHRIMP
6.23,23.4,67.43,3.72,0.002,CATFISH
7.4,9.73,0.76,9.38,0.009,SALMON
6.64,27.77,52.97,2.98,0.048,CATFISH
8.06,26.72,91.03,4.3,0.083,CATFISH
7.5,12.24,3.05,10.34,0.008,SALMON
8.89,27.99,22.24,6.95,0.044,TILAPIA
7.38,13.73,4.67,8.69,0.006,SALMON
6.79,24.84,56.79,5.38,0.079,CATFISH
8.31,30.13,27.24,6.98,0.039,TILAPIA
7.87,29.94,37.82,6.25,0.016,TILAPIA
8.31,27.16,9.31,6.01,0.001,SHRIMP
7.89,28.21,27.43,3.23,0.044,TILAPIA
8.36,27.53,7.94,7.25,0.007,SHRIMP
6.7,26.19,85.25,4.01,0.02,CATFISH
8.28,11.7,0.14,9.1,0.002,SALMON
7.27,24.45,95.22,3.3,0.042,CATFISH
7.9,25.08,39.71,5.11,0.012,ROHU
8.37,24.53,33.79,6.33,0.021,ROHU
8.31,25.72,14.81,7.86,0.01,SHRIMP
7.45,11.71,2.53,8.95,0.008,TROUT
7.76,31.64,14.01,4.52,0.026,TILAPIA
8.04,29.35,36.85,5.4,0.018,ROHU
7.72,26.44,5.58,6.14,0.012,SHRIMP
8.61,28.43,39.01,4.21,0.037,TILAPIA
6.54,26.6,11.4,6.35,0.029,TILAPIA
8.12,22.11,19.33,5.41,0.024,ROHU
7.75,24.57,42.47,7.49,0.033,ROHU
7.94,24.11,18.45,5.65,0.018,CARP
8.38,20.25,18.12,7.29,0.028,ROHU
6.83,25.05,35.9,5.83,0.047,TILAPIA
8.7,29.81,28.89,6.01,0.035,TILAPIA
8.3,29.12,19.79,5.41,0.001,SHRIMP
6.02,29.47,96.86,2.68,0.089,CATFISH
6.99,9.07,1.6,9.85,0.01,SALMON
7.85,11.76,0.86,8.53,0.005,SALMON
7.81,19.68,23.55,7.98,0.015,CARP
7.88,10.99,3.47,7.25,0.01,TROUT
8.33,22.86,69.08,2.84,0.057,CATFISH
7.78,29.8,19.35,5.01,0.011,TILAPIA
6.52,27.17,19.52,6.75,0.02,TILAPIA
7.87,28.28,18.12,5.37,0.025,TILAPIA
8.05,28.58,5.01,5.77,0.019,SHRIMP
8.35,26.35,16.51,6.83,0.017,SHRIMP
7.88,12.61,3.23,8.69,0.004,TROUT
7.24,28.5,89.39,5.42,0.06,CATFISH
7.1,24.99,47.51,6.21,0.001,TILAPIA
8.02,8.42,1.49,9.87,0.005,SALMON
7.42,8.76,2.71,8.29,0.006,SALMON
7.24,24.81,23.51,7.48,0.029,ROHU
7.78,14.56,4.61,10.17,0.008,SALMON
8.13,23.72,44.66,5.01,0.0,ROHU
7.58,13.25,1.43,8.38,0.01,TROUT
7.01,19.67,34.44,7.58,0.035,CARP
7.18,8.69,0.89,9.1,0.01,SALMON
8.43,26.09,19.55,5.88,0.013,SHRIMP
6.75,23.69,30.24,3.05,0.059,CATFISH
8.25,27.63,7.58,5.27,0.014,SHRIMP
7.95,26.85,12.53,6.61,0.006,SHRIMP
7.48,26.66,86.0,3.2,0.029,CATFISH
6.72,24.97,53.0,3.81,0.014,CATFISH
7.31,25.16,20.27,4.03,0.029,TILAPIA
8.21,14.92,1.72,10.12,0.007,SALMON
7.43,26.81,37.57,7.38,0.021,CARP
8.36,25.84,5.82,6.21,0.001,SHRIMP
7.24,24.89,38.69,3.72,0.006,TILAPIA
8.37,9.35,2.5,10.98,0.007,SALMON
7.67,14.67,2.56,8.42,0.004,SALMON
7.39,27.16,30.04,7.68,0.022,CARP
7.76,26.67,33.13,5.29,0.061,CATFISH
7.24,18.08,18.57,7.56,0.027,CARP
8.08,20.92,29.08,5.35,0.042,CARP
7.12,25.25,29.82,4.77,0.019,CARP
7.81,25.6,17.03,5.16,0.018,SHRIMP
7.06,19.39,25.4,7.94,0.044,CARP
7.47,20.97,25.95,5.22,0.047,CARP
6.54,17.55,0.7,8.43,0.009,TROUT
6.69,24.46,73.81,3.11,0.073,CATFISH
6.99,16.52,1.1,9.05,0.004,TROUT
7.95,13.67,3.22,7.89,0.0,TROUT
8.36,25.38,14.05,6.78,0.0,SHRIMP
8.37,25.94,19.78,7.72,0.019,SHRIMP
6.62,15.78,5.55,7.38,0.006,TROUT
7.84,29.96,18.13,6.92,0.014,ROHU
6.8,28.59,41.32,3.19,0.018,CATFISH
7.62,30.53,17.42,6.16,0.007,SHRIMP
6.75,29.15,38.87,5.86,0.036,TILAPIA
8.47,20.16,28.14,6.21,0.002,ROHU
8.65,27.02,23.18,4.39,0.021,TILAPIA
8.07,25.47,19.57,7.81,0.019,SHRIMP
7.65,23.77,33.46,2.85,0.032,CATFISH
8.22,11.8,0.71,8.81,0.003,SALMON
8.03,13.81,0.26,9.74,0.01,SALMON
7.37,15.99,1.55,9.59,0.01,TROUT
8.02,26.6,21.24,7.97,0.034,CARP
8.47,25.56,15.6,5.25,0.0,SHRIMP
7.99,23.24,67.69,5.18,0.099,CATFISH
7.8,11.98,8.38,7.51,0.002,TROUT
7.24,26.93,26.78,4.09,0.031,CARP
8.2,25.35,68.24,3.08,0.027,CATFISH
7.02,26.72,49.88,5.46,0.098,CATFISH
7.07,8.98,0.69,8.22,0.003,SALMON
8.29,27.27,32.84,2.55,0.02,CATFISH
6.53,9.21,1.74,10.85,0.001,SALMON
6.52,31.64,15.56,4.15,0.006,TILAPIA
7.86,10.53,5.28,8.1,0.01,TROUT
7.6,27.6,63.06,5.68,0.041,CATFISH
8.1,27.16,31.02,5.98,0.048,ROHU
7.58,28.88,14.74,5.52,0.045,TILAPIA
6.83,29.72,49.16,4.85,0.037,TILAPIA
8.01,23.74,28.56,6.27,0.04,CARP
7.92,14.94,1.95,10.37,0.002,SALMON
7.75,26.09,8.66,5.7,0.017,SHRIMP
8.13,26.16,6.06,6.11,0.01,SHRIMP
8.26,25.09,30.44,3.78,0.025,TILAPIA
7.7,29.44,9.2,6.48,0.007,SHRIMP
7.54,26.67,26.94,7.42,0.007,CARP
7.78,11.96,2.85,9.49,0.008,SALMON
7.09,25.82,39.82,3.47,0.046,TILAPIA
6.74,13.05,2.08,10.04,0.006,SALMON
7.81,26.57,8.67,7.2,0.018,SHRIMP
7.27,14.94,2.95,9.86,0.005,TROUT
7.62,28.62,5.58,7.92,0.02,SHRIMP
8.07,28.59,7.13,6.81,0.019,SHRIMP
6.67,10.02,2.19,9.08,0.008,SALMON
7.43,16.81,2.32,8.44,0.006,TROUT
8.03,10.87,4.44,10.89,0.009,SALMON
6.83,14.11,2.55,7.61,0.003,TROUT
7.63,16.96,9.87,8.0,0.004,TROUT
8.21,23.01,30.15,3.13,0.082,CATFISH
7.63,23.59,38.45,4.99,0.039,CARP
8.03,23.36,57.41,3.17,0.07,CATFISH
7.37,27.59,74.77,5.22,0.024,CATFISH
8.19,26.65,7.3,6.9,0.015,SHRIMP
7.81,28.97,10.51,7.83,0.007,SHRIMP
7.13,10.99,3.83,8.55,0.002,SALMON
6.81,27.23,95.29,2.94,0.056,CATFISH
7.19,15.79,3.71,8.66,0.0,TROUT
7.04,19.06,27.6,4.5,0.007,CARP
7.54,26.24,99.33,5.27,0.076,CATFISH
7.58,16.45,9.9,9.59,0.005,TROUT
8.05,21.45,42.11,6.81,0.03,ROHU
7.95,22.26,64.86,5.52,0.009,CATFISH
6.9,31.16,43.29,6.74,0.044,TILAPIA
7.7,16.11,7.89,8.48,0.0,TROUT
7.34,21.28,29.48,4.97,0.035,ROHU
7.35,27.19,42.27,6.81,0.006,ROHU
8.02,18.45,12.5,4.31,0.029,CARP
7.74,26.17,13.83,6.53,0.015,SHRIMP
7.69,24.8,38.9,5.4,0.015,CARP
7.41,29.88,24.03,4.22,0.01,TILAPIA
6.1,29.15,50.29,2.99,0.1,CATFISH
8.48,24.95,55.63,5.4,0.031,CATFISH
7.63,25.01,11.3,5.5,0.017,CARP
8.14,26.32,34.27,5.02,0.011,TILAPIA
7.58,11.86,2.78,10.17,0.009,SALMON
7.92,29.82,17.23,5.97,0.037,ROHU
8.5,23.02,85.52,6.0,0.081,CATFISH
7.64,27.96,6.07,6.57,0.0,SHRIMP
7.72,27.67,17.85,4.45,0.009,TILAPIA
7.23,14.04,2.93,8.58,0.007,TROUT
7.64,24.73,22.47,7.29,0.036,CARP
7.28,23.08,65.24,3.22,0.094,CATFISH
7.86,28.24,14.71,6.93,0.013,SHRIMP
7.83,27.32,27.71,4.62,0.032,ROHU
7.62,26.15,13.38,6.5,0.005,SHRIMP
7.58,26.63,36.13,6.44,0.03,ROHU
7.15,24.27,38.35,6.42,0.007,TILAPIA
7.5,20.94,35.77,6.29,0.029,ROHU
8.47,11.04,4.49,8.62,0.001,SALMON
7.87,26.91,15.07,6.0,0.011,SHRIMP
8.18,23.12,31.05,4.57,0.04,ROHU
6.88,9.51,1.31,9.73,0.005,SALMON
7.73,30.52,10.85,6.63,0.017,SHRIMP
7.96,26.89,38.56,7.74,0.017,CARP
6.82,10.33,1.65,10.46,0.002,SALMON
7.49,27.27,47.43,5.08,0.038,CATFISH
8.39,26.71,47.66,5.94,0.039,CATFISH
7.93,28.65,68.15,3.57,0.068,CATFISH
7.51,17.57,3.67,7.12,0.009,TROUT
6.62,11.64,9.86,9.4,0.009,TROUT
8.19,18.7,29.66,6.71,0.025,CARP
8.18,29.73,9.34,7.84,0.01,SHRIMP
7.76,30.91,5.83,6.08,0.006,SHRIMP
8.48,26.1,9.13,7.86,0.004,SHRIMP
7.8,26.49,27.97,4.7,0.013,TILAPIA
6.87,10.35,3.12,9.16,0.007,SALMON
7.54,8.8,0.99,9.22,0.005,SALMON
7.33,21.82,26.29,6.96,0.031,ROHU
8.31,9.06,0.21,9.2,0.005,SALMON
7.9,25.89,14.76,4.69,0.006,CARP
7.65,8.65,1.1,10.18,0.0,SALMON
7.26,26.9,30.1,5.73,0.025,TILAPIA
7.73,8.31,2.13,9.51,0.009,SALMON
7.21,22.89,35.17,4.84,0.012,ROHU
8.28,28.2,13.05,7.28,0.016,SHRIMP
7.18,24.94,39.79,6.36,0.006,CARP
6.64,14.6,9.09,7.11,0.008,TROUT
7.7,26.04,17.89,5.87,0.007,SHRIMP
6.85,10.13,1.21,10.23,0.002,SALMON
7.5,29.84,7.53,7.32,0.003,SHRIMP
7.07,8.07,1.42,9.14,0.001,SALMON
8.88,25.51,40.0,6.21,0.019,TILAPIA
7.71,31.75,46.56,5.21,0.022,TILAPIA
7.92,11.95,4.69,9.78,0.01,SALMON
7.69,12.96,7.12,9.78,0.006,TROUT
7.32,27.65,32.46,4.83,0.025,ROHU
8.39,18.78,23.61,6.89,0.002,CARP
7.25,12.7,6.47,9.75,0.002,TROUT
7.69,25.37,75.51,5.13,0.094,CATFISH
7.42,29.08,52.5,4.86,0.076,CATFISH
8.2,28.23,6.55,6.69,0.004,SHRIMP
7.75,28.56,20.86,7.32,0.04,ROHU
7.89,27.91,13.9,7.37,0.017,SHRIMP
7.86,17.5,5.93,7.56,0.008,TROUT
6.85,12.78,5.07,9.11,0.01,TROUT
8.42,22.97,21.18,7.19,0.007,ROHU
8.48,29.61,7.36,5.68,0.015,SHRIMP
6.83,27.13,27.22,5.52,0.02,TILAPIA
8.45,28.36,30.41,2.89,0.055,CATFISH
6.65,11.19,1.67,7.59,0.004,TROUT
6.98,28.29,69.54,4.72,0.006,CATFISH
7.54,26.65,20.04,6.95,0.008,ROHU
6.75,9.32,4.09,8.1,0.007,SALMON
8.81,30.98,33.63,5.29,0.006,TILAPIA
8.2,26.53,12.53,5.4,0.009,SHRIMP
7.1,23.3,82.58,3.08,0.048,CATFISH
7.47,26.77,24.2,7.09,0.017,ROHU
8.13,21.29,24.65,7.72,0.024,CARP
8.4,14.6,3.47,9.5,0.002,SALMON
6.92,11.06,9.33,8.28,0.009,TROUT
8.23,25.65,33.32,5.05,0.01,CATFISH
8.33,9.71,3.47,10.21,0.003,SALMON
8.29,26.38,8.09,5.67,0.008,SHRIMP
8.23,26.45,6.11,7.41,0.011,SHRIMP
7.29,16.51,3.44,9.69,0.009,TROUT
7.74,13.5,2.17,7.51,0.007,TROUT
8.78,24.34,47.07,6.29,0.043,TILAPIA
6.94,13.11,5.01,7.52,0.004,TROUT
7.34,27.97,15.25,6.9,0.006,TILAPIA
8.18,14.4,2.01,10.47,0.002,SALMON
8.14,9.69,4.31,10.59,0.008,SALMON
8.28,25.96,10.74,4.96,0.022,TILAPIA
7.44,8.79,4.72,9.97,0.001,SALMON
7.52,27.69,19.79,6.9,0.007,SHRIMP
7.26,27.79,36.49,6.45,0.022,ROHU
7.57,29.53,13.78,7.53,0.005,SHRIMP
6.08,23.11,89.39,5.79,0.006,CATFISH
8.1,12.74,1.74,10.63,0.005,SALMON
8.06,24.36,25.52,6.41,0.001,CARP
8.15,10.57,0.93,10.03,0.001,SALMON
7.79,29.74,16.87,4.83,0.007,TILAPIA
7.22,23.4,37.1,3.6,0.047,CATFISH
6.97,26.2,38.1,3.99,0.02,TILAPIA
8.26,25.85,39.5,5.49,0.045,CARP
7.82,25.61,41.65,4.66,0.031,ROHU
8.67,28.41,46.17,3.01,0.031,TILAPIA
7.76,27.44,21.81,5.11,0.035,ROHU
7.93,27.14,23.65,4.43,0.004,CARP
7.88,24.06,32.37,7.56,0.022,CARP
7.45,23.98,34.32,4.26,0.048,CARP
7.92,26.56,6.77,7.55,0.018,SHRIMP
6.15,23.4,45.89,3.93,0.037,CATFISH
7.76,25.34,5.83,5.03,0.001,SHRIMP
8.72,26.31,23.25,3.87,0.013,TILAPIA
7.6,24.85,56.37,5.46,0.071,CATFISH
7.41,9.6,3.61,10.91,0.008,SALMON
7.58,25.64,13.58,4.17,0.023,CARP
7.8,27.4,11.07,7.31,0.003,SHRIMP
7.94,23.72,14.62,7.41,0.016,CARP
8.27,29.59,18.68,6.73,0.008,SHRIMP
8.76,26.47,37.94,4.39,0.022,TILAPIA
8.13,25.37,10.67,4.24,0.046,CARP
7.03,21.85,20.61,7.07,0.008,ROHU
7.59,30.44,8.85,6.83,0.003,SHRIMP
8.02,28.8,41.62,5.72,0.007,ROHU
7.42,19.77,26.91,4.45,0.009,CARP
8.02,24.82,28.02,7.44,0.004,CARP
6.43,24.09,92.89,4.69,0.049,CATFISH
7.53,16.34,2.82,7.87,0.009,TROUT
7.87,23.12,39.27,4.82,0.007,CARP
6.11,24.43,77.18,3.02,0.022,CATFISH
8.01,22.99,16.33,5.37,0.029,CARP
7.23,17.05,9.91,9.8,0.006,TROUT
8.45,27.79,22.78,7.16,0.033,CARP
7.89,21.34,23.57,4.19,0.031,CARP
7.6,29.71,14.71,6.47,0.011,SHRIMP
7.93,29.52,25.46,6.39,0.048,TILAPIA
7.74,23.71,85.75,4.1,0.018,CATFISH
8.1,24.16,41.67,5.55,0.032,ROHU
7.5,30.6,43.79,6.99,0.048,TILAPIA
7.72,20.92,41.84,4.8,0.031,ROHU
7.68,13.04,2.47,7.07,0.006,TROUT
7.87,27.9,30.73,6.96,0.002,CARP
6.09,29.93,98.57,3.67,0.029,CATFISH
7.49,23.7,37.45,7.1,0.037,ROHU
7.42,21.56,33.56,7.96,0.009,CARP
7.52,17.67,5.81,9.74,0.0,TROUT
6.75,12.93,3.11,7.44,0.006,TROUT
7.33,17.25,0.72,8.81,0.008,TROUT
7.98,28.69,44.81,6.42,0.042,TILAPIA
6.33,26.89,78.17,4.96,0.053,CATFISH
7.78,30.7,19.23,5.92,0.02,TILAPIA
6.85,22.85,77.78,2.98,0.029,CATFISH
8.05,25.4,40.39,6.91,0.039,TILAPIA
8.22,27.5,44.28,4.57,0.023,TILAPIA
8.22,27.54,19.82,5.9,0.035,CARP
7.0,28.43,23.04,5.92,0.042,ROHU
6.78,10.3,6.87,9.98,0.009,TROUT
7.76,30.66,19.06,7.52,0.002,SHRIMP
8.45,26.61,26.03,7.15,0.047,CARP
7.8,26.63,34.25,5.19,0.015,TILAPIA
7.73,24.74,24.06,5.29,0.048,ROHU
8.34,29.85,13.69,6.94,0.001,SHRIMP
7.76,25.77,25.12,6.41,0.045,TILAPIA
7.9,27.13,14.36,4.24,0.027,CARP
7.32,28.5,31.47,6.7,0.034,ROHU
7.36,8.11,0.42,9.52,0.002,SALMON
7.05,8.69,1.18,9.07,0.0,SALMON
8.49,24.06,33.49,7.73,0.001,CARP
6.75,12.44,4.02,10.89,0.0,SALMON
7.76,24.72,33.25,6.06,0.022,ROHU
7.6,20.82,22.01,6.37,0.03,CARP
6.71,29.96,31.14,4.77,0.006,TILAPIA
8.04,28.15,7.47,6.87,0.009,SHRIMP
7.54,10.89,4.89,9.11,0.001,TROUT
7.66,28.37,8.6,5.15,0.019,SHRIMP
6.52,25.07,33.15,4.98,0.018,TILAPIA
7.89,27.73,18.7,6.63,0.045,ROHU
6.84,29.27,61.56,4.35,0.066,CATFISH
7.45,20.61,32.29,4.89,0.02,CARP
7.59,26.11,17.77,6.64,0.005,CARP
8.24,20.13,31.28,5.68,0.004,CARP
7.84,22.37,45.17,3.93,0.038,CATFISH
6.6,25.52,50.5,3.26,0.04,CATFISH
7.58,29.01,25.26,4.53,0.026,ROHU
7.44,13.25,4.94,8.36,0.003,SALMON
7.3,15.51,0.37,8.76,0.0,TROUT
8.93,27.73,37.12,4.97,0.013,TILAPIA
7.56,24.23,39.92,7.95,0.018,CARP
7.11,26.35,22.31,5.52,0.042,ROHU
7.99,15.87,3.89,9.49,0.005,TROUT
7.64,12.66,2.5,9.57,0.005,SALMON
6.87,31.96,46.02,5.54,0.045,TILAPIA
7.14,30.53,28.22,5.57,0.045,TILAPIA
7.23,11.12,4.68,9.98,0.009,SALMON
7.81,29.31,7.93,6.22,0.016,SHRIMP
8.12,9.48,0.68,10.58,0.001,SALMON
7.65,23.56,14.07,5.44,0.033,CARP
7.0,30.25,11.77,3.48,0.026,TILAPIA
8.4,8.78,1.2,10.84,0.002,SALMON
8.14,27.31,7.57,7.66,0.017,SHRIMP
6.2,25.02,61.22,2.93,0.009,CATFISH
8.68,31.89,42.67,5.92,0.029,TILAPIA
7.87,11.52,1.7,8.99,0.001,SALMON
7.5,27.1,28.35,6.71,0.0,CARP
7.41,22.99,41.23,6.4,0.0,ROHU
7.49,17.35,9.95,7.59,0.008,TROUT
8.31,26.66,20.45,5.72,0.021,CARP
7.86,12.34,1.47,10.51,0.006,SALMON
7.55,9.37,0.54,10.51,0.007,SALMON
7.85,29.81,8.55,6.48,0.013,SHRIMP
8.09,26.66,21.79,6.83,0.037,CARP
8.44,14.06,1.45,10.03,0.007,SALMON
7.33,27.31,35.08,5.06,0.001,TILAPIA
7.37,13.14,3.09,8.26,0.003,SALMON
7.43,21.36,22.51,5.59,0.034,ROHU
7.38,25.81,15.4,5.86,0.034,CARP
7.68,24.03,17.07,6.7,0.035,ROHU
8.66,31.61,27.83,4.67,0.023,TILAPIA
7.62,24.21,48.89,5.75,0.03,CATFISH
7.46,14.74,1.81,7.1,0.005,TROUT
6.84,12.06,1.87,9.39,0.002,SALMON
7.99,28.15,25.0,7.2,0.024,ROHU
7.79,27.68,37.14,6.44,0.002,CARP
6.63,15.68,3.9,9.51,0.009,TROUT
7.39,27.01,30.33,3.17,0.05,TILAPIA
7.67,29.58,8.29,5.43,0.011,SHRIMP
8.03,25.03,15.64,6.38,0.011,SHRIMP
7.27,25.0,16.31,7.12,0.01,CARP
6.65,11.93,2.0,10.42,0.001,SALMON
6.92,26.7,15.81,5.41,0.032,TILAPIA
7.94,30.27,7.07,5.78,0.01,SHRIMP
7.88,26.22,10.42,5.71,0.02,SHRIMP
7.21,19.78,21.33,4.84,0.004,CARP
6.04,22.91,32.07,2.97,0.075,CATFISH
6.64,17.35,6.69,7.74,0.006,TROUT
7.94,11.05,9.9,7.04,0.005,TROUT
7.85,18.97,36.27,4.55,0.029,CARP
7.7,29.22,16.6,5.37,0.013,SHRIMP
7.45,24.57,11.69,7.24,0.023,CARP
6.57,25.92,55.47,3.36,0.017,CATFISH
6.35,23.28,90.69,2.93,0.038,CATFISH
7.83,22.74,25.31,5.13,0.023,ROHU
7.54,26.53,34.08,6.86,0.036,ROHU
6.7,14.92,2.3,8.44,0.001,TROUT
7.07,14.11,2.77,9.82,0.004,SALMON
7.11,22.2,15.32,4.42,0.013,CARP
8.09,30.51,7.53,7.06,0.019,SHRIMP
8.33,26.5,38.93,5.37,0.05,ROHU
7.98,23.77,21.1,7.19,0.037,ROHU
7.46,25.27,42.07,4.7,0.045,ROHU
7.34,28.53,37.49,6.05,0.026,ROHU
8.13,29.7,8.47,7.1,0.001,SHRIMP
8.64,25.86,27.76,5.48,0.046,TILAPIA
7.71,26.41,9.9,5.85,0.012,SHRIMP
8.11,24.15,39.84,4.36,0.041,CARP
7.04,16.32,7.39,8.73,0.001,TROUT
7.62,22.46,19.06,5.37,0.0,CARP
6.83,25.94,16.31,5.47,0.03,TILAPIA
7.63,29.92,19.37,6.06,0.006,SHRIMP
7.58,25.72,14.82,6.46,0.015,SHRIMP
7.86,26.57,6.67,5.82,0.02,SHRIMP
8.99,27.33,30.07,6.08,0.032,TILAPIA
7.85,26.35,27.83,6.94,0.026,ROHU
8.36,12.79,3.11,10.27,0.006,SALMON
7.48,10.5,9.56,8.94,0.01,TROUT
7.25,18.65,35.08,6.47,0.009,CARP
7.64,10.75,1.27,10.71,0.001,SALMON
7.77,28.46,45.34,3.06,0.003,TILAPIA
8.09,22.21,30.79,2.66,0.047,CATFISH
7.22,27.53,30.81,6.34,0.016,CARP
6.87,25.96,34.55,4.47,0.038,TILAPIA
8.0,26.54,8.4,6.65,0.001,SHRIMP
7.57,29.18,21.91,5.53,0.046,TILAPIA
7.87,26.48,38.63,7.44,0.034,CARP
7.14,9.69,1.98,9.18,0.002,SALMON
8.07,20.8,42.2,6.07,0.045,ROHU
7.07,10.75,2.75,9.84,0.008,SALMON
8.43,26.25,15.33,7.97,0.013,SHRIMP
6.52,10.21,1.3,9.45,0.008,SALMON
8.18,21.74,31.99,4.06,0.001,CARP
8.01,24.74,34.19,6.67,0.038,CARP
6.61,9.36,4.49,10.1,0.008,SALMON
7.14,29.47,37.68,5.11,0.039,CATFISH
7.79,28.36,17.82,5.54,0.002,TILAPIA
8.25,28.8,19.09,5.3,0.016,SHRIMP
7.44,8.13,0.39,9.82,0.002,SALMON
7.96,28.8,39.37,4.09,0.095,CATFISH
7.84,15.74,2.06,7.14,0.007,TROUT
7.55,15.15,2.49,8.48,0.007,TROUT
7.98,25.39,28.65,5.55,0.011,CARP
7.77,22.81,39.88,5.54,0.043,CARP
7.83,24.06,11.26,4.29,0.023,TILAPIA
7.5,12.34,3.88,10.83,0.009,SALMON
8.28,27.47,6.38,6.86,0.011,SHRIMP
7.04,29.33,32.97,5.31,0.014,CATFISH
8.22,27.15,17.51,5.54,0.002,ROHU
6.73,23.38,59.4,4.08,0.06,CATFISH
8.01,27.19,11.7,5.34,0.017,SHRIMP
8.24,26.15,34.37,5.99,0.045,ROHU
7.27,14.93,0.73,9.63,0.009,SALMON
7.61,28.99,20.12,5.78,0.048,ROHU
8.23,25.25,7.29,6.91,0.009,SHRIMP
7.8,9.54,3.65,10.94,0.005,SALMON
6.58,28.31,96.35,5.71,0.024,CATFISH
7.92,23.06,19.66,6.37,0.029,ROHU
8.31,25.88,31.15,6.71,0.003,CARP
8.28,23.06,25.78,4.82,0.036,CARP
7.92,28.31,18.59,5.95,0.016,SHRIMP
7.39,20.64,37.88,6.63,0.006,CARP
7.41,25.94,37.58,5.32,0.044,ROHU
7.71,30.82,7.02,7.66,0.014,SHRIMP
7.38,25.93,34.74,6.02,0.037,ROHU
6.28,27.11,44.76,2.77,0.1,CATFISH
7.57,27.1,17.54,5.32,0.011,SHRIMP
7.59,10.0,2.77,9.04,0.005,TROUT
8.04,26.37,94.31,4.2,0.079,CATFISH
6.72,12.63,4.02,8.5,0.006,TROUT
8.25,28.55,11.72,5.78,0.018,SHRIMP
7.24,26.13,28.83,6.03,0.037,CARP
7.48,20.41,20.22,5.28,0.009,ROHU
7.9,23.07,26.52,6.61,0.019,CARP
8.43,26.79,11.01,6.19,0.011,SHRIMP
7.75,29.76,12.45,5.02,0.012,SHRIMP
6.63,27.91,43.34,4.01,0.036,TILAPIA
8.38,10.51,4.71,9.95,0.009,SALMON
7.71,27.58,19.65,6.22,0.007,SHRIMP
8.89,26.36,29.56,4.54,0.031,TILAPIA
7.26,29.4,41.69,6.33,0.0,ROHU
7.15,27.83,57.1,2.85,0.039,CATFISH
7.47,25.59,34.68,5.82,0.007,ROHU
8.37,11.75,0.61,10.47,0.002,SALMON
7.24,10.14,0.86,8.8,0.005,SALMON
7.18,22.16,65.54,2.89,0.028,CATFISH
6.71,26.88,29.92,4.72,0.014,TILAPIA
7.95,27.18,32.3,7.43,0.047,ROHU
6.89,16.95,0.3,8.78,0.01,TROUT
7.03,9.79,4.04,8.46,0.0,SALMON
7.74,25.05,33.43,6.65,0.031,CARP
7.89,12.25,0.43,8.86,0.001,TROUT
7.91,28.2,12.3,7.15,0.009,SHRIMP
7.37,28.0,37.75,5.1,0.045,ROHU
7.99,25.36,42.81,5.78,0.096,CATFISH
7.46,30.33,36.48,4.78,0.029,TILAPIA
8.59,30.88,47.57,4.15,0.034,TILAPIA
6.52,11.39,8.08,8.64,0.003,TROUT
6.83,25.21,84.4,3.58,0.005,CATFISH
7.03,13.47,4.23,8.9,0.006,TROUT
7.56,13.7,3.09,7.49,0.005,TROUT
7.21,22.23,31.18,5.21,0.002,ROHU
7.36,12.83,2.2,10.68,0.007,SALMON
6.31,28.45,80.04,2.95,0.022,CATFISH
7.05,14.87,2.7,8.58,0.009,SALMON
7.88,10.21,4.07,7.94,0.006,TROUT
6.56,13.79,1.7,8.74,0.006,SALMON
8.13,10.43,4.06,9.39,0.001,SALMON
7.78,22.28,19.08,5.21,0.046,ROHU
7.81,12.28,5.02,7.61,0.003,TROUT
7.48,21.86,26.88,4.87,0.024,ROHU
8.17,25.15,26.2,5.53,0.02,CARP
7.11,21.18,22.45,4.87,0.001,CARP
7.8,25.26,15.67,7.2,0.019,SHRIMP
7.3,27.25,99.64,5.21,0.054,CATFISH
8.26,25.76,15.43,6.6,0.019,SHRIMP
6.85,8.89,4.8,8.19,0.005,SALMON
7.63,27.93,10.98,5.95,0.015,SHRIMP
8.19,8.4,4.04,8.31,0.006,SALMON
8.5,10.72,4.79,9.21,0.007,SALMON
6.71,11.96,1.09,9.84,0.002,SALMON
8.36,26.48,66.36,4.27,0.082,CATFISH
7.45,13.03,2.19,7.6,0.009,TROUT
7.92,24.63,47.2,4.09,0.017,TILAPIA
7.22,15.06,3.1,8.92,0.007,TROUT
8.1,23.2,28.52,4.86,0.013,ROHU
7.54,18.79,28.14,4.11,0.025,CARP
6.7,22.54,50.54,3.53,0.036,CATFISH
7.83,29.45,98.2,5.81,0.088,CATFISH
7.56,29.48,37.83,5.01,0.002,ROHU
7.28,14.63,1.83,7.37,0.01,TROUT
8.05,28.35,98.08,3.03,0.091,CATFISH
7.35,28.12,32.34,4.93,0.043,CATFISH
8.77,30.88,12.3,5.47,0.022,TILAPIA
8.13,22.57,32.25,3.19,0.03,CATFISH
7.44,17.85,0.41,8.54,0.001,TROUT
7.89,27.3,8.28,5.28,0.005,SHRIMP
7.23,22.01,90.39,2.54,0.001,CATFISH
8.37,26.2,27.67,7.44,0.028,CARP
7.06,14.52,8.09,7.4,0.0,TROUT
6.76,25.62,19.39,4.78,0.002,TILAPIA
7.51,28.78,15.42,4.53,0.011,ROHU
6.76,8.3,3.22,9.66,0.002,SALMON
7.49,26.12,63.23,3.51,0.071,CATFISH
7.18,26.92,22.16,6.22,0.009,ROHU
7.26,25.25,30.62,6.88,0.008,TILAPIA
8.95,30.23,44.43,3.02,0.006,TILAPIA
7.77,17.99,4.66,9.98,0.007,TROUT
7.23,13.0,0.16,10.56,0.009,SALMON
8.41,23.82,21.98,4.81,0.03,ROHU
7.28,22.47,11.32,4.16,0.047,CARP
8.25,29.16,21.45,6.66,0.03,ROHU
8.09,31.72,28.85,4.67,0.045,TILAPIA
7.55,23.91,21.19,7.12,0.006,ROHU
8.22,25.81,24.81,6.84,0.025,ROHU
7.13,13.86,2.68,10.42,0.009,SALMON
7.48,24.66,45.74,5.81,0.031,CATFISH
8.31,9.98,4.82,9.87,0.009,SALMON
7.0,10.25,1.51,8.52,0.009,SALMON
7.78,26.85,22.64,6.25,0.043,CARP
7.85,20.02,42.99,5.2,0.034,ROHU
7.2,22.58,31.33,6.41,0.043,CARP
7.39,21.02,19.7,6.07,0.015,ROHU
7.21,12.53,4.92,8.6,0.008,TROUT
7.55,24.96,36.89,6.68,0.021,ROHU
7.87,29.05,14.55,5.99,0.02,SHRIMP
7.28,17.68,3.62,7.88,0.006,TROUT
8.17,28.01,22.68,4.51,0.021,ROHU
7.46,25.96,23.24,4.99,0.012,TILAPIA
7.11,19.63,28.76,4.88,0.021,CARP
7.03,24.1,24.36,6.85,0.034,TILAPIA
6.92,29.37,72.16,4.82,0.03,CATFISH
7.15,25.16,81.13,3.58,0.054,CATFISH
7.46,17.59,7.04,9.34,0.003,TROUT
6.76,16.03,4.16,9.74,0.006,TROUT
7.4,28.2,27.35,5.03,0.023,ROHU
8.42,21.22,14.57,7.95,0.037,CARP
8.4,14.66,4.84,8.91,0.002,SALMON
7.88,16.72,3.06,9.67,0.0,TROUT
6.68,14.22,0.01,9.57,0.003,SALMON
7.53,12.18,0.16,9.24,0.008,SALMON
7.28,24.07,12.59,7.96,0.039,CARP
7.4,18.49,39.36,4.59,0.042,CARP
7.22,11.67,9.88,9.6,0.009,TROUT
8.15,21.73,18.34,4.64,0.025,ROHU
7.49,25.7,25.13,6.93,0.036,TILAPIA
7.0,15.14,1.68,8.9,0.01,TROUT
8.23,27.72,12.86,7.09,0.016,SHRIMP
8.24,23.58,12.92,7.82,0.043,CARP
7.08,26.52,62.37,5.47,0.003,CATFISH
7.14,29.57,18.14,4.57,0.015,TILAPIA
7.84,27.55,16.84,7.49,0.014,CARP
7.35,16.24,9.19,7.42,0.003,TROUT
8.36,27.32,19.73,7.7,0.004,SHRIMP
7.17,9.07,0.13,10.03,0.0,SALMON
7.72,26.85,31.42,7.48,0.034,CARP
8.44,8.59,3.89,8.78,0.004,SALMON
8.14,23.82,19.09,6.03,0.017,ROHU
7.8,10.43,4.88,10.99,0.008,SALMON
7.33,12.49,3.78,7.95,0.009,TROUT
7.66,14.39,4.43,10.78,0.002,SALMON
7.4,23.77,96.29,5.4,0.096,CATFISH
8.59,30.36,18.45,3.74,0.036,TILAPIA
7.88,10.52,5.0,9.04,0.008,SALMON
7.95,12.69,0.54,10.98,0.002,SALMON
7.66,27.35,10.52,3.2,0.033,TILAPIA
7.58,28.74,16.5,5.89,0.014,SHRIMP
8.32,19.21,15.07,5.91,0.047,CARP
7.94,24.24,25.53,5.31,0.033,CARP
7.68,29.17,19.47,5.36,0.008,SHRIMP
7.33,19.19,29.49,6.99,0.034,CARP
7.22,23.2,25.34,5.2,0.007,ROHU
8.12,20.3,22.69,6.88,0.047,ROHU
8.29,25.32,24.75,3.2,0.032,TILAPIA
7.49,25.98,49.34,4.01,0.001,TILAPIA
6.79,11.63,3.75,9.69,0.009,SALMON
6.06,26.71,38.54,3.25,0.072,CATFISH
6.83,12.04,1.07,8.81,0.006,SALMON
7.83,27.64,6.26,5.7,0.002,SHRIMP
7.23,24.65,22.29,6.84,0.013,CARP
8.27,29.93,5.4,5.18,0.014,SHRIMP
6.59,27.39,49.56,6.5,0.032,TILAPIA
8.11,20.57,23.27,6.48,0.02,ROHU
7.54,30.61,15.17,3.52,0.011,TILAPIA
7.01,21.36,36.18,7.81,0.028,CARP
7.97,13.94,7.44,9.1,0.005,TROUT
6.83,17.28,1.68,8.68,0.008,TROUT
6.99,11.2,9.06,7.53,0.004,TROUT
8.08,26.55,33.87,4.08,0.043,CATFISH
7.05,12.79,1.32,9.74,0.0,TROUT
8.8,27.47,17.05,6.17,0.043,TILAPIA
6.53,12.77,4.4,8.08,0.007,SALMON
8.1,27.32,44.98,5.22,0.037,TILAPIA
8.27,22.36,11.55,7.8,0.004,CARP
7.39,10.94,8.38,7.61,0.01,TROUT
7.76,27.85,14.62,7.35,0.002,SHRIMP
8.39,28.46,17.35,6.54,0.006,SHRIMP
7.98,27.76,6.66,5.55,0.002,SHRIMP
7.62,25.95,9.76,5.9,0.001,SHRIMP
6.99,12.44,8.44,8.87,0.003,TROUT
7.46,22.6,93.19,3.34,0.082,CATFISH
7.48,23.4,23.8,7.13,0.003,CARP
8.16,8.25,1.2,9.27,0.007,SALMON
7.84,13.37,5.6,7.69,0.004,TROUT
8.13,12.86,0.29,9.5,0.01,SALMON
7.1,22.47,20.17,5.51,0.034,ROHU
7.87,26.71,18.79,5.38,0.009,SHRIMP
8.48,25.1,95.84,3.87,0.02,CATFISH
8.3,29.48,26.4,6.13,0.016,ROHU
8.12,25.8,6.08,7.48,0.008,SHRIMP
7.27,18.61,21.03,6.02,0.038,CARP
7.58,25.35,11.37,7.82,0.014,SHRIMP
7.58,25.34,24.13,6.05,0.037,ROHU
6.8,14.67,7.57,7.77,0.005,TROUT
8.43,8.04,2.66,9.01,0.003,SALMON
7.96,9.79,0.84,9.14,0.005,SALMON
7.87,12.23,4.95,10.96,0.006,SALMON
7.2,12.04,7.44,9.8,0.002,TROUT
6.61,11.6,2.04,9.58,0.009,SALMON
7.74,29.51,29.28,7.09,0.003,ROHU
6.78,17.84,1.76,8.33,0.003,TROUT
7.54,27.4,18.42,7.27,0.009,SHRIMP
8.15,11.8,4.9,9.27,0.002,SALMON
8.4,9.85,3.79,9.94,0.007,SALMON
8.83,24.86,13.77,5.87,0.016,TILAPIA
7.48,20.28,26.17,5.39,0.008,CARP
7.76,30.29,13.78,7.37,0.009,SHRIMP
7.5,19.61,33.45,6.8,0.004,CARP
7.93,29.28,9.75,7.14,0.011,SHRIMP
7.63,28.55,38.49,6.95,0.049,ROHU
8.55,24.41,10.29,3.45,0.044,TILAPIA
7.75,18.28,24.18,7.6,0.037,CARP
7.51,24.26,36.04,4.57,0.001,TILAPIA
7.54,26.4,15.57,7.32,0.011,SHRIMP
8.31,29.77,15.43,6.63,0.011,SHRIMP
8.08,26.39,19.02,7.27,0.005,SHRIMP
7.82,23.03,18.73,4.01,0.003,CARP
8.18,27.7,8.53,5.41,0.012,SHRIMP
7.81,24.52,44.02,4.84,0.009,TILAPIA
7.99,22.71,18.66,4.63,0.042,ROHU
7.62,13.21,7.17,7.42,0.005,TROUT
7.32,10.72,4.65,7.53,0.002,TROUT
8.49,21.38,18.52,4.34,0.035,CARP
7.26,28.96,97.78,4.73,0.035,CATFISH
7.04,27.15,35.26,5.66,0.044,CARP
7.55,28.95,41.55,6.24,0.05,TILAPIA
7.64,28.92,19.21,6.77,0.016,SHRIMP
6.97,17.87,8.99,8.19,0.009,TROUT
6.97,15.81,2.21,7.6,0.009,TROUT
6.52,23.54,98.65,4.93,0.069,CATFISH
6.64,24.83,40.0,5.21,0.024,CATFISH
8.22,28.21,5.08,7.62,0.019,SHRIMP
7.57,25.6,8.68,7.86,0.002,SHRIMP
8.34,21.78,18.82,6.71,0.035,CARP
8.19,27.05,9.67,6.29,0.016,SHRIMP
7.92,19.62,12.3,4.78,0.021,CARP
8.67,28.41,24.11,6.72,0.048,TILAPIA
8.24,12.75,1.37,10.82,0.001,SALMON
7.53,25.5,15.48,6.46,0.004,SHRIMP
7.41,24.58,26.11,5.35,0.001,CARP
7.53,11.6,7.57,9.74,0.004,TROUT
7.83,20.4,21.11,5.1,0.03,ROHU
6.53,27.78,76.6,2.76,0.066,CATFISH
7.62,19.22,24.25,5.83,0.021,CARP
6.83,13.49,4.78,10.3,0.01,SALMON
7.42,21.69,22.56,5.06,0.008,ROHU
6.99,24.22,30.7,4.27,0.002,TILAPIA
7.96,25.75,19.58,7.28,0.017,SHRIMP
6.96,28.12,34.24,4.89,0.019,TILAPIA
6.38,28.42,43.04,5.33,0.04,CATFISH
7.15,27.75,24.38,4.84,0.027,ROHU
8.36,20.5,31.59,4.12,0.007,CARP
8.11,29.02,26.63,6.11,0.045,ROHU
7.6,28.5,46.64,6.57,0.032,TILAPIA
7.16,23.7,52.21,4.14,0.022,CATFISH
6.72,27.26,35.4,5.76,0.039,TILAPIA
7.34,21.32,36.5,4.55,0.022,CARP
7.96,15.1,2.82,8.82,0.003,TROUT
7.81,27.73,19.56,6.84,0.021,ROHU
6.75,24.18,57.42,2.54,0.097,CATFISH
7.47,18.58,23.42,5.25,0.01,CARP
8.44,11.46,3.29,8.05,0.003,SALMON
8.35,26.28,16.91,6.9,0.029,CARP
7.46,28.96,22.76,4.54,0.048,TILAPIA
7.16,22.99,36.52,5.4,0.007,ROHU
7.6,12.08,3.76,10.93,0.006,SALMON
7.4,16.41,4.53,7.52,0.002,TROUT
8.38,28.53,33.4,3.84,0.031,TILAPIA
6.81,13.27,5.15,8.06,0.006,TROUT
6.84,17.06,5.33,8.78,0.01,TROUT
6.96,24.47,69.0,4.28,0.052,CATFISH
8.5,22.67,69.77,4.3,0.026,CATFISH
8.26,18.49,13.76,6.23,0.002,CARP
8.7,25.33,20.58,3.58,0.005,TILAPIA
8.23,21.99,30.95,5.25,0.033,ROHU
8.25,29.51,5.13,6.96,0.013,SHRIMP
6.95,28.38,54.07,3.31,0.031,CATFISH
7.83,20.79,17.91,4.95,0.049,CARP
7.87,24.94,72.29,5.05,0.025,CATFISH
8.31,28.66,43.34,4.88,0.002,ROHU
8.37,27.14,16.53,7.03,0.013,SHRIMP
7.82,18.79,34.0,7.69,0.019,CARP
8.32,22.03,24.58,5.45,0.005,ROHU
6.1,28.69,97.92,2.79,0.025,CATFISH
8.33,28.57,18.32,6.49,0.02,SHRIMP
6.7,31.96,17.21,3.2,0.021,TILAPIA
8.95,27.05,43.03,3.71,0.007,TILAPIA
7.94,11.33,3.79,9.46,0.006,SALMON
8.32,12.4,3.44,8.17,0.001,SALMON
7.05,13.32,2.18,8.23,0.009,SALMON
7.28,21.01,31.68,5.57,0.022,ROHU
8.46,25.03,26.68,3.77,0.043,TILAPIA
7.03,28.99,42.71,4.65,0.0,ROHU
7.15,25.14,31.91,7.39,0.002,ROHU
7.02,14.81,1.16,8.4,0.009,SALMON
7.75,11.31,3.45,10.07,0.005,SALMON
7.31,13.15,3.59,9.54,0.007,TROUT
7.59,28.48,12.56,7.38,0.005,SHRIMP
7.08,26.68,26.07,6.28,0.028,CARP
7.8,24.35,33.07,5.66,0.014,ROHU
8.31,20.88,31.21,5.74,0.015,CARP
8.41,23.52,37.78,5.44,0.04,ROHU
8.15,27.98,14.22,5.56,0.032,CARP
6.88,22.14,63.84,5.99,0.035,CATFISH
7.81,20.45,34.05,4.2,0.007,CARP
7.8,12.01,6.83,8.82,0.009,TROUT
7.02,12.88,4.52,8.26,0.007,TROUT
7.47,25.66,19.7,4.96,0.032,CARP
7.4,14.63,1.24,8.07,0.005,SALMON
7.86,29.79,11.21,6.76,0.003,SHRIMP
8.05,27.5,98.33,4.1,0.005,CATFISH
7.89,27.46,37.41,5.85,0.091,CATFISH
7.96,12.62,4.43,10.72,0.004,SALMON
6.32,26.29,47.05,4.08,0.067,CATFISH
7.96,22.57,14.92,7.76,0.017,CARP
8.36,28.98,12.63,5.94,0.019,SHRIMP
7.88,26.0,16.69,7.97,0.006,SHRIMP
8.09,20.62,10.99,5.67,0.021,CARP
7.48,27.17,17.51,6.28,0.024,CARP
7.89,28.5,40.23,7.26,0.003,ROHU
7.59,23.99,20.89,5.4,0.016,ROHU
7.3,20.52,29.81,4.47,0.009,CARP
6.61,25.02,44.53,6.38,0.017,TILAPIA
8.84,24.21,33.21,5.39,0.039,TILAPIA
8.36,26.76,5.74,7.6,0.01,SHRIMP
8.0,28.57,17.56,5.63,0.001,ROHU
8.1,27.57,7.12,6.59,0.016,SHRIMP
8.0,24.54,34.54,5.48,0.029,ROHU
7.4,23.18,57.71,3.81,0.074,CATFISH
7.0,25.38,26.98,4.44,0.041,CARP
6.79,15.98,1.33,7.53,0.008,TROUT
7.98,24.35,90.66,5.03,0.083,CATFISH
7.37,10.88,7.11,9.07,0.003,TROUT
7.93,25.29,25.99,6.87,0.046,ROHU
8.27,26.63,5.03,7.99,0.004,SHRIMP
8.82,28.8,41.96,6.91,0.043,TILAPIA
7.86,27.89,17.63,7.56,0.017,SHRIMP
7.98,26.87,5.05,7.29,0.006,SHRIMP
7.14,26.1,32.83,5.5,0.007,ROHU
7.69,27.25,15.49,4.72,0.009,ROHU
8.95,25.93,42.82,4.18,0.021,TILAPIA
8.24,28.29,24.81,5.7,0.028,TILAPIA
7.46,14.67,2.93,9.84,0.004,TROUT
7.39,27.99,30.86,3.47,0.082,CATFISH
7.3,19.55,32.13,5.25,0.039,CARP
7.57,26.28,14.42,5.08,0.012,SHRIMP
7.43,22.26,85.41,3.5,0.069,CATFISH
7.96,17.92,4.11,7.45,0.009,TROUT
6.97,13.22,1.0,7.44,0.003,TROUT
8.02,22.15,94.44,4.25,0.023,CATFISH
7.48,27.45,30.3,7.34,0.007,ROHU
7.76,23.64,23.58,5.83,0.029,CARP
6.89,30.98,37.71,4.73,0.044,TILAPIA
7.64,27.98,24.77,6.2,0.004,ROHU
8.19,11.26,4.19,9.67,0.008,SALMON
7.85,27.06,19.16,7.74,0.011,SHRIMP
7.51,28.36,27.13,6.8,0.046,ROHU
7.07,16.46,2.95,9.79,0.01,TROUT
7.21,10.45,0.76,10.0,0.002,SALMON
7.61,24.15,29.73,7.0,0.033,CARP
6.62,13.42,3.4,8.01,0.007,TROUT
8.49,29.97,15.06,7.9,0.012,SHRIMP
6.1,25.84,99.37,3.74,0.044,CATFISH
7.25,13.8,3.02,8.62,0.002,TROUT
7.89,12.46,5.75,7.97,0.005,TROUT
8.13,14.73,3.73,9.29,0.003,SALMON
8.4,25.02,48.59,6.2,0.025,TILAPIA
6.73,28.38,41.99,4.63,0.005,CATFISH
8.21,28.68,11.36,5.74,0.005,SHRIMP
8.24,22.26,17.59,6.31,0.034,ROHU
8.26,22.83,55.01,5.45,0.079,CATFISH
8.79,31.29,40.82,5.33,0.028,TILAPIA
7.38,15.59,7.1,9.29,0.001,TROUT
7.03,29.79,31.9,6.73,0.013,TILAPIA
6.76,27.11,70.55,5.54,0.079,CATFISH
7.85,20.6,10.06,7.95,0.024,CARP
8.0,26.64,18.16,7.33,0.017,SHRIMP
7.11,12.05,4.48,9.96,0.006,TROUT
8.03,18.78,22.29,5.95,0.038,CARP
6.17,26.84,84.97,3.91,0.009,CATFISH
8.19,24.37,65.56,3.31,0.051,CATFISH
7.13,26.7,27.81,7.96,0.001,CARP
7.3,29.97,52.76,4.34,0.012,CATFISH
7.8,26.49,39.9,7.94,0.012,CARP
7.4,23.63,31.26,6.34,0.034,CARP
7.38,16.98,9.59,8.15,0.008,TROUT
6.86,11.89,1.22,10.21,0.009,SALMON
8.21,26.69,29.71,6.53,0.006,CARP
7.06,23.85,76.61,4.25,0.079,CATFISH
6.55,24.1,84.11,5.28,0.049,CATFISH
7.18,24.66,11.11,5.1,0.017,TILAPIA
7.21,16.04,4.81,7.25,0.001,TROUT
8.2,26.31,35.91,7.47,0.03,ROHU
8.47,23.2,39.94,4.14,0.064,CATFISH
8.36,26.41,75.47,2.62,0.096,CATFISH
7.59,10.52,7.87,8.3,0.005,TROUT
7.6,10.15,2.4,8.24,0.006,TROUT
7.98,25.25,9.61,7.41,0.019,SHRIMP
6.83,16.39,9.53,7.41,0.01,TROUT
7.78,27.74,38.71,6.7,0.026,ROHU
6.98,15.7,0.81,9.9,0.002,TROUT
7.81,24.07,37.5,3.78,0.024,TILAPIA
7.31,15.62,5.72,8.37,0.008,TROUT
8.37,22.03,92.41,5.08,0.017,CATFISH
7.37,12.18,8.86,8.41,0.005,TROUT
8.2,27.16,12.47,5.26,0.015,CARP
6.76,22.31,60.24,2.87,0.022,CATFISH
7.87,13.64,8.04,7.77,0.007,TROUT
7.8,31.37,28.59,3.43,0.001,TILAPIA
7.7,21.43,23.22,5.84,0.007,CARP
7.33,20.81,38.47,6.96,0.027,ROHU
6.17,28.64,64.4,2.52,0.026,CATFISH
7.47,21.62,37.5,5.44,0.021,CARP
8.33,28.63,5.17,6.18,0.004,SHRIMP
7.03,8.32,1.8,8.77,0.004,SALMON
8.26,29.79,9.14,5.71,0.001,SHRIMP
8.15,23.23,47.57,4.26,0.036,CATFISH
7.08,14.83,1.73,9.26,0.0,SALMON
6.26,29.75,84.42,5.04,0.096,CATFISH
7.22,22.7,29.48,4.56,0.038,ROHU
7.93,25.07,11.93,6.57,0.012,SHRIMP
8.27,29.77,35.51,4.46,0.039,TILAPIA
7.68,13.73,1.22,8.7,0.004,SALMON
7.14,14.29,1.65,9.59,0.0,SALMON
7.21,30.81,27.8,5.87,0.006,TILAPIA
7.43,26.23,32.95,7.02,0.014,ROHU
7.38,27.88,17.52,4.94,0.026,TILAPIA
8.44,26.99,10.5,5.25,0.013,SHRIMP
7.06,27.52,39.88,7.22,0.027,ROHU
6.56,26.38,18.65,3.41,0.048,TILAPIA
7.59,25.13,11.42,6.44,0.016,SHRIMP
7.16,23.91,11.86,6.27,0.033,CARP
6.8,22.1,45.41,5.26,0.023,CATFISH
7.29,11.16,3.82,9.66,0.008,SALMON
7.81,20.68,21.73,7.29,0.029,ROHU
7.8,24.28,29.03,6.45,0.049,TILAPIA
8.49,22.08,27.26,4.64,0.029,ROHU
7.13,24.44,23.41,6.29,0.04,ROHU
7.81,19.14,23.08,7.16,0.007,CARP
8.13,23.04,96.32,4.42,0.034,CATFISH
6.94,31.33,46.56,4.89,0.04,TILAPIA
8.22,26.79,8.34,5.64,0.003,SHRIMP
7.39,28.94,35.67,6.73,0.02,ROHU
8.62,26.93,33.26,3.9,0.002,TILAPIA
7.09,22.42,32.14,7.08,0.044,CARP
7.73,25.99,28.84,4.42,0.044,CARP
6.67,25.06,27.36,5.12,0.047,TILAPIA
8.44,21.99,25.37,6.84,0.039,ROHU
7.27,16.0,1.48,9.72,0.006,TROUT
7.31,12.34,2.03,8.44,0.001,SALMON
8.43,9.81,2.71,8.53,0.003,SALMON
6.33,28.41,83.14,2.86,0.067,CATFISH
8.21,27.85,9.05,6.99,0.007,SHRIMP
8.41,29.9,7.78,7.51,0.003,SHRIMP
8.2,25.47,56.23,4.64,0.006,CATFISH
8.39,20.36,29.65,6.48,0.042,ROHU
7.4,24.64,26.59,5.02,0.025,ROHU
7.93,30.27,15.25,6.91,0.015,SHRIMP
8.16,19.23,16.72,6.3,0.043,CARP
8.02,25.21,15.85,5.38,0.002,SHRIMP
7.33,11.76,1.16,9.55,0.009,SALMON
8.44,27.9,11.16,7.0,0.008,SHRIMP
7.07,15.19,2.03,7.27,0.0,TROUT
7.66,30.96,16.98,7.08,0.016,SHRIMP
6.68,8.67,4.26,8.87,0.007,SALMON
7.02,23.67,44.93,6.41,0.035,ROHU
7.34,24.6,11.55,5.94,0.036,CARP
6.79,14.83,7.56,8.49,0.002,TROUT
8.02,29.96,46.09,5.2,0.043,TILAPIA
7.49,12.79,0.95,9.61,0.004,SALMON
7.97,27.98,75.03,3.72,0.017,CATFISH
8.19,24.95,43.36,5.47,0.03,ROHU
7.17,10.04,2.25,8.79,0.003,SALMON
7.28,12.55,5.35,8.05,0.002,TROUT
7.49,22.07,34.81,5.13,0.045,CATFISH
7.49,10.4,1.27,9.07,0.002,SALMON
6.74,29.46,73.68,5.29,0.0,CATFISH
8.18,24.71,80.86,4.8,0.015,CATFISH
6.78,25.08,18.84,5.73,0.012,TILAPIA
8.03,29.05,15.92,5.03,0.002,SHRIMP
6.78,11.05,4.13,9.57,0.002,TROUT
8.13,29.42,38.14,5.22,0.058,CATFISH
8.24,14.2,2.79,8.2,0.005,SALMON
7.16,19.36,28.45,4.42,0.029,CARP
7.52,14.55,3.16,10.24,0.007,SALMON
6.57,29.84,25.43,5.45,0.015,TILAPIA
8.37,27.15,7.14,6.48,0.02,SHRIMP
8.24,30.76,7.21,6.31,0.007,SHRIMP
8.25,28.97,19.53,5.56,0.011,SHRIMP
8.32,26.79,8.84,7.39,0.014,SHRIMP
7.86,30.12,13.43,6.99,0.013,SHRIMP
8.27,28.06,31.73,5.82,0.025,ROHU
7.38,28.75,35.82,5.83,0.041,TILAPIA
7.26,9.59,4.19,8.31,0.004,SALMON
7.86,21.25,39.53,4.42,0.002,CARP
7.83,28.82,15.75,6.11,0.003,SHRIMP
6.97,9.29,3.73,10.34,0.008,SALMON
7.32,21.68,19.62,7.48,0.041,ROHU
6.74,26.52,99.45,5.47,0.028,CATFISH
8.34,27.77,35.7,3.76,0.013,CATFISH
8.17,26.83,15.12,7.74,0.01,SHRIMP
8.1,28.0,6.05,6.55,0.003,SHRIMP
7.34,30.1,41.08,5.9,0.002,TILAPIA
8.3,23.07,29.11,6.06,0.009,ROHU
7.03,11.33,8.84,9.97,0.0,TROUT
6.9,11.39,3.08,8.3,0.006,SALMON
7.85,30.86,28.82,6.38,0.018,TILAPIA
7.65,27.84,36.36,7.2,0.018,ROHU
8.33,25.14,21.74,4.89,0.043,ROHU
6.68,10.51,4.24,8.6,0.0,TROUT
8.36,24.15,30.02,4.44,0.003,CARP
7.04,30.78,23.67,4.43,0.046,TILAPIA
6.22,25.3,72.5,5.54,0.071,CATFISH
8.88,31.01,19.63,4.96,0.004,TILAPIA
7.77,26.94,42.52,4.4,0.028,CATFISH
7.55,28.0,13.94,3.3,0.03,TILAPIA
8.0,27.04,12.43,7.44,0.006,SHRIMP
6.64,9.19,0.48,8.54,0.004,SALMON
7.2,22.2,33.15,4.18,0.037,CARP
6.89,25.43,28.25,3.94,0.045,TILAPIA
7.9,26.04,16.98,6.7,0.023,ROHU
7.05,16.71,3.97,8.37,0.004,TROUT
6.5,31.71,27.64,3.05,0.0,TILAPIA
6.53,27.0,12.52,3.16,0.033,TILAPIA
7.29,10.68,0.09,9.11,0.004,TROUT
8.6,31.06,41.44,6.28,0.028,TILAPIA
6.76,16.05,5.0,7.25,0.01,TROUT
6.53,12.35,3.26,8.47,0.004,SALMON
8.23,26.66,19.85,5.73,0.002,SHRIMP
7.09,14.58,4.79,10.44,0.004,SALMON
7.26,22.35,44.55,5.42,0.048,CATFISH
8.0,29.75,5.38,7.04,0.005,SHRIMP
8.32,26.99,65.3,3.17,0.056,CATFISH
7.24,20.04,26.73,5.4,0.032,CARP
7.51,9.85,0.15,10.67,0.004,SALMON
7.98,21.97,18.28,6.46,0.047,CARP
7.3,31.37,12.76,3.86,0.017,TILAPIA
8.25,23.14,17.5,6.78,0.046,CARP
7.0,26.54,30.68,5.29,0.01,TILAPIA
8.03,20.22,26.71,5.75,0.006,ROHU
7.79,15.33,9.58,7.82,0.003,TROUT
7.82,29.94,26.48,5.45,0.03,TILAPIA
6.86,11.34,3.16,9.56,0.005,SALMON
8.42,12.25,3.04,10.98,0.001,SALMON
8.49,27.49,34.77,3.91,0.073,CATFISH
6.71,10.18,0.38,9.67,0.002,SALMON
6.61,17.79,7.59,9.95,0.004,TROUT
7.28,29.27,54.5,3.68,0.082,CATFISH
7.44,26.29,29.52,7.95,0.009,CARP
7.88,25.1,36.99,3.74,0.002,TILAPIA
7.45,20.59,28.29,6.46,0.013,ROHU
8.37,24.89,18.84,4.68,0.016,ROHU
8.35,27.25,19.22,3.39,0.032,TILAPIA
8.18,14.73,0.68,9.13,0.009,SALMON
7.87,26.2,15.74,4.74,0.032,ROHU
6.9,24.89,47.4,5.74,0.002,TILAPIA
7.22,26.26,30.66,6.23,0.022,ROHU
7.26,14.14,9.84,7.33,0.01,TROUT
7.23,25.53,10.82,4.08,0.002,TILAPIA
7.72,27.58,15.15,6.69,0.017,SHRIMP
8.96,29.43,39.75,3.77,0.042,TILAPIA
8.15,31.57,30.06,6.58,0.005,TILAPIA
6.79,28.37,61.15,4.16,0.006,CATFISH
6.65,22.48,91.95,4.18,0.074,CATFISH
7.43,21.48,28.19,5.99,0.042,ROHU
7.5,28.06,28.41,4.51,0.047,ROHU
8.01,28.02,19.33,5.46,0.019,SHRIMP
7.53,27.31,22.11,4.85,0.025,ROHU
7.98,29.07,14.22,6.22,0.016,SHRIMP
7.92,26.88,48.48,4.76,0.048,TILAPIA
8.04,9.52,2.91,10.47,0.004,SALMON
8.26,28.35,86.1,4.02,0.007,CATFISH
7.99,23.73,37.58,5.12,0.002,CARP
7.88,11.98,2.57,8.68,0.002,SALMON
7.41,11.89,4.66,9.59,0.003,SALMON
7.66,25.3,63.26,3.21,0.01,CATFISH
8.25,31.71,21.04,5.96,0.022,TILAPIA
6.71,11.9,9.19,7.12,0.007,TROUT
7.06,21.28,26.39,4.3,0.035,CARP
7.78,27.28,32.97,6.68,0.046,TILAPIA
8.41,11.25,0.92,10.15,0.006,SALMON
8.11,11.59,0.6,9.31,0.006,SALMON
8.11,24.95,22.17,5.93,0.044,TILAPIA
7.63,29.41,18.38,6.45,0.022,ROHU
8.45,12.42,2.25,10.48,0.002,SALMON
7.29,23.5,44.89,5.6,0.021,ROHU
8.42,26.3,10.69,6.59,0.02,SHRIMP
6.26,24.66,78.6,4.42,0.067,CATFISH
8.01,28.73,78.35,4.8,0.044,CATFISH
8.32,29.94,75.43,4.61,0.084,CATFISH
7.52,13.61,8.26,9.15,0.009,TROUT
7.76,25.07,16.22,5.31,0.021,CARP
7.66,12.41,0.08,7.56,0.002,TROUT
7.14,11.97,0.74,9.3,0.009,SALMON
8.04,26.48,20.39,4.94,0.033,TILAPIA
7.74,27.68,36.04,5.25,0.039,ROHU
7.84,29.36,9.11,5.53,0.018,SHRIMP
7.9,25.21,25.69,7.15,0.006,ROHU
7.76,27.21,38.83,6.82,0.026,TILAPIA
8.29,24.58,35.75,5.1,0.032,CARP
7.65,28.22,15.08,3.24,0.011,TILAPIA
8.03,28.78,7.51,7.05,0.007,SHRIMP
7.02,8.08,2.25,9.13,0.009,SALMON
7.48,22.88,30.66,5.39,0.021,CARP
7.17,25.21,97.46,3.79,0.081,CATFISH
7.46,23.41,56.42,3.44,0.063,CATFISH
8.05,21.3,43.66,5.5,0.013,ROHU
6.64,10.79,2.6,8.6,0.001,TROUT
6.77,23.45,71.68,4.22,0.006,CATFISH
7.85,14.22,7.88,7.15,0.001,TROUT
7.11,26.32,12.94,7.74,0.017,CARP
8.17,28.31,32.82,2.58,0.053,CATFISH
7.61,27.32,9.34,7.13,0.01,SHRIMP
6.85,23.18,82.3,4.1,0.008,CATFISH
7.72,20.2,44.71,4.68,0.01,ROHU
8.23,12.29,3.3,9.84,0.005,SALMON
7.06,12.61,4.28,9.08,0.003,SALMON
6.51,15.43,4.89,8.13,0.003,TROUT
7.02,25.01,10.96,3.33,0.013,TILAPIA
8.19,24.4,15.69,5.11,0.004,CARP
7.77,27.09,15.85,6.64,0.002,SHRIMP
7.48,9.69,1.4,10.21,0.008,SALMON
7.62,30.6,17.67,5.42,0.001,SHRIMP
7.43,20.83,12.62,7.81,0.042,CARP
8.4,23.24,51.82,5.76,0.034,CATFISH
7.17,26.01,50.37,3.86,0.057,CATFISH
7.79,26.65,5.86,5.36,0.01,SHRIMP
7.81,29.8,19.18,7.24,0.003,SHRIMP
7.53,23.54,24.29,6.79,0.034,ROHU
7.22,23.18,37.57,4.49,0.038,CARP
8.36,10.15,1.13,10.19,0.007,SALMON
7.74,10.86,3.33,10.87,0.005,SALMON
8.21,21.33,18.93,7.29,0.005,ROHU
7.08,10.83,8.63,9.77,0.005,TROUT
7.22,22.43,74.28,5.79,0.04,CATFISH
8.03,31.44,39.56,5.89,0.015,TILAPIA
6.78,11.0,2.41,7.18,0.003,TROUT
7.44,27.92,18.74,4.87,0.024,CARP
7.62,29.25,5.34,6.11,0.003,SHRIMP
8.15,8.42,2.75,8.89,0.002,SALMON
7.89,15.33,4.32,7.07,0.007,TROUT
7.18,24.72,66.35,5.05,0.0,CATFISH
7.86,9.47,4.1,10.85,0.004,SALMON
7.52,8.66,2.95,8.95,0.008,SALMON
7.96,24.27,12.46,4.04,0.037,TILAPIA
7.27,25.97,32.76,4.63,0.022,ROHU
6.75,23.99,71.25,4.15,0.04,CATFISH
7.11,10.29,8.4,7.96,0.009,TROUT
8.32,28.76,34.83,5.46,0.045,CATFISH
8.4,26.9,40.65,6.33,0.046,ROHU
7.57,28.74,31.37,4.7,0.025,ROHU
8.44,14.11,2.42,10.88,0.002,SALMON
7.82,28.29,36.35,4.54,0.038,CATFISH
7.4,31.89,42.35,5.58,0.011,TILAPIA
7.42,13.36,0.11,8.34,0.007,SALMON
8.43,25.15,10.82,7.73,0.021,CARP
7.14,20.05,33.2,4.9,0.005,CARP
7.75,24.3,30.92,5.76,0.031,CATFISH
7.97,25.8,14.93,5.69,0.006,SHRIMP
6.53,11.6,0.29,8.63,0.009,SALMON
7.61,26.31,17.51,4.21,0.025,CARP
7.89,27.17,9.33,5.73,0.005,SHRIMP
8.16,9.39,3.6,9.51,0.009,SALMON
6.27,28.56,96.95,3.42,0.029,CATFISH
7.95,13.46,0.02,9.51,0.006,TROUT
6.56,10.04,4.64,10.8,0.003,SALMON
7.93,24.15,31.74,4.99,0.029,ROHU
6.59,11.12,2.91,9.93,0.01,TROUT
6.94,29.39,98.84,3.88,0.072,CATFISH
7.84,24.58,42.08,5.77,0.018,TILAPIA
8.39,23.6,12.11,7.72,0.007,CARP
7.91,25.6,21.4,3.94,0.032,TILAPIA
6.8,14.57,4.47,9.04,0.01,TROUT
7.12,26.45,39.87,5.5,0.009,TILAPIA
7.58,14.94,4.92,8.95,0.001,SALMON
7.12,24.67,24.66,7.01,0.01,CARP
7.91,13.48,6.15,7.84,0.005,TROUT
8.07,21.53,36.87,5.88,0.002,ROHU
7.42,13.05,3.23,7.19,0.004,TROUT
8.43,26.74,28.8,6.76,0.039,ROHU
6.84,8.51,2.79,8.29,0.007,SALMON
7.24,24.71,37.16,5.36,0.046,ROHU
7.79,29.17,35.79,2.75,0.071,CATFISH
6.58,14.95,2.93,9.81,0.008,TROUT
8.33,25.12,11.76,7.32,0.004,SHRIMP
7.99,29.58,17.99,6.06,0.009,SHRIMP
8.07,30.8,18.71,7.59,0.011,SHRIMP
6.53,23.32,56.07,3.71,0.041,CATFISH
6.84,23.99,76.33,4.8,0.004,CATFISH
6.96,13.06,4.98,8.8,0.006,TROUT
8.32,25.84,5.08,5.93,0.01,SHRIMP
8.28,28.14,20.02,6.03,0.044,TILAPIA
7.73,25.3,43.22,5.67,0.038,ROHU
7.46,16.13,3.35,7.23,0.008,TROUT
6.5,17.87,1.01,7.21,0.008,TROUT
7.71,28.48,31.89,6.24,0.022,ROHU
7.06,8.54,3.35,10.93,0.004,SALMON
7.76,27.12,13.86,7.73,0.016,SHRIMP
7.17,18.58,37.92,7.2,0.014,CARP
7.57,26.52,27.05,6.35,0.019,ROHU
8.3,29.2,18.83,6.48,0.016,SHRIMP
7.84,18.17,34.54,7.38,0.02,CARP
8.06,26.52,19.1,6.89,0.006,SHRIMP
8.2,12.9,4.84,9.29,0.009,SALMON
7.54,27.37,24.38,4.08,0.017,CARP
7.56,16.61,7.69,7.83,0.002,TROUT
7.44,21.11,23.97,4.99,0.0,CARP
6.89,23.64,44.19,4.6,0.016,CATFISH
7.75,19.79,11.4,6.98,0.006,CARP
7.03,27.78,48.88,4.08,0.01,TILAPIA
7.5,30.79,12.75,6.72,0.013,SHRIMP
8.06,25.37,30.37,4.89,0.081,CATFISH
8.16,23.1,67.99,4.89,0.008,CATFISH
7.28,15.16,1.78,7.79,0.001,TROUT
8.11,24.9,43.31,3.58,0.037,TILAPIA
7.05,29.87,84.58,5.33,0.001,CATFISH
7.93,27.38,5.75,7.68,0.003,SHRIMP
7.14,22.3,32.87,4.8,0.095,CATFISH
7.92,16.38,1.74,8.66,0.008,TROUT
8.27,27.05,33.16,7.34,0.012,ROHU
8.36,28.31,8.7,5.63,0.015,SHRIMP
7.0,14.68,5.19,7.8,0.004,TROUT
7.19,28.82,76.15,5.24,0.012,CATFISH
8.12,26.52,42.55,6.26,0.032,ROHU
7.69,29.52,9.5,6.27,0.0,SHRIMP
8.41,8.42,3.18,10.88,0.006,SALMON
7.39,22.89,45.04,5.48,0.051,CATFISH
8.39,27.92,15.75,7.19,0.011,SHRIMP
8.16,25.01,6.33,5.11,0.017,SHRIMP
7.05,23.6,85.31,4.53,0.036,CATFISH
7.71,29.71,75.0,3.41,0.052,CATFISH
7.78,26.74,11.79,7.48,0.008,SHRIMP
7.87,9.62,2.8,9.07,0.002,SALMON
6.84,24.98,28.18,6.06,0.048,TILAPIA
7.98,27.2,34.96,6.82,0.016,CARP
8.39,8.16,3.97,8.76,0.002,SALMON
6.33,24.6,46.63,2.71,0.027,CATFISH
7.83,26.12,35.34,4.93,0.023,CARP
8.45,27.46,92.83,5.46,0.058,CATFISH
6.94,25.03,84.67,2.97,0.031,CATFISH
7.86,10.04,0.08,10.82,0.004,SALMON
7.95,11.2,0.95,10.24,0.007,SALMON
7.15,26.99,37.98,5.04,0.025,CARP
7.4,28.48,42.88,5.27,0.046,ROHU
7.94,21.72,28.9,4.41,0.02,CARP
6.98,10.56,3.67,8.91,0.007,SALMON
6.55,23.78,93.44,5.23,0.004,CATFISH
7.17,26.53,31.55,4.64,0.015,ROHU
8.43,30.74,13.73,5.22,0.01,SHRIMP
7.06,20.62,32.89,7.65,0.038,CARP
7.29,24.61,37.51,4.99,0.047,CARP
7.89,31.73,14.01,5.16,0.007,TILAPIA
7.34,20.84,19.7,6.4,0.022,ROHU
7.72,25.51,38.33,3.47,0.04,TILAPIA
7.98,23.45,35.07,7.17,0.035,ROHU
7.98,27.07,13.67,7.19,0.014,SHRIMP
6.97,12.21,5.0,7.62,0.009,TROUT
8.04,9.07,4.57,8.4,0.009,SALMON
8.18,25.37,54.36,3.26,0.084,CATFISH
7.16,12.28,4.46,9.89,0.004,SALMON
7.16,28.25,63.71,5.74,0.08,CATFISH
7.4,21.7,23.23,7.4,0.045,ROHU
7.24,14.83,2.23,8.71,0.009,TROUT
7.88,26.79,39.96,2.76,0.06,CATFISH
7.78,25.08,25.24,6.59,0.011,ROHU
8.19,18.34,36.24,5.89,0.018,CARP
8.1,28.18,14.85,6.72,0.003,SHRIMP
8.16,27.09,18.79,5.53,0.006,SHRIMP
8.45,28.56,17.84,7.71,0.009,SHRIMP
6.75,12.51,0.76,9.96,0.001,SALMON
8.02,12.54,4.19,10.19,0.005,SALMON
8.15,23.5,54.32,4.17,0.03,CATFISH
6.9,30.36,39.67,6.6,0.019,TILAPIA
7.85,21.39,10.33,4.8,0.02,CARP
7.62,21.93,40.82,4.55,0.007,ROHU
7.72,14.9,1.31,8.8,0.001,SALMON
7.86,25.06,62.38,4.63,0.091,CATFISH
7.86,25.11,90.56,5.56,0.091,CATFISH
8.59,28.43,25.43,6.13,0.022,TILAPIA
7.23,10.18,9.07,7.86,0.0,TROUT
8.49,20.44,36.18,7.65,0.041,CARP
8.64,29.31,37.23,6.15,0.025,TILAPIA
7.98,28.6,14.78,5.21,0.0,SHRIMP
7.04,10.66,3.41,8.71,0.007,SALMON
7.35,16.79,2.88,7.73,0.003,TROUT
8.35,27.99,34.5,5.65,0.018,CARP
6.45,29.43,40.52,5.32,0.042,CATFISH
7.97,17.08,4.05,9.51,0.003,TROUT
7.16,27.73,10.15,6.63,0.043,CARP
7.87,22.18,16.92,7.18,0.029,ROHU
7.52,21.13,13.48,4.27,0.006,CARP
6.82,15.07,8.18,9.46,0.009,TROUT
8.13,27.64,25.31,6.77,0.049,TILAPIA
7.61,25.17,19.33,7.36,0.007,SHRIMP
7.77,24.8,10.72,7.11,0.011,CARP
7.38,31.64,23.71,6.77,0.036,TILAPIA
7.22,13.51,3.13,9.86,0.005,SALMON
6.89,10.87,6.62,7.75,0.005,TROUT
8.14,26.54,8.61,5.83,0.01,SHRIMP
7.22,28.19,40.58,2.96,0.089,CATFISH
7.2,16.96,6.67,7.56,0.003,TROUT
8.05,14.9,2.73,9.97,0.007,SALMON
7.32,18.63,15.7,5.41,0.026,CARP
7.18,28.01,36.12,4.3,0.014,CATFISH
8.47,28.18,7.49,7.81,0.02,SHRIMP
7.66,31.01,12.76,4.31,0.033,TILAPIA
8.27,28.97,9.32,6.76,0.018,SHRIMP
7.35,10.84,6.8,7.02,0.0,TROUT
6.58,29.16,96.5,2.69,0.062,CATFISH
7.4,26.47,61.67,5.74,0.075,CATFISH
7.45,24.7,11.51,5.53,0.002,CARP
7.19,19.81,16.11,4.97,0.013,CARP
7.52,10.16,4.54,9.66,0.008,SALMON
8.5,11.05,0.37,10.59,0.001,SALMON
7.63,24.76,13.63,6.49,0.039,CARP
7.77,22.61,22.57,6.99,0.019,ROHU
8.12,29.11,52.66,3.45,0.005,CATFISH
8.24,27.43,23.96,5.82,0.025,CARP
7.98,27.31,14.02,6.56,0.012,SHRIMP
7.78,13.8,1.5,9.91,0.001,SALMON
8.17,23.42,15.7,4.06,0.018,CARP
7.66,21.0,19.36,7.12,0.0,CARP
7.56,24.53,28.94,4.42,0.028,TILAPIA
8.44,14.17,2.32,10.83,0.008,SALMON
8.89,29.6,14.94,4.59,0.046,TILAPIA
7.17,11.08,3.96,9.99,0.009,SALMON
8.09,20.18,21.65,6.98,0.035,CARP
7.43,9.54,3.86,8.18,0.007,SALMON
7.14,17.41,9.23,8.12,0.004,TROUT
8.14,29.85,40.49,5.36,0.018,TILAPIA
8.26,29.76,55.04,2.89,0.022,CATFISH
7.13,10.09,0.52,9.01,0.009,TROUT
8.4,27.92,35.88,3.95,0.07,CATFISH
7.35,29.21,41.71,5.45,0.05,ROHU
7.07,26.55,46.32,5.94,0.049,TILAPIA
7.08,19.75,39.13,4.16,0.022,CARP
8.41,14.72,0.25,8.48,0.005,SALMON
8.21,28.48,18.32,7.73,0.014,SHRIMP
7.33,24.75,37.79,5.28,0.044,CARP
8.03,24.98,15.26,5.22,0.01,CARP
7.42,26.43,39.96,6.59,0.013,CARP
6.62,29.25,10.78,3.78,0.014,TILAPIA
7.75,28.8,41.99,4.03,0.025,CATFISH
8.76,28.22,24.85,5.34,0.012,TILAPIA
7.95,14.66,8.68,7.59,0.008,TROUT
7.64,10.91,2.58,8.7,0.002,SALMON
6.86,26.58,28.07,3.51,0.039,TILAPIA
6.65,13.0,2.5,9.98,0.007,TROUT
8.27,29.91,27.46,6.93,0.031,ROHU
8.32,29.55,32.39,6.82,0.026,TILAPIA
7.5,12.37,0.41,10.23,0.007,SALMON
8.3,28.38,41.02,5.39,0.021,ROHU
6.12,24.99,35.8,2.51,0.096,CATFISH
7.18,10.42,2.72,9.11,0.009,TROUT
7.54,10.19,4.6,10.36,0.006,SALMON
7.83,28.86,17.1,7.2,0.012,SHRIMP
7.48,25.09,20.88,3.17,0.004,TILAPIA
8.02,21.89,26.9,6.46,0.039,CARP
7.57,12.62,0.65,9.19,0.009,SALMON
7.8,25.96,6.05,6.72,0.002,SHRIMP
8.1,26.44,34.17,4.06,0.006,CARP
6.09,22.9,58.85,4.58,0.003,CATFISH
7.86,29.04,47.88,4.08,0.033,TILAPIA
8.41,27.51,29.08,5.59,0.01,TILAPIA
7.59,18.41,29.6,6.52,0.039,CARP
8.2,28.91,37.53,4.29,0.045,TILAPIA
8.41,27.89,35.42,7.94,0.032,CARP
7.31,12.46,3.15,8.68,0.006,TROUT
7.13,12.12,3.0,10.04,0.006,SALMON
8.56,28.92,43.22,6.24,0.047,TILAPIA
7.13,10.16,1.3,8.73,0.0,SALMON
7.99,24.86,33.68,3.93,0.016,TILAPIA
7.99,13.39,9.27,9.17,0.003,TROUT
7.86,14.36,1.04,9.49,0.001,TROUT
7.45,22.21,37.05,6.54,0.024,ROHU
7.46,24.83,70.4,5.95,0.007,CATFISH
6.96,17.77,9.63,9.28,0.005,TROUT
7.66,22.56,66.8,5.12,0.017,CATFISH
6.91,9.92,3.12,8.44,0.007,SALMON
7.65,30.14,19.1,6.69,0.012,SHRIMP
7.42,30.87,30.17,3.83,0.031,TILAPIA
7.16,14.03,6.34,7.82,0.006,TROUT
8.29,22.7,34.83,5.19,0.031,ROHU
8.11,19.68,30.68,7.08,0.038,CARP
7.93,29.96,83.91,3.73,0.061,CATFISH
8.11,26.05,34.67,5.19,0.014,CARP
7.11,28.64,29.27,6.09,0.019,TILAPIA
7.66,26.07,39.11,4.68,0.019,CARP
7.33,27.38,38.87,4.64,0.06,CATFISH
7.57,22.91,18.91,6.72,0.006,CARP
8.23,27.78,14.45,7.54,0.017,SHRIMP
7.92,14.16,3.91,9.35,0.007,TROUT
8.41,26.65,47.39,2.59,0.045,CATFISH
7.65,10.55,3.84,7.71,0.007,TROUT
6.64,13.05,4.24,9.71,0.009,TROUT
7.93,29.52,45.0,6.55,0.047,TILAPIA
7.22,25.48,34.44,7.51,0.046,CARP
8.14,24.08,32.91,4.89,0.048,TILAPIA
7.06,12.02,9.56,9.41,0.007,TROUT
6.59,29.1,39.08,2.68,0.058,CATFISH
7.13,10.26,4.5,10.05,0.004,SALMON
7.64,21.5,23.45,7.26,0.046,CARP
6.86,27.12,23.37,6.08,0.009,TILAPIA
7.88,27.68,11.28,7.27,0.019,SHRIMP
7.46,25.57,28.16,6.92,0.04,CARP
6.54,13.17,9.93,8.91,0.003,TROUT
8.01,29.15,10.73,7.68,0.004,SHRIMP
7.91,19.46,11.33,4.14,0.013,CARP
6.58,12.16,1.1,7.32,0.004,TROUT
6.73,26.37,48.93,6.91,0.013,TILAPIA
6.99,13.47,2.14,9.66,0.004,SALMON
6.29,26.56,95.28,2.98,0.07,CATFISH
7.98,30.75,5.43,5.27,0.005,SHRIMP
7.58,28.57,11.28,5.26,0.012,SHRIMP
7.11,27.53,34.6,6.88,0.047,ROHU
6.84,10.92,2.88,9.35,0.006,SALMON
8.22,29.78,15.0,5.14,0.007,SHRIMP
7.76,20.45,44.42,7.37,0.039,ROHU
7.56,26.5,10.64,5.55,0.011,SHRIMP
8.02,14.99,2.98,10.82,0.01,SALMON
7.84,9.49,2.38,8.24,0.0,SALMON
7.58,25.8,26.82,4.32,0.027,TILAPIA
6.77,13.43,1.74,8.1,0.007,SALMON
6.11,24.62,92.09,2.82,0.095,CATFISH
7.03,17.63,0.98,9.18,0.001,TROUT
7.17,21.28,34.91,5.01,0.012,CARP
7.5,31.96,10.75,5.78,0.046,TILAPIA
7.47,11.03,9.29,7.97,0.007,TROUT
7.52,11.55,0.59,9.17,0.009,SALMON
7.34,13.84,2.36,9.92,0.001,SALMON
7.33,20.86,21.55,7.66,0.018,CARP
8.12,9.83,4.57,9.81,0.005,SALMON
8.28,12.62,4.61,9.69,0.008,SALMON
8.36,24.24,98.67,3.94,0.004,CATFISH
7.51,22.89,33.03,7.49,0.003,ROHU
6.57,12.37,9.41,9.85,0.008,TROUT
7.18,9.18,4.53,8.81,0.004,SALMON
7.38,22.1,34.73,7.03,0.007,CARP
6.58,29.92,49.48,5.24,0.031,CATFISH
6.78,10.36,6.42,7.49,0.002,TROUT
6.63,26.03,57.01,2.76,0.054,CATFISH
7.29,26.33,30.05,6.5,0.049,ROHU
7.28,14.15,3.25,7.97,0.006,TROUT
7.08,20.79,37.84,6.15,0.029,CARP
7.12,18.9,15.0,4.08,0.013,CARP
7.44,27.86,11.35,3.99,0.013,TILAPIA
7.22,23.04,21.98,5.3,0.041,CARP
7.71,29.64,17.24,6.5,0.014,SHRIMP
8.74,31.54,39.07,4.39,0.024,TILAPIA
8.16,12.61,1.83,9.25,0.001,SALMON
7.44,27.63,18.69,4.82,0.029,ROHU
7.71,10.48,4.12,9.07,0.004,TROUT
7.93,27.09,10.28,6.4,0.019,SHRIMP
7.78,28.59,15.85,6.02,0.019,TILAPIA
8.1,29.52,41.59,7.07,0.02,ROHU
7.21,9.06,1.7,8.09,0.005,SALMON
7.4,22.76,18.66,7.07,0.043,CARP
7.88,24.58,47.73,3.06,0.049,CATFISH
7.36,9.94,1.54,8.41,0.008,SALMON
7.24,13.52,7.61,7.19,0.004,TROUT
7.57,10.31,1.16,9.71,0.008,TROUT
7.15,9.44,4.11,9.26,0.004,SALMON
6.57,29.21,47.79,4.43,0.047,TILAPIA
7.44,21.73,38.01,6.25,0.038,ROHU
7.96,26.58,18.61,5.64,0.006,SHRIMP
8.67,29.98,23.81,6.06,0.031,TILAPIA
8.07,26.06,7.31,5.35,0.017,SHRIMP
7.23,16.78,2.14,7.52,0.009,TROUT
7.53,13.79,4.31,8.93,0.005,TROUT
8.18,29.78,5.71,7.96,0.014,SHRIMP
6.24,26.15,75.27,5.42,0.096,CATFISH
7.65,25.49,38.33,5.85,0.027,CATFISH
7.26,15.07,8.87,7.5,0.001,TROUT
7.09,23.33,70.91,2.56,0.02,CATFISH
8.34,20.08,28.62,5.71,0.045,ROHU
7.85,14.56,2.23,8.82,0.001,SALMON
8.34,26.1,18.18,6.58,0.003,SHRIMP
8.21,25.27,78.11,5.5,0.037,CATFISH
6.92,17.43,2.38,7.76,0.004,TROUT
7.85,26.49,11.28,5.49,0.006,SHRIMP
8.29,29.49,8.49,5.98,0.014,SHRIMP
7.02,29.63,45.22,3.3,0.022,TILAPIA
7.43,27.55,30.13,5.43,0.006,CATFISH
7.56,25.45,13.41,6.08,0.002,SHRIMP
8.01,26.81,12.83,6.16,0.015,CARP
7.44,9.63,3.7,10.07,0.001,SALMON
7.57,13.98,4.56,9.19,0.008,SALMON
7.69,28.56,17.9,6.48,0.048,TILAPIA
7.07,10.62,8.14,8.22,0.005,TROUT
7.09,25.25,19.4,3.91,0.048,TILAPIA
8.48,10.06,0.03,10.3,0.002,SALMON
7.29,20.43,30.25,5.63,0.026,CARP
8.31,11.81,3.52,10.29,0.007,SALMON
8.78,30.83,15.2,6.72,0.001,TILAPIA
8.15,22.14,30.98,4.79,0.031,ROHU
8.45,25.41,30.32,4.54,0.009,ROHU
7.75,31.93,12.76,5.79,0.018,TILAPIA
7.87,29.17,11.56,7.96,0.0,SHRIMP
8.16,11.02,2.86,10.92,0.008,SALMON
7.25,13.28,0.43,7.07,0.01,TROUT
8.45,29.99,6.59,7.98,0.012,SHRIMP
7.69,14.65,4.81,9.56,0.004,TROUT
6.52,17.2,9.47,7.11,0.003,TROUT
8.23,11.37,0.26,10.71,0.005,SALMON
7.48,25.09,31.73,6.24,0.019,ROHU
8.2,30.7,9.19,5.53,0.008,SHRIMP
7.92,25.44,22.06,4.36,0.001,CARP
7.69,22.36,26.4,6.95,0.014,CARP
6.96,29.87,77.56,3.75,0.021,CATFISH
7.82,30.95,43.6,4.25,0.008,TILAPIA
6.93,17.61,2.66,7.54,0.009,TROUT
7.7,10.78,7.98,7.64,0.007,TROUT
7.0,28.59,26.31,6.4,0.021,TILAPIA
6.56,15.18,1.05,8.14,0.0,TROUT
7.87,8.68,4.11,10.96,0.004,SALMON
8.21,25.55,5.42,7.91,0.009,SHRIMP
7.57,20.19,17.19,7.2,0.003,CARP
8.36,23.9,32.39,5.73,0.022,CARP
8.18,26.01,35.93,5.8,0.046,ROHU
8.79,27.77,15.01,6.62,0.023,TILAPIA
8.08,20.89,21.68,7.68,0.028,CARP
6.94,25.77,13.35,4.81,0.044,TILAPIA
6.29,23.69,36.81,3.46,0.1,CATFISH
7.79,25.78,6.59,6.29,0.006,SHRIMP
7.77,26.81,11.29,6.03,0.003,CARP
7.6,14.46,7.42,7.0,0.001,TROUT
8.28,23.43,43.75,5.4,0.045,ROHU
6.88,15.63,4.75,8.84,0.001,TROUT
7.37,26.7,38.94,6.12,0.017,ROHU
7.19,25.0,25.84,5.13,0.009,CARP
6.01,24.08,36.1,5.95,0.076,CATFISH
7.52,24.9,19.28,4.86,0.043,ROHU
7.98,25.97,34.15,5.19,0.019,ROHU
7.22,31.13,23.78,3.7,0.025,TILAPIA
6.77,14.91,8.48,9.3,0.009,TROUT
7.7,27.17,40.94,5.61,0.059,CATFISH
7.33,9.39,4.72,9.16,0.007,SALMON
8.11,28.57,88.54,4.84,0.04,CATFISH
7.19,24.06,95.95,5.27,0.078,CATFISH
8.17,21.39,18.99,5.09,0.029,ROHU
7.88,24.55,39.06,7.01,0.009,CARP
8.02,19.76,37.98,4.31,0.031,CARP
8.82,28.84,27.04,5.05,0.041,TILAPIA
8.05,24.65,32.88,4.76,0.04,CARP
8.07,12.79,0.33,8.12,0.001,SALMON
7.3,17.54,6.95,7.88,0.002,TROUT
7.36,29.31,22.79,7.11,0.032,ROHU
8.6,27.95,44.13,5.2,0.049,TILAPIA
7.74,25.0,35.22,4.84,0.05,ROHU
8.12,30.23,11.05,5.17,0.013,SHRIMP
7.7,13.52,0.24,9.4,0.009,SALMON
6.72,10.25,4.02,8.3,0.005,SALMON
8.9,29.56,25.96,4.12,0.012,TILAPIA
7.55,19.29,38.0,6.34,0.049,CARP
7.64,11.68,7.92,7.97,0.01,TROUT
7.17,29.46,13.05,4.82,0.017,TILAPIA
7.79,26.77,5.69,5.74,0.008,SHRIMP
8.38,26.43,54.13,2.66,0.017,CATFISH
8.01,29.55,17.52,6.19,0.002,SHRIMP
6.56,11.35,1.79,8.34,0.0,TROUT
8.36,8.08,1.82,10.28,0.002,SALMON
6.71,9.0,2.02,10.11,0.007,SALMON
7.61,11.94,1.04,7.53,0.009,TROUT
7.71,25.52,10.47,7.47,0.017,SHRIMP
7.8,13.57,8.98,7.27,0.002,TROUT
7.27,10.41,5.97,8.0,0.002,TROUT
6.55,8.38,2.97,8.84,0.001,SALMON
6.75,14.02,3.46,8.62,0.007,SALMON
7.43,26.07,66.47,4.44,0.095,CATFISH
7.51,15.67,7.61,9.68,0.007,TROUT
8.3,25.59,9.13,6.12,0.002,SHRIMP
6.63,23.47,61.4,5.99,0.009,CATFISH
7.98,22.45,39.12,7.87,0.045,CARP
6.92,28.82,81.04,4.97,0.028,CATFISH
7.41,25.66,12.87,5.03,0.043,CARP
7.16,26.74,32.84,4.11,0.056,CATFISH
7.98,28.81,15.69,5.61,0.047,ROHU
6.22,23.6,83.28,2.54,0.097,CATFISH
7.85,14.13,5.65,7.25,0.004,TROUT
7.85,22.57,24.86,6.33,0.045,ROHU
6.58,24.67,89.3,3.01,0.063,CATFISH
7.7,8.73,4.27,8.12,0.002,SALMON
6.94,8.71,2.56,10.17,0.004,SALMON
7.43,10.63,7.48,8.57,0.002,TROUT
8.37,30.34,9.83,6.94,0.018,SHRIMP
8.63,30.77,17.01,3.25,0.036,TILAPIA
7.94,19.52,28.37,5.19,0.019,CARP
7.8,30.44,29.95,4.19,0.044,TILAPIA
8.39,27.77,22.99,7.2,0.044,CARP
6.9,17.07,3.89,7.84,0.003,TROUT
7.49,12.83,1.43,8.66,0.006,TROUT
7.33,11.2,3.89,8.76,0.003,SALMON
7.45,17.33,8.11,8.91,0.007,TROUT
7.87,28.38,12.58,6.96,0.006,SHRIMP
7.45,22.32,29.87,4.6,0.001,CARP
6.98,13.36,9.31,9.12,0.003,TROUT
7.3,24.72,28.93,7.02,0.039,ROHU
7.16,27.66,41.52,6.42,0.021,TILAPIA
8.15,8.56,1.87,9.93,0.008,SALMON
6.53,31.9,29.62,6.14,0.041,TILAPIA
6.6,26.47,45.4,4.05,0.043,CATFISH
6.8,26.77,17.44,5.83,0.044,TILAPIA
8.37,23.65,36.37,7.78,0.043,CARP
7.39,25.84,20.57,4.03,0.025,TILAPIA
8.21,26.44,38.74,5.16,0.033,CARP
6.81,9.17,3.98,10.11,0.005,SALMON
7.69,26.36,41.38,6.17,0.014,ROHU
7.37,27.71,11.25,4.7,0.038,CARP
7.27,29.35,33.24,4.76,0.045,TILAPIA
8.42,28.08,11.01,5.65,0.003,SHRIMP
6.69,13.15,4.09,8.99,0.003,TROUT
7.02,30.31,43.99,3.77,0.04,TILAPIA
6.69,30.72,45.4,3.66,0.015,TILAPIA
6.54,14.58,4.74,9.07,0.0,SALMON
8.28,10.75,0.68,9.76,0.002,SALMON
7.77,18.89,26.74,5.77,0.013,CARP
7.57,25.0,33.72,4.71,0.006,CARP
7.2,18.93,35.28,7.21,0.034,CARP
6.06,25.08,30.41,2.63,0.048,CATFISH
7.24,24.44,21.0,7.01,0.013,ROHU
7.2,9.57,1.56,8.0,0.003,SALMON
7.83,24.28,23.27,6.88,0.006,ROHU
8.08,12.87,1.19,8.08,0.008,SALMON
7.97,10.5,0.19,10.63,0.009,SALMON
6.54,14.99,5.58,8.39,0.002,TROUT
7.27,10.06,3.8,7.02,0.002,TROUT
7.9,11.2,6.01,8.04,0.006,TROUT
7.61,27.31,19.9,4.87,0.042,ROHU
8.38,8.11,3.79,8.22,0.001,SALMON
6.52,15.3,3.23,8.41,0.005,TROUT
7.8,12.0,7.4,7.92,0.005,TROUT
7.12,29.56,29.68,4.96,0.028,ROHU
7.54,12.61,4.64,8.35,0.003,TROUT
7.14,18.97,38.37,7.74,0.037,CARP
7.77,27.21,18.66,6.53,0.004,ROHU
7.21,14.03,2.29,8.95,0.009,TROUT
8.33,22.36,84.25,2.96,0.079,CATFISH
7.13,10.73,8.66,9.87,0.005,TROUT
8.0,24.52,22.57,4.62,0.044,ROHU
7.38,26.44,55.88,3.59,0.037,CATFISH
8.19,14.99,4.5,10.33,0.007,SALMON
6.86,22.05,86.17,5.89,0.098,CATFISH
7.84,29.7,9.11,7.83,0.014,SHRIMP
7.91,25.29,11.53,5.1,0.018,CARP
6.68,16.61,9.46,7.92,0.0,TROUT
7.43,22.63,14.36,6.84,0.018,CARP
7.65,29.56,10.42,6.99,0.001,SHRIMP
6.99,13.56,0.85,9.25,0.001,TROUT
7.08,29.34,21.35,5.96,0.004,ROHU
7.42,23.08,18.01,4.41,0.04,CARP
8.13,28.43,15.42,5.43,0.019,SHRIMP
8.16,28.64,14.55,7.64,0.006,SHRIMP
6.54,22.46,86.82,3.58,0.034,CATFISH
7.71,27.91,34.72,6.54,0.009,TILAPIA
8.0,28.64,7.44,5.48,0.009,SHRIMP
7.97,9.84,3.62,10.5,0.003,SALMON
7.72,29.77,16.27,7.65,0.012,SHRIMP
6.5,30.99,13.15,5.62,0.008,TILAPIA
8.09,13.76,2.28,9.4,0.008,SALMON
8.24,29.92,5.62,6.13,0.011,SHRIMP
7.66,12.85,4.83,9.17,0.006,SALMON
7.91,28.3,6.81,6.69,0.014,SHRIMP
7.76,26.84,36.06,7.0,0.035,CARP
7.55,25.13,38.8,7.67,0.049,CARP
8.34,25.54,26.94,6.39,0.016,CARP
7.51,14.85,4.47,8.17,0.008,TROUT
7.72,8.7,2.36,8.39,0.001,SALMON
7.33,28.31,34.71,5.16,0.003,ROHU
6.94,14.22,0.65,9.85,0.007,SALMON
8.17,26.82,17.92,6.35,0.049,ROHU
8.07,30.68,18.45,5.71,0.005,SHRIMP
6.93,14.65,3.14,8.17,0.001,SALMON
7.45,13.83,1.64,8.93,0.009,SALMON
7.41,23.83,20.02,5.26,0.009,ROHU
6.84,27.82,34.36,5.77,0.027,TILAPIA
8.12,18.51,12.66,6.25,0.019,CARP
7.39,22.25,77.86,3.21,0.031,CATFISH
7.48,21.5,31.45,7.2,0.034,ROHU
8.45,21.18,13.72,7.75,0.02,CARP
8.98,30.97,26.57,6.03,0.024,TILAPIA
7.96,24.92,30.41,6.31,0.044,ROHU
7.93,14.62,4.08,7.73,0.002,TROUT
7.87,27.09,22.38,4.82,0.011,ROHU
7.38,29.84,37.38,3.21,0.012,TILAPIA
7.42,11.83,1.56,8.5,0.008,SALMON
7.89,16.37,8.84,8.32,0.008,TROUT
7.58,26.19,16.8,7.4,0.02,SHRIMP
8.28,30.66,11.3,7.35,0.004,SHRIMP
7.41,23.29,25.53,7.07,0.029,ROHU
7.94,27.06,17.68,7.36,0.031,ROHU
6.86,27.73,72.68,2.74,0.076,CATFISH
8.18,25.97,31.9,5.94,0.004,CARP
7.85,24.69,11.07,4.45,0.04,TILAPIA
8.94,25.59,41.41,5.7,0.049,TILAPIA
6.95,10.89,6.82,7.65,0.005,TROUT
7.44,14.5,6.41,9.14,0.007,TROUT
7.87,12.64,4.32,7.23,0.01,TROUT
8.16,23.39,11.84,4.01,0.047,CARP
6.75,24.2,15.46,4.29,0.012,TILAPIA
7.21,27.53,40.36,5.96,0.048,ROHU
7.97,23.26,37.86,5.86,0.001,ROHU
6.9,13.92,1.55,10.2,0.01,SALMON
8.16,8.35,3.04,10.51,0.004,SALMON
6.51,22.88,90.19,3.32,0.002,CATFISH
6.71,26.95,80.78,3.23,0.096,CATFISH
7.44,13.52,3.23,8.09,0.009,SALMON
8.44,30.59,12.93,5.81,0.02,TILAPIA
7.22,20.21,26.52,6.73,0.016,CARP
7.24,27.01,43.71,4.78,0.005,CATFISH
7.72,27.7,31.27,7.35,0.003,ROHU
7.27,17.49,8.83,8.78,0.007,TROUT
7.81,31.97,24.57,3.63,0.025,TILAPIA
8.31,26.31,12.11,7.31,0.014,SHRIMP
8.32,30.7,10.6,5.34,0.016,SHRIMP
7.48,16.81,1.29,9.27,0.006,TROUT
7.53,17.1,5.67,8.72,0.006,TROUT
7.81,29.84,14.73,5.93,0.007,SHRIMP
7.24,29.19,26.02,7.39,0.02,ROHU
7.83,16.36,7.86,7.27,0.009,TROUT
7.5,9.92,1.5,8.25,0.009,SALMON
7.95,28.99,23.4,6.88,0.04,ROHU
7.89,15.09,4.21,8.27,0.006,TROUT
7.74,12.57,0.14,8.27,0.007,SALMON
6.86,10.71,2.76,8.55,0.003,SALMON
7.72,26.03,31.89,6.79,0.016,ROHU
8.44,27.32,24.93,6.33,0.027,ROHU
7.73,24.87,36.81,5.96,0.025,TILAPIA
7.13,29.94,33.98,5.91,0.016,ROHU
8.17,19.39,17.58,4.49,0.021,CARP
7.3,25.07,34.6,6.88,0.032,CARP
6.91,13.07,2.5,7.41,0.004,TROUT
7.99,14.89,0.97,9.5,0.008,SALMON
8.02,18.89,24.64,7.59,0.023,CARP
7.7,27.58,8.56,6.18,0.007,SHRIMP
6.68,14.18,3.46,9.87,0.006,SALMON
8.0,9.27,4.67,9.19,0.006,SALMON
7.09,31.29,36.7,4.47,0.021,TILAPIA
6.42,26.65,61.84,4.33,0.09,CATFISH
8.24,25.24,11.47,6.89,0.001,SHRIMP
7.43,23.0,32.66,5.28,0.004,ROHU
6.62,13.22,8.88,9.57,0.006,TROUT
7.53,17.38,8.55,8.44,0.003,TROUT
7.56,26.68,71.89,3.16,0.079,CATFISH
8.1,21.41,37.03,7.16,0.021,CARP
8.2,23.01,81.45,5.71,0.042,CATFISH
6.73,10.17,3.9,9.03,0.003,TROUT
6.64,12.64,6.27,8.44,0.007,TROUT
7.13,24.76,44.44,5.86,0.047,ROHU
7.1,9.29,1.56,9.27,0.001,SALMON
7.17,23.45,53.81,2.86,0.043,CATFISH
7.15,27.26,12.6,6.48,0.012,CARP
7.42,28.92,32.75,3.24,0.003,TILAPIA
8.26,30.71,11.42,7.27,0.015,SHRIMP
7.93,25.29,15.7,6.45,0.018,SHRIMP
8.18,28.67,90.44,2.95,0.024,CATFISH
7.97,11.89,3.67,7.82,0.0,TROUT
7.68,25.74,11.73,5.16,0.006,TILAPIA
7.68,26.11,37.25,7.85,0.005,CARP
7.79,26.47,19.92,5.45,0.002,SHRIMP
7.16,25.83,23.19,4.01,0.021,CARP
7.57,25.91,19.9,7.61,0.003,SHRIMP
7.25,27.12,23.32,6.37,0.016,ROHU
7.01,13.29,7.32,9.65,0.005,TROUT
6.54,29.84,20.92,6.46,0.041,TILAPIA
8.48,25.64,30.72,6.24,0.044,ROHU
6.88,9.93,0.54,10.97,0.009,SALMON
7.67,19.59,36.89,7.56,0.012,CARP
6.99,26.81,54.7,4.95,0.088,CATFISH
6.49,24.71,67.33,5.72,0.063,CATFISH
8.37,14.35,0.78,10.47,0.007,SALMON
7.63,24.04,24.04,3.51,0.049,TILAPIA
6.74,10.07,1.3,10.18,0.007,SALMON
8.0,27.3,12.83,6.81,0.017,SHRIMP
8.05,21.72,37.55,6.68,0.05,ROHU
6.44,27.99,35.7,4.23,0.037,CATFISH
7.92,22.89,88.12,3.39,0.056,CATFISH
8.48,29.03,9.63,5.71,0.013,SHRIMP
8.0,27.85,21.93,6.2,0.027,CARP
7.5,17.54,8.03,8.26,0.008,TROUT
7.64,26.5,30.5,5.63,0.028,ROHU
7.96,24.78,19.86,4.81,0.026,ROHU
6.73,24.63,68.31,5.67,0.084,CATFISH
7.78,24.59,39.63,4.13,0.023,CARP
7.84,26.66,33.44,5.21,0.047,CARP
7.49,29.34,24.98,6.33,0.036,ROHU
6.81,27.27,18.48,6.57,0.044,TILAPIA
8.19,28.46,47.43,5.41,0.032,TILAPIA
7.79,28.27,6.78,6.04,0.001,SHRIMP
7.92,22.08,16.22,4.92,0.014,ROHU
8.14,28.0,6.47,7.46,0.013,SHRIMP
8.49,24.05,81.74,3.96,0.014,CATFISH
7.23,11.93,4.89,7.57,0.006,TROUT
7.77,24.13,20.94,5.88,0.035,ROHU
8.08,9.13,1.36,8.24,0.001,SALMON
7.99,16.23,0.27,8.45,0.004,TROUT
7.42,26.88,22.09,5.02,0.003,ROHU
8.34,25.35,13.13,6.95,0.012,SHRIMP
7.06,24.6,90.64,4.2,0.072,CATFISH
7.71,11.41,2.79,9.29,0.005,TROUT
7.8,30.17,17.46,6.15,0.008,SHRIMP
7.57,27.28,43.28,2.89,0.002,CATFISH
8.08,21.82,17.68,6.95,0.045,ROHU
7.72,28.07,33.21,5.63,0.033,TILAPIA
7.77,8.07,3.55,10.29,0.008,SALMON
7.74,25.47,12.59,6.61,0.007,SHRIMP
6.86,9.62,0.08,8.03,0.003,SALMON
8.33,22.71,17.29,4.89,0.04,CARP
8.49,29.32,5.77,7.58,0.011,SHRIMP
7.85,27.9,17.49,6.57,0.012,SHRIMP
8.19,30.87,37.62,3.41,0.032,TILAPIA
7.93,22.33,41.31,4.71,0.03,ROHU
7.41,23.21,49.56,5.47,0.089,CATFISH
8.86,26.76,31.24,6.73,0.004,TILAPIA
7.49,11.61,0.86,7.69,0.003,TROUT
7.14,27.46,27.25,3.14,0.023,TILAPIA
7.13,17.89,6.54,8.32,0.001,TROUT
7.44,25.98,31.34,2.8,0.036,CATFISH
7.42,11.23,4.87,9.29,0.006,TROUT
7.81,24.1,32.2,4.96,0.006,ROHU
7.11,22.92,42.81,7.13,0.042,ROHU
8.08,26.97,30.43,5.34,0.04,ROHU
8.23,30.13,14.31,7.56,0.005,SHRIMP
8.4,28.2,67.45,4.79,0.028,CATFISH
7.25,24.57,17.22,4.64,0.033,CARP
8.02,27.31,9.51,6.54,0.006,SHRIMP
8.24,28.76,16.22,7.14,0.016,SHRIMP
6.8,8.49,4.16,8.37,0.0,SALMON
8.5,26.3,11.33,5.38,0.004,SHRIMP
7.9,24.73,40.8,5.12,0.057,CATFISH
6.69,17.37,7.12,8.01,0.001,TROUT
7.9,11.92,3.44,9.62,0.006,SALMON
7.68,27.71,15.66,5.2,0.007,SHRIMP
8.35,12.14,1.64,8.62,0.003,SALMON
6.78,11.69,0.87,10.67,0.008,SALMON
7.45,22.22,20.57,5.32,0.031,ROHU
6.21,24.52,30.38,3.61,0.034,CATFISH
6.58,16.15,8.72,9.89,0.007,TROUT
8.24,30.84,42.28,4.75,0.033,TILAPIA
7.28,23.08,10.9,5.13,0.03,CARP
8.36,29.81,44.34,6.26,0.028,ROHU
8.43,22.05,37.53,5.46,0.036,ROHU
8.4,23.87,23.95,4.9,0.015,ROHU
6.96,13.67,1.43,9.76,0.01,TROUT
8.41,27.33,89.87,4.34,0.024,CATFISH
7.1,28.52,34.49,5.35,0.014,ROHU
8.14,21.31,16.76,7.11,0.007,CARP
6.06,25.46,94.37,4.5,0.023,CATFISH
7.87,18.24,36.07,5.4,0.021,CARP
8.21,19.46,36.48,6.09,0.037,CARP
7.97,27.15,11.16,5.94,0.002,SHRIMP
7.67,26.51,18.36,6.83,0.019,SHRIMP
7.5,29.76,33.12,5.11,0.029,TILAPIA
7.19,17.8,8.24,8.32,0.005,TROUT
6.57,8.08,0.62,8.22,0.004,SALMON
8.03,25.75,13.06,5.99,0.0,SHRIMP
7.95,25.09,93.74,3.15,0.081,CATFISH
6.94,14.73,0.08,8.5,0.005,SALMON
7.09,27.97,14.31,3.4,0.045,TILAPIA
8.4,30.54,9.22,6.66,0.01,SHRIMP
7.85,25.58,15.49,6.46,0.039,ROHU
7.91,28.21,19.41,5.79,0.011,SHRIMP
6.69,13.38,0.14,8.87,0.001,SALMON
7.76,22.05,37.51,6.75,0.026,ROHU
8.03,20.41,14.29,6.52,0.045,CARP
7.95,26.51,21.19,5.15,0.046,ROHU
8.49,20.76,18.31,6.8,0.002,CARP
7.85,27.55,11.39,7.81,0.001,SHRIMP
6.7,17.21,7.05,7.5,0.002,TROUT
7.23,14.43,2.5,10.18,0.003,SALMON
8.08,30.01,19.85,7.54,0.011,SHRIMP
8.85,31.45,38.73,4.11,0.034,TILAPIA
8.03,9.07,0.83,9.06,0.003,SALMON
6.97,25.83,65.87,4.92,0.075,CATFISH
8.35,25.44,17.15,5.52,0.014,SHRIMP
7.47,13.67,4.19,8.69,0.007,TROUT
7.23,11.17,2.97,8.16,0.003,TROUT
7.0,26.46,22.99,6.97,0.043,TILAPIA
8.33,27.49,99.75,3.67,0.083,CATFISH
7.79,29.87,32.75,5.63,0.014,ROHU
8.07,25.12,25.92,6.01,0.009,CARP
6.73,27.66,13.35,4.57,0.016,TILAPIA
6.79,10.79,0.66,9.4,0.008,SALMON
8.19,30.24,15.04,5.36,0.01,SHRIMP
7.55,28.71,91.17,4.91,0.02,CATFISH
7.63,27.95,16.93,5.51,0.04,TILAPIA
7.38,14.62,4.31,10.59,0.004,SALMON
8.16,24.22,38.56,7.89,0.014,CARP
7.26,31.18,48.73,4.64,0.004,TILAPIA
7.23,23.13,36.45,6.51,0.011,CARP
8.26,27.83,9.16,5.93,0.007,SHRIMP
8.44,25.91,19.14,5.64,0.011,SHRIMP
8.32,27.06,17.2,7.18,0.024,ROHU
7.26,14.38,9.03,9.76,0.006,TROUT
8.27,30.58,6.08,5.05,0.016,SHRIMP
7.07,25.66,40.25,5.24,0.038,ROHU
6.83,29.71,50.99,5.49,0.021,CATFISH
7.83,26.71,7.44,6.06,0.009,SHRIMP
6.27,22.08,90.96,4.55,0.042,CATFISH
8.23,10.47,2.53,9.12,0.004,SALMON
7.94,15.24,3.39,7.99,0.005,TROUT
8.18,27.25,19.52,7.88,0.002,SHRIMP
7.64,24.36,34.18,6.95,0.002,CARP
7.07,9.17,4.64,10.74,0.002,SALMON
7.73,11.48,0.31,7.49,0.005,TROUT
8.11,29.05,42.27,6.31,0.035,ROHU
7.58,28.23,9.0,7.05,0.003,SHRIMP
6.5,29.09,95.38,3.07,0.003,CATFISH
8.31,28.38,12.55,5.28,0.015,SHRIMP
8.29,27.44,16.63,7.07,0.01,SHRIMP
7.83,29.69,83.27,3.54,0.055,CATFISH
8.4,9.44,1.74,9.55,0.001,SALMON
7.64,25.16,12.78,6.74,0.001,SHRIMP
6.71,13.76,1.9,8.74,0.01,SALMON
7.81,27.87,18.38,7.42,0.016,SHRIMP
7.49,13.34,0.38,8.49,0.006,SALMON
7.32,11.68,3.98,8.8,0.009,SALMON
6.62,26.36,35.77,6.05,0.029,TILAPIA
7.29,13.6,1.12,9.22,0.001,TROUT
7.83,11.18,1.28,9.08,0.003,TROUT
7.48,22.99,25.1,5.47,0.025,CARP
8.05,27.13,11.51,5.99,0.009,SHRIMP
7.91,26.77,14.23,7.31,0.009,SHRIMP
8.11,12.65,1.01,9.34,0.007,SALMON
7.81,29.38,12.75,6.38,0.001,SHRIMP
8.36,21.44,37.22,5.12,0.03,CARP
8.35,30.61,9.03,6.82,0.014,SHRIMP
7.41,30.24,13.05,5.5,0.025,TILAPIA
8.18,26.78,36.44,6.46,0.031,TILAPIA
6.7,13.28,5.37,7.16,0.0,TROUT
8.22,11.99,0.19,9.91,0.005,SALMON
7.01,26.77,29.16,4.39,0.001,TILAPIA
7.54,29.85,18.62,6.94,0.037,TILAPIA
6.77,27.81,47.82,4.08,0.007,TILAPIA
7.93,31.64,34.91,4.42,0.002,TILAPIA
6.57,11.23,1.33,7.26,0.003,TROUT
7.82,21.27,22.16,7.77,0.008,CARP
8.07,26.36,61.29,3.8,0.017,CATFISH
7.78,16.28,1.57,7.74,0.007,TROUT
7.56,22.3,41.07,5.1,0.035,ROHU
7.02,26.9,57.02,3.41,0.08,CATFISH
6.32,26.27,51.58,5.13,0.08,CATFISH
6.04,27.56,50.93,4.8,0.071,CATFISH
8.49,14.46,0.01,9.65,0.009,SALMON
7.41,10.41,2.5,9.94,0.008,SALMON
7.11,13.69,4.88,8.63,0.008,TROUT
6.79,30.29,32.34,3.92,0.007,TILAPIA
7.1,29.78,34.27,5.86,0.038,ROHU
6.96,14.86,8.03,7.4,0.007,TROUT
6.95,11.0,6.3,8.72,0.008,TROUT
7.63,20.77,37.65,4.74,0.042,ROHU
7.25,27.87,18.29,4.33,0.026,TILAPIA
7.26,14.91,0.81,10.49,0.007,SALMON
8.2,31.24,21.97,6.32,0.045,TILAPIA
7.59,24.14,21.37,6.83,0.04,CARP
6.79,31.21,16.2,4.22,0.04,TILAPIA
7.5,23.71,18.0,4.5,0.029,ROHU
7.22,14.59,3.43,8.23,0.001,SALMON
7.38,20.27,36.84,4.72,0.044,CARP
8.07,18.82,20.58,5.01,0.038,CARP
7.05,25.57,21.24,5.21,0.008,ROHU
6.93,23.71,37.43,4.54,0.095,CATFISH
7.53,27.77,13.56,5.74,0.015,SHRIMP
7.87,26.63,90.85,4.41,0.019,CATFISH
7.25,20.22,17.84,6.26,0.016,CARP
8.17,30.88,12.98,7.06,0.007,SHRIMP
7.89,22.52,37.84,5.99,0.002,ROHU
7.96,29.59,12.53,6.39,0.005,SHRIMP
6.82,30.46,35.72,4.2,0.026,TILAPIA
7.0,24.71,29.68,4.33,0.039,CARP
8.61,28.58,21.88,3.49,0.001,TILAPIA
7.72,27.1,29.27,5.14,0.023,CARP
7.22,17.7,10.0,9.4,0.003,TROUT
7.38,27.87,20.06,6.83,0.048,CARP
8.05,23.06,34.95,6.96,0.038,CARP
8.36,21.66,23.63,6.27,0.024,ROHU
6.92,29.64,96.6,4.46,0.064,CATFISH
8.11,23.79,97.61,5.67,0.019,CATFISH
7.78,17.86,6.68,9.23,0.003,TROUT
8.39,20.75,31.52,6.22,0.038,ROHU
6.65,13.82,0.75,8.89,0.006,TROUT
8.02,29.38,42.76,5.03,0.006,TILAPIA
7.88,28.41,40.6,4.82,0.086,CATFISH
6.73,11.37,1.03,10.95,0.002,SALMON
7.45,19.1,29.53,7.97,0.045,CARP
6.52,13.03,6.45,8.91,0.001,TROUT
7.79,25.5,12.32,5.16,0.02,SHRIMP
8.08,27.99,5.03,6.05,0.0,SHRIMP
8.01,28.3,44.38,4.9,0.008,ROHU
6.85,24.52,16.88,6.48,0.049,TILAPIA
7.31,28.95,30.09,4.34,0.034,TILAPIA
7.77,25.55,32.59,5.9,0.015,ROHU
7.55,26.03,18.88,6.47,0.016,SHRIMP
8.38,12.02,1.77,9.26,0.003,SALMON
8.43,30.37,10.7,7.57,0.011,SHRIMP
7.45,23.16,44.77,2.92,0.052,CATFISH
6.55,11.79,3.98,9.6,0.007,SALMON
8.29,30.96,12.93,6.73,0.019,SHRIMP
6.95,27.23,48.16,6.0,0.004,TILAPIA
8.49,25.39,17.02,5.73,0.004,SHRIMP
7.78,21.33,36.25,7.3,0.047,ROHU
8.29,27.76,38.82,3.74,0.093,CATFISH
7.79,29.44,15.57,7.04,0.015,SHRIMP
6.82,31.76,19.57,4.79,0.001,TILAPIA
6.98,27.1,81.18,3.31,0.043,CATFISH
7.66,24.93,25.72,4.35,0.023,TILAPIA
8.27,28.9,12.72,7.03,0.018,SHRIMP
7.57,28.26,9.65,7.98,0.013,SHRIMP
7.54,29.38,9.08,5.92,0.012,SHRIMP
7.24,22.02,20.63,6.58,0.009,CARP
8.41,26.78,14.91,7.62,0.012,SHRIMP
8.07,18.21,39.95,7.71,0.006,CARP
7.96,29.56,19.55,5.16,0.019,SHRIMP
6.94,10.31,1.41,8.91,0.007,TROUT
8.47,9.05,1.98,8.09,0.003,SALMON
8.36,14.93,2.12,9.28,0.002,SALMON
8.26,20.71,29.15,5.28,0.047,ROHU
7.83,29.88,6.63,7.58,0.01,SHRIMP
7.74,26.34,16.36,4.93,0.029,ROHU
7.37,25.12,82.16,4.54,0.038,CATFISH
7.78,21.08,34.62,4.23,0.043,CARP
7.48,16.8,7.24,9.01,0.005,TROUT
7.95,28.18,5.98,7.73,0.013,SHRIMP
7.8,29.4,28.05,6.49,0.03,ROHU
7.69,27.78,35.51,6.79,0.019,CARP
7.23,12.04,7.59,9.78,0.002,TROUT
7.58,10.29,7.65,7.06,0.005,TROUT
8.04,24.06,28.34,5.93,0.031,CARP
7.77,23.33,22.05,4.86,0.015,ROHU
7.99,25.4,57.41,5.48,0.0,CATFISH
6.95,26.2,24.46,6.52,0.045,TILAPIA
8.14,26.67,11.78,5.27,0.016,CARP
8.27,23.84,21.72,4.92,0.027,CARP
6.96,25.58,18.67,3.06,0.036,TILAPIA
7.71,29.25,48.44,3.1,0.034,TILAPIA
8.04,30.78,8.03,5.87,0.014,SHRIMP
7.25,11.02,1.09,9.3,0.003,SALMON
7.47,22.59,26.66,7.01,0.008,ROHU
8.18,9.92,0.22,9.36,0.01,SALMON
7.92,25.68,12.01,5.55,0.004,SHRIMP
7.42,10.95,3.74,9.61,0.004,SALMON
7.89,25.98,10.96,6.67,0.001,SHRIMP
8.24,30.16,6.54,5.0,0.001,SHRIMP
8.27,30.01,12.76,6.58,0.006,SHRIMP
8.35,20.05,10.29,4.42,0.044,CARP
7.67,22.41,30.07,6.58,0.013,CARP
7.25,26.84,23.55,5.09,0.032,CARP
8.39,9.71,0.54,10.79,0.002,SALMON
7.97,27.19,12.11,6.76,0.015,SHRIMP
6.11,26.55,82.64,2.9,0.091,CATFISH
7.72,30.2,12.69,6.55,0.007,SHRIMP
8.49,12.78,1.7,10.62,0.007,SALMON
7.91,30.44,16.29,5.07,0.016,SHRIMP
7.06,10.75,5.39,9.65,0.006,TROUT
6.61,12.71,0.4,9.67,0.005,SALMON
7.61,14.29,1.48,10.9,0.005,SALMON
8.13,10.64,4.2,8.82,0.009,SALMON
8.27,12.12,2.18,8.81,0.006,SALMON
7.87,22.29,32.19,7.11,0.049,ROHU
7.47,25.37,16.91,6.39,0.02,CARP
7.61,9.15,4.86,10.52,0.001,SALMON
8.44,26.9,14.29,5.33,0.002,SHRIMP
8.34,23.56,14.12,5.55,0.031,CARP
8.33,18.68,10.92,4.01,0.034,CARP
6.88,12.54,6.05,8.82,0.002,TROUT
8.32,28.06,80.68,2.65,0.052,CATFISH
8.13,25.41,18.27,5.25,0.012,SHRIMP
7.49,29.33,17.92,3.95,0.029,TILAPIA
7.76,25.16,19.43,7.25,0.003,SHRIMP
7.64,14.22,5.11,8.94,0.001,TROUT
8.61,26.44,41.01,3.31,0.032,TILAPIA
7.83,29.29,35.67,7.28,0.016,ROHU
7.39,31.93,18.1,4.61,0.044,TILAPIA
6.94,28.93,11.99,3.56,0.022,TILAPIA
7.5,20.75,29.76,6.6,0.019,ROHU
7.06,22.64,22.33,5.76,0.007,ROHU
7.96,25.17,12.71,7.21,0.009,SHRIMP
8.27,30.03,18.23,6.44,0.023,TILAPIA
6.67,26.32,33.66,6.42,0.004,TILAPIA
7.9,30.85,17.37,7.29,0.004,SHRIMP
7.02,28.65,19.07,5.52,0.014,ROHU
7.83,27.02,14.3,6.89,0.01,SHRIMP
8.11,23.74,68.05,5.24,0.087,CATFISH
7.7,25.65,39.11,4.23,0.044,CATFISH
7.56,13.19,0.04,9.81,0.001,TROUT
7.19,11.89,3.56,8.12,0.005,SALMON
7.09,24.43,21.66,6.48,0.045,TILAPIA
7.63,26.07,16.89,5.83,0.019,SHRIMP
6.59,9.46,1.02,10.49,0.005,SALMON
6.1,24.33,33.61,4.49,0.012,CATFISH
7.61,29.08,13.32,6.67,0.002,SHRIMP
7.8,18.91,32.41,7.93,0.022,CARP
8.15,25.95,13.37,7.62,0.001,SHRIMP
8.15,29.99,27.06,6.62,0.019,ROHU
7.9,24.93,49.53,4.96,0.023,TILAPIA
8.41,24.14,21.83,5.01,0.021,CARP
8.34,26.86,16.3,7.29,0.005,SHRIMP
7.92,14.55,2.7,9.43,0.004,TROUT
7.54,25.74,14.82,5.72,0.013,SHRIMP
7.79,9.94,0.45,9.09,0.0,SALMON
7.77,13.18,0.8,9.99,0.002,SALMON
7.46,28.38,42.11,7.43,0.049,ROHU
7.93,31.39,17.06,4.47,0.006,TILAPIA
8.26,24.62,41.77,6.66,0.009,ROHU
8.44,20.22,13.65,7.76,0.042,CARP
8.23,22.57,54.73,4.45,0.087,CATFISH
6.89,11.53,3.77,9.3,0.001,SALMON
8.23,24.02,39.97,6.03,0.034,CARP
8.22,26.24,31.84,6.63,0.028,ROHU
8.06,26.25,18.17,6.43,0.003,SHRIMP
7.94,24.56,19.4,4.95,0.036,ROHU
8.84,26.79,24.23,5.95,0.027,TILAPIA
6.89,10.66,5.04,8.35,0.007,TROUT
7.26,13.46,2.62,8.42,0.004,TROUT
7.72,14.5,9.28,7.53,0.007,TROUT
8.07,24.08,28.02,4.5,0.031,CARP
7.14,13.03,0.82,10.15,0.008,SALMON
8.25,8.28,4.29,8.08,0.002,SALMON
7.99,11.28,4.49,9.07,0.007,SALMON
7.66,26.05,5.95,7.68,0.003,SHRIMP
7.94,19.99,39.95,5.39,0.045,CARP
7.15,28.42,32.44,3.67,0.01,TILAPIA
7.04,16.65,7.45,7.83,0.0,TROUT
8.47,9.61,1.19,10.22,0.002,SALMON
7.49,26.86,63.46,5.84,0.011,CATFISH
7.6,18.56,31.54,6.16,0.046,CARP
7.52,27.73,10.0,6.88,0.011,SHRIMP
8.25,22.57,19.68,6.7,0.039,ROHU
7.71,26.82,45.15,5.59,0.046,CATFISH
8.47,27.26,5.64,6.77,0.007,SHRIMP
8.37,19.02,30.06,7.54,0.015,CARP
8.74,25.88,38.25,4.66,0.047,TILAPIA
7.54,27.67,6.16,5.95,0.016,SHRIMP
7.91,24.83,31.13,5.89,0.017,CARP
7.23,22.28,21.51,7.92,0.023,CARP
6.65,14.27,7.81,7.75,0.005,TROUT
8.31,20.92,20.36,5.3,0.01,CARP
8.12,21.27,25.58,7.18,0.034,CARP
7.68,29.33,13.86,7.86,0.014,SHRIMP
7.59,30.52,18.15,7.9,0.013,SHRIMP
8.16,27.82,76.49,5.26,0.01,CATFISH
7.84,17.43,4.45,7.85,0.005,TROUT
8.19,28.87,13.31,6.46,0.008,SHRIMP
8.17,29.2,35.38,2.96,0.026,CATFISH
8.5,27.75,41.32,5.61,0.012,ROHU
7.96,26.47,33.46,4.31,0.02,CATFISH
7.79,31.92,21.72,5.47,0.035,TILAPIA
8.23,27.92,16.72,7.9,0.007,SHRIMP
7.3,18.35,35.52,5.55,0.009,CARP
7.64,29.19,15.63,7.99,0.014,SHRIMP
8.76,25.24,29.76,3.65,0.044,TILAPIA
8.12,27.66,12.63,7.17,0.002,SHRIMP
8.2,22.94,63.32,4.87,0.09,CATFISH
8.36,23.75,46.02,4.18,0.001,CATFISH
6.87,27.16,38.9,4.47,0.015,TILAPIA
7.16,24.85,47.61,3.98,0.005,TILAPIA
8.95,29.98,36.46,5.77,0.045,TILAPIA
7.71,28.52,12.89,6.52,0.006,SHRIMP
7.53,21.84,22.69,4.6,0.005,ROHU
8.3,24.49,33.78,6.93,0.018,ROHU
8.38,20.07,35.05,6.88,0.037,ROHU
8.01,26.72,14.01,6.28,0.006,SHRIMP
8.22,27.16,6.76,7.16,0.013,SHRIMP
7.11,21.65,41.79,6.31,0.009,ROHU
8.91,31.09,18.85,6.52,0.015,TILAPIA
7.3,13.26,2.29,9.22,0.004,SALMON
6.92,17.51,7.59,8.05,0.003,TROUT
7.45,13.6,7.73,9.48,0.002,TROUT
7.13,26.45,13.2,6.17,0.034,CARP
7.97,30.52,8.96,6.63,0.008,SHRIMP
7.92,10.03,1.95,10.07,0.002,SALMON
6.63,17.93,7.48,9.41,0.006,TROUT
7.42,8.42,4.17,8.35,0.002,SALMON
7.96,21.52,29.33,4.67,0.037,ROHU
7.83,11.09,2.32,8.53,0.008,SALMON
7.96,14.62,2.85,8.64,0.008,SALMON
8.95,30.48,20.83,6.28,0.019,TILAPIA
7.5,10.89,1.36,8.09,0.003,TROUT
8.82,30.39,47.41,6.28,0.002,TILAPIA
8.18,26.27,42.27,5.3,0.021,ROHU
7.5,26.72,56.89,5.26,0.068,CATFISH
7.63,21.89,37.76,6.51,0.016,ROHU
8.58,29.44,44.8,4.32,0.043,TILAPIA
8.3,18.48,37.49,5.86,0.048,CARP
7.4,27.22,84.17,5.24,0.072,CATFISH
8.01,24.11,44.16,5.05,0.02,ROHU
8.1,24.47,40.74,6.12,0.017,TILAPIA
8.23,20.92,36.14,6.1,0.012,ROHU
8.24,24.45,18.66,4.62,0.039,ROHU
7.13,21.86,24.26,6.54,0.006,CARP
7.86,13.66,1.04,8.79,0.006,TROUT
7.81,20.57,35.79,5.16,0.035,ROHU
8.48,30.83,8.45,6.49,0.005,SHRIMP
8.49,26.59,26.88,5.94,0.006,ROHU
7.35,25.49,18.84,6.83,0.018,CARP
7.56,21.13,37.42,5.9,0.003,ROHU
6.65,14.54,0.59,8.75,0.009,SALMON
6.91,22.03,89.17,5.42,0.066,CATFISH
8.04,28.44,19.91,5.46,0.013,SHRIMP
8.03,25.85,44.23,5.33,0.046,CATFISH
7.34,12.6,5.3,8.08,0.003,TROUT
7.04,18.3,20.53,6.86,0.017,CARP
7.67,26.8,30.13,3.59,0.025,CATFISH
8.1,11.8,1.92,9.0,0.001,SALMON
7.36,22.35,29.4,5.46,0.028,ROHU
7.11,14.75,1.68,7.32,0.003,TROUT
7.88,29.03,17.18,6.74,0.014,SHRIMP
6.7,11.83,6.76,7.59,0.007,TROUT
7.35,10.61,0.92,9.69,0.007,SALMON
8.41,23.02,93.61,3.18,0.032,CATFISH
6.24,23.89,54.43,5.69,0.098,CATFISH
8.6,26.77,38.45,5.14,0.039,TILAPIA
7.44,9.28,2.74,8.96,0.009,SALMON
7.52,22.77,19.29,5.24,0.009,CARP
7.08,8.03,0.77,8.02,0.006,SALMON
8.29,25.43,14.55,5.45,0.019,SHRIMP
8.25,11.73,2.22,9.46,0.008,SALMON
7.35,27.71,34.32,6.21,0.041,ROHU
7.95,27.89,31.5,3.19,0.046,TILAPIA
8.4,25.15,44.89,4.98,0.027,ROHU
7.26,20.01,27.68,4.52,0.036,CARP
6.77,13.67,1.1,9.25,0.0,SALMON
8.34,26.37,35.23,5.65,0.007,CARP
7.71,13.8,4.5,8.87,0.003,SALMON
7.73,25.65,87.51,5.07,0.076,CATFISH
7.74,8.99,4.1,9.58,0.008,SALMON
8.31,27.73,41.73,5.52,0.014,ROHU
6.7,13.0,9.46,7.06,0.004,TROUT
8.72,30.49,32.53,6.98,0.003,TILAPIA
7.57,27.64,15.1,3.13,0.016,TILAPIA
7.92,15.55,4.72,8.26,0.008,TROUT
8.43,12.76,3.86,10.51,0.007,SALMON
6.5,26.95,44.13,4.46,0.079,CATFISH
7.04,22.66,36.87,6.04,0.022,ROHU
7.74,21.51,33.91,4.2,0.048,CARP
7.83,28.06,14.09,5.6,0.016,SHRIMP
7.16,13.95,3.13,10.36,0.01,SALMON
8.08,30.83,11.23,6.25,0.018,SHRIMP
7.46,10.55,0.32,8.44,0.008,TROUT
6.99,22.57,95.98,3.14,0.019,CATFISH
7.98,21.99,23.92,5.95,0.043,ROHU
8.03,23.95,90.21,4.39,0.09,CATFISH
8.21,10.28,2.26,8.08,0.005,SALMON
7.61,27.99,41.26,4.14,0.015,TILAPIA
7.23,21.72,19.15,5.15,0.016,ROHU
8.29,29.83,12.24,6.17,0.005,SHRIMP
7.65,26.72,9.44,6.87,0.016,SHRIMP
7.93,28.82,99.41,3.33,0.037,CATFISH
7.02,28.46,47.84,3.73,0.022,TILAPIA
8.31,24.16,75.48,4.24,0.027,CATFISH
7.58,20.09,36.64,6.05,0.039,ROHU
8.21,25.99,16.11,5.42,0.017,SHRIMP
7.46,26.87,15.96,6.62,0.006,TILAPIA
7.79,26.32,29.11,6.17,0.009,ROHU
7.03,13.73,9.06,8.24,0.004,TROUT
7.38,28.03,91.46,5.28,0.013,CATFISH
7.7,25.78,26.68,6.64,0.014,CARP
7.79,21.74,31.37,5.56,0.045,ROHU
8.33,26.69,59.42,2.86,0.085,CATFISH
7.9,26.51,30.95,6.13,0.036,TILAPIA
7.79,27.07,38.09,6.07,0.011,ROHU
7.65,17.82,1.27,8.0,0.005,TROUT
8.29,26.73,21.95,4.04,0.009,CARP
7.38,20.61,17.7,5.99,0.046,ROHU
7.49,23.12,31.93,4.84,0.013,CARP
8.16,29.23,40.74,5.82,0.001,ROHU
7.19,20.88,32.69,7.37,0.042,ROHU
7.02,14.07,3.55,9.66,0.0,SALMON
7.15,24.61,42.74,6.25,0.009,ROHU
7.83,14.22,3.94,7.22,0.002,TROUT
8.96,28.52,44.86,3.1,0.006,TILAPIA
8.05,27.59,18.11,5.36,0.028,TILAPIA
7.03,26.24,28.07,5.28,0.026,ROHU
7.48,23.06,20.23,7.52,0.05,CARP
8.1,26.03,13.8,7.4,0.015,SHRIMP
7.91,28.66,11.83,7.71,0.001,SHRIMP
7.42,8.01,3.8,10.25,0.006,SALMON
8.24,20.85,28.25,4.99,0.031,ROHU
7.92,21.87,10.84,7.61,0.049,CARP
6.56,28.57,19.87,6.36,0.007,TILAPIA
6.64,16.53,5.57,8.18,0.006,TROUT
6.51,25.72,49.97,4.62,0.031,TILAPIA
7.14,10.77,1.16,7.76,0.004,TROUT
8.32,27.24,6.01,5.29,0.003,SHRIMP
6.99,26.43,36.79,4.32,0.076,CATFISH
6.91,14.48,4.18,8.53,0.001,TROUT
6.54,9.6,2.34,9.72,0.01,SALMON
6.73,10.5,2.51,7.81,0.005,TROUT
7.46,10.13,3.07,9.67,0.004,SALMON
7.58,22.49,97.27,4.93,0.015,CATFISH
8.05,27.43,6.69,6.0,0.017,SHRIMP
6.06,22.15,85.44,3.09,0.092,CATFISH
6.88,10.45,0.97,8.75,0.007,TROUT
7.82,26.34,6.22,5.17,0.006,SHRIMP
6.76,8.95,2.56,8.73,0.009,SALMON
8.41,25.38,19.33,5.15,0.019,SHRIMP
7.88,10.85,4.74,8.58,0.006,SALMON
7.61,29.74,6.92,7.18,0.011,SHRIMP
6.8,10.46,0.8,7.96,0.002,TROUT
8.44,28.14,41.44,6.58,0.002,ROHU
7.88,13.54,0.95,10.52,0.006,SALMON
6.7,23.24,82.56,3.32,0.024,CATFISH
7.17,24.78,28.36,5.2,0.01,ROHU
7.59,28.63,67.75,2.54,0.068,CATFISH
8.05,22.29,14.27,6.86,0.045,CARP
7.03,20.25,21.66,4.45,0.006,CARP
8.26,26.25,32.63,3.64,0.019,TILAPIA
8.14,26.89,12.15,7.51,0.003,SHRIMP
7.78,9.1,2.36,9.98,0.009,SALMON
6.83,12.65,0.99,8.09,0.0,TROUT
6.89,22.68,73.86,3.38,0.07,CATFISH
6.63,14.82,5.21,8.55,0.001,TROUT
7.9,30.37,15.85,5.96,0.017,SHRIMP
8.85,30.9,40.1,6.93,0.003,TILAPIA
8.66,31.75,10.89,3.11,0.03,TILAPIA
8.33,11.77,0.47,10.81,0.002,SALMON
7.15,12.02,8.59,7.63,0.009,TROUT
6.54,11.35,8.88,7.39,0.007,TROUT
7.98,27.75,37.45,4.82,0.018,ROHU
8.04,25.37,16.44,5.32,0.005,SHRIMP
6.63,29.28,46.98,5.47,0.036,TILAPIA
7.7,10.94,0.63,8.75,0.009,SALMON
8.09,14.13,2.14,9.12,0.007,SALMON
7.43,13.79,0.17,9.28,0.004,SALMON
7.51,8.78,0.83,10.71,0.002,SALMON
7.49,31.59,36.14,6.4,0.046,TILAPIA
6.8,28.08,32.56,3.09,0.021,TILAPIA
8.24,28.55,18.47,6.97,0.0,SHRIMP
7.53,16.0,6.95,8.65,0.006,TROUT
7.16,29.62,17.35,5.01,0.041,ROHU
8.45,13.61,3.1,9.7,0.005,SALMON
8.38,27.88,9.62,5.49,0.015,SHRIMP
7.88,14.15,2.51,8.14,0.004,TROUT
7.54,15.25,6.91,8.29,0.001,TROUT
8.14,27.17,13.01,6.9,0.008,SHRIMP
7.33,14.71,4.24,10.77,0.006,SALMON
8.44,26.25,7.23,6.61,0.001,SHRIMP
7.81,27.55,89.34,2.81,0.038,CATFISH
7.96,29.45,27.02,4.98,0.003,ROHU
7.83,21.2,29.31,6.59,0.009,CARP
8.43,27.94,10.95,6.73,0.002,SHRIMP
7.63,30.04,10.71,7.51,0.001,SHRIMP
7.69,25.2,19.38,5.08,0.0,SHRIMP
7.54,14.3,1.66,10.42,0.007,SALMON
7.86,11.52,4.88,8.93,0.003,TROUT
8.12,27.99,6.39,7.86,0.017,SHRIMP
6.66,13.47,1.67,10.0,0.003,SALMON
8.4,28.23,23.46,4.6,0.024,ROHU
7.14,17.68,5.65,8.92,0.008,TROUT
7.69,27.92,13.6,5.97,0.014,SHRIMP
7.03,26.39,51.51,4.08,0.021,CATFISH
8.34,11.72,2.16,9.8,0.001,SALMON
7.46,27.3,27.95,3.91,0.043,TILAPIA
7.65,26.03,12.75,7.79,0.008,SHRIMP
8.13,10.92,3.18,8.31,0.001,SALMON
7.66,13.49,1.37,10.36,0.007,SALMON
7.9,29.7,7.07,6.62,0.018,SHRIMP
7.8,24.88,81.5,4.32,0.063,CATFISH
8.4,29.37,22.2,4.88,0.035,ROHU
7.49,26.84,16.86,4.64,0.018,ROHU
7.26,11.99,0.89,8.74,0.001,SALMON
7.78,30.54,36.16,3.91,0.042,TILAPIA
8.22,8.84,0.44,8.03,0.004,SALMON
8.82,29.07,40.57,5.67,0.019,TILAPIA
7.75,11.72,4.92,7.1,0.009,TROUT
7.63,14.01,3.5,9.12,0.005,TROUT
8.23,22.9,31.27,3.0,0.016,CATFISH
7.99,26.01,15.07,6.66,0.005,CARP
7.35,12.43,2.2,7.24,0.0,TROUT
7.27,15.7,6.13,8.59,0.002,TROUT
7.07,22.89,82.85,4.91,0.039,CATFISH
8.46,26.43,19.06,4.83,0.017,CARP
7.86,13.62,3.25,8.93,0.002,TROUT
6.57,30.62,38.34,3.6,0.03,TILAPIA
7.85,13.82,0.05,9.64,0.002,TROUT
7.03,8.34,4.92,8.74,0.007,SALMON
8.09,29.37,42.57,4.6,0.004,TILAPIA
6.89,28.27,34.28,4.78,0.023,CATFISH
7.83,10.81,0.26,8.76,0.002,SALMON
8.59,31.06,43.81,6.93,0.046,TILAPIA
7.92,10.25,9.1,8.14,0.002,TROUT
8.24,28.45,19.35,7.23,0.006,SHRIMP
6.8,24.72,15.34,6.24,0.033,TILAPIA
7.26,17.33,1.35,8.48,0.004,TROUT
7.95,23.6,18.39,4.64,0.039,CARP
8.35,13.07,0.23,9.65,0.003,SALMON
7.79,24.75,16.45,7.98,0.016,CARP
7.25,24.19,29.16,7.93,0.033,CARP
7.76,25.51,14.46,7.22,0.009,SHRIMP
7.43,15.71,0.87,9.15,0.003,TROUT
7.83,26.82,22.93,4.51,0.041,ROHU
6.02,24.79,40.39,3.98,0.083,CATFISH
8.37,8.1,1.94,8.34,0.008,SALMON
8.21,26.96,38.97,4.62,0.048,TILAPIA
8.96,24.37,22.96,6.16,0.019,TILAPIA
7.58,28.15,14.48,5.28,0.013,SHRIMP
7.2,27.84,28.51,6.62,0.009,TILAPIA
7.99,26.69,12.63,5.45,0.013,SHRIMP
7.66,25.61,13.89,5.85,0.018,SHRIMP
7.19,24.51,19.6,5.26,0.05,CARP
8.3,25.61,5.83,7.22,0.018,SHRIMP
7.52,28.76,34.03,3.87,0.034,TILAPIA
7.48,9.82,1.56,9.84,0.001,SALMON
7.64,14.39,1.47,8.61,0.009,SALMON
7.17,27.15,81.04,2.51,0.086,CATFISH
7.72,26.09,30.5,6.53,0.012,CARP
8.27,24.53,23.37,5.75,0.023,CARP
7.56,27.33,13.86,6.71,0.0,SHRIMP
7.95,9.01,2.18,8.87,0.01,SALMON
8.38,20.28,31.88,6.17,0.032,ROHU
6.09,22.77,49.82,3.72,0.083,CATFISH
7.59,20.85,23.67,4.73,0.033,ROHU
7.01,29.24,40.97,6.13,0.014,ROHU
8.04,25.91,15.12,7.95,0.005,SHRIMP
8.48,25.07,12.51,5.61,0.005,CARP
7.81,23.9,26.1,5.74,0.036,CARP
8.27,22.01,27.55,6.36,0.04,ROHU
8.06,9.83,4.82,10.88,0.007,SALMON
8.49,22.84,63.5,5.21,0.014,CATFISH
8.75,31.21,20.46,5.89,0.033,TILAPIA
7.93,26.16,17.14,5.19,0.017,SHRIMP
8.4,27.41,71.35,3.38,0.066,CATFISH
7.24,27.84,22.82,7.91,0.032,CARP
7.19,23.97,82.87,5.46,0.096,CATFISH
8.45,25.69,38.23,6.87,0.024,CARP
6.53,10.23,7.16,9.79,0.006,TROUT
8.12,28.53,5.79,6.45,0.016,SHRIMP
7.1,23.74,92.46,4.98,0.001,CATFISH
7.48,23.79,67.27,4.34,0.02,CATFISH
7.08,26.82,20.78,6.21,0.025,TILAPIA
6.96,26.09,22.11,3.98,0.024,TILAPIA
7.45,13.9,1.84,9.04,0.009,SALMON
7.8,29.93,10.11,7.89,0.008,SHRIMP
7.44,10.97,5.51,7.79,0.003,TROUT
8.09,30.76,11.21,5.27,0.013,SHRIMP
7.28,15.1,2.78,9.44,0.006,TROUT
7.84,14.12,8.21,8.35,0.01,TROUT
8.24,26.46,53.13,5.11,0.002,CATFISH
8.12,20.27,34.28,6.44,0.006,CARP
8.4,27.74,19.36,6.58,0.012,CARP
7.58,28.22,28.9,4.92,0.014,ROHU
7.05,27.5,44.34,5.92,0.008,ROHU
7.54,27.52,42.64,5.47,0.015,ROHU
7.87,28.46,34.25,5.34,0.025,TILAPIA
7.55,28.37,8.82,5.72,0.016,SHRIMP
8.38,26.44,13.24,5.35,0.011,SHRIMP
8.15,29.55,24.21,5.27,0.022,ROHU
6.97,30.43,17.94,3.02,0.026,TILAPIA
7.53,24.58,54.75,4.59,0.012,CATFISH
7.69,25.88,14.47,5.77,0.008,SHRIMP
7.63,29.88,14.76,7.37,0.019,SHRIMP
8.32,19.66,15.2,5.91,0.026,CARP
8.1,27.57,27.12,5.52,0.034,CARP
8.39,27.64,20.75,4.76,0.025,ROHU
7.0,15.21,4.97,9.39,0.001,TROUT
8.4,24.12,25.43,6.48,0.047,CARP
7.9,29.66,14.57,7.35,0.001,SHRIMP
8.1,26.61,16.7,6.68,0.02,ROHU
8.44,11.14,4.84,8.93,0.007,SALMON
8.2,29.42,27.43,4.73,0.005,ROHU
7.68,26.7,16.33,5.18,0.039,CARP
6.7,11.12,0.58,9.68,0.004,SALMON
8.23,25.85,12.53,7.27,0.004,SHRIMP
7.62,27.6,10.64,6.28,0.002,SHRIMP
7.57,20.75,32.38,6.8,0.005,CARP
6.67,12.76,6.85,7.88,0.001,TROUT
6.51,15.54,5.07,9.71,0.004,TROUT
7.83,23.88,21.21,4.33,0.021,CARP
7.7,25.92,73.46,4.45,0.091,CATFISH
8.16,28.76,73.74,3.46,0.091,CATFISH
6.67,11.88,1.3,9.37,0.004,SALMON
7.65,16.76,2.82,7.08,0.005,TROUT
7.93,29.3,8.07,6.43,0.014,SHRIMP
6.84,30.13,23.86,4.11,0.047,TILAPIA
8.38,29.96,84.84,5.16,0.095,CATFISH
8.59,28.79,19.74,6.6,0.029,TILAPIA
7.66,24.95,16.88,5.83,0.03,ROHU
6.9,24.14,70.22,2.95,0.092,CATFISH
7.62,12.46,2.26,8.67,0.008,TROUT
8.06,26.94,13.28,6.85,0.004,SHRIMP
6.9,16.34,3.58,8.2,0.003,TROUT
6.4,29.13,62.3,4.28,0.091,CATFISH
6.66,9.97,2.47,8.51,0.001,SALMON
7.39,9.18,2.73,8.79,0.009,SALMON
7.62,14.3,4.51,9.81,0.007,TROUT
7.31,29.01,39.14,4.95,0.066,CATFISH
7.08,18.51,30.06,4.74,0.046,CARP
7.08,14.1,5.09,8.28,0.003,TROUT
7.4,14.6,4.59,10.43,0.006,SALMON
6.93,13.11,3.23,8.4,0.006,SALMON
7.4,18.99,16.76,5.54,0.047,CARP
6.52,24.76,47.3,6.17,0.034,TILAPIA
6.74,14.58,2.28,7.06,0.001,TROUT
8.15,26.53,26.47,5.66,0.047,CARP
8.86,27.47,17.97,5.14,0.023,TILAPIA
7.34,14.77,2.22,10.94,0.009,SALMON
7.08,16.16,9.9,8.73,0.005,TROUT
7.82,28.78,11.91,6.81,0.014,SHRIMP
7.65,13.33,4.36,8.66,0.008,SALMON
7.65,9.58,3.79,8.36,0.001,SALMON
8.19,26.97,38.09,5.36,0.035,ROHU
7.08,20.32,25.73,6.95,0.04,CARP
7.09,26.48,35.8,7.38,0.041,CARP
7.23,29.26,83.18,2.51,0.046,CATFISH
8.25,22.51,86.64,3.87,0.086,CATFISH
7.73,30.54,21.99,5.46,0.013,TILAPIA
7.1,23.24,15.38,5.45,0.027,ROHU
7.44,15.76,0.8,7.13,0.008,TROUT
6.71,12.13,8.58,8.88,0.006,TROUT
8.31,26.03,11.34,7.22,0.011,SHRIMP
7.91,18.72,20.01,5.36,0.026,CARP
6.53,23.18,31.27,3.31,0.033,CATFISH
6.46,27.24,93.47,4.02,0.092,CATFISH
7.63,29.44,6.29,5.53,0.003,SHRIMP
6.53,14.32,9.71,7.24,0.003,TROUT
8.24,28.48,41.79,5.58,0.044,TILAPIA
6.8,17.33,7.93,9.93,0.004,TROUT
7.04,21.15,33.15,7.36,0.0,CARP
7.22,26.73,24.08,7.93,0.044,CARP
7.03,27.95,30.91,6.1,0.048,ROHU
7.52,23.88,41.72,6.26,0.038,ROHU
7.36,20.65,24.93,4.88,0.046,ROHU
7.73,19.63,11.33,4.93,0.017,CARP
7.93,30.24,11.57,6.19,0.012,SHRIMP
7.94,28.45,12.38,7.73,0.014,SHRIMP
7.08,23.14,41.59,6.29,0.014,ROHU
7.81,27.17,17.15,6.62,0.005,SHRIMP
7.88,26.42,15.43,4.65,0.008,CARP
7.54,26.25,97.65,3.63,0.018,CATFISH
7.94,20.76,16.82,5.0,0.037,CARP
7.23,25.18,14.42,6.73,0.006,CARP
8.39,10.05,3.37,8.92,0.003,SALMON
6.77,13.83,1.31,9.63,0.008,TROUT
6.75,29.38,45.59,3.72,0.043,TILAPIA
8.17,30.33,27.79,3.81,0.046,TILAPIA
6.44,24.12,66.58,3.39,0.078,CATFISH
7.31,26.8,15.57,4.56,0.024,ROHU
7.05,11.86,2.58,9.05,0.007,SALMON
7.66,14.34,0.03,7.67,0.005,TROUT
8.14,30.36,8.5,6.11,0.002,SHRIMP
7.84,30.13,42.15,6.46,0.032,TILAPIA
7.09,10.56,2.59,9.43,0.002,SALMON
7.64,10.94,0.92,8.47,0.003,TROUT
7.97,24.25,33.09,5.07,0.03,CARP
7.67,28.8,5.14,6.41,0.011,SHRIMP
8.42,26.38,6.12,8.0,0.014,SHRIMP
6.05,24.43,39.36,3.6,0.046,CATFISH
6.94,11.73,9.75,8.09,0.008,TROUT
7.58,26.83,18.23,5.69,0.048,ROHU
7.97,30.89,19.89,6.3,0.018,SHRIMP
7.53,29.63,18.24,5.05,0.011,SHRIMP
7.73,27.55,28.05,4.25,0.032,TILAPIA
7.79,10.97,2.11,9.91,0.009,TROUT
7.3,25.62,43.44,5.06,0.013,ROHU
6.86,12.53,2.9,9.34,0.005,TROUT
8.23,22.11,38.58,6.02,0.013,ROHU
8.46,24.84,36.59,5.93,0.019,ROHU
6.96,22.82,63.84,3.12,0.013,CATFISH
8.18,19.15,33.93,6.47,0.014,CARP
8.2,24.4,47.65,6.84,0.017,TILAPIA
7.77,21.45,29.97,6.77,0.015,ROHU
7.98,29.52,42.94,6.27,0.004,TILAPIA
7.96,25.49,14.51,6.41,0.007,SHRIMP
7.78,16.26,9.9,7.73,0.005,TROUT
7.64,10.59,5.78,7.93,0.005,TROUT
7.24,22.57,67.1,2.58,0.035,CATFISH
7.9,14.85,4.66,10.07,0.004,SALMON
6.79,29.73,91.78,3.0,0.066,CATFISH
7.45,28.54,46.04,6.97,0.028,TILAPIA
7.15,27.01,27.02,6.75,0.043,ROHU
7.66,24.34,19.38,7.34,0.002,CARP
7.31,24.34,42.98,6.88,0.039,ROHU
6.82,22.04,32.85,5.19,0.008,CATFISH
8.5,26.71,10.04,6.95,0.045,CARP
7.06,20.55,18.1,5.96,0.039,ROHU
7.57,12.22,1.83,9.82,0.004,SALMON
7.18,21.59,24.68,5.85,0.013,CARP
7.29,19.55,37.58,5.06,0.012,CARP
7.89,29.23,83.62,3.33,0.024,CATFISH
7.28,28.03,34.5,4.08,0.009,TILAPIA
7.64,27.1,10.2,6.68,0.009,SHRIMP
7.38,25.32,47.5,4.82,0.079,CATFISH
7.8,11.75,0.29,9.27,0.0,SALMON
8.81,31.56,29.62,5.31,0.045,TILAPIA
7.97,17.68,7.85,9.44,0.004,TROUT
7.36,20.36,33.52,4.73,0.006,ROHU
8.46,20.39,23.09,6.46,0.041,ROHU
7.69,25.76,12.72,7.33,0.015,SHRIMP
6.93,11.49,4.88,10.59,0.002,SALMON
7.92,8.06,0.47,9.83,0.002,SALMON
7.81,16.23,4.71,7.48,0.008,TROUT
7.23,27.69,38.09,3.28,0.017,TILAPIA
8.33,27.66,8.5,5.46,0.007,SHRIMP
8.36,25.64,18.36,6.09,0.012,SHRIMP
8.02,20.57,24.07,6.96,0.046,CARP
7.64,29.07,6.1,7.15,0.006,SHRIMP
6.83,12.39,1.69,9.15,0.007,SALMON
8.19,27.31,30.93,5.67,0.035,CARP
6.55,30.44,22.15,3.47,0.008,TILAPIA
8.32,28.33,42.64,3.81,0.02,TILAPIA
8.16,29.93,10.73,6.21,0.012,SHRIMP
8.45,14.08,0.67,9.06,0.001,SALMON
7.82,29.45,15.94,7.46,0.015,SHRIMP
7.13,24.81,40.47,3.39,0.049,TILAPIA
7.77,26.11,19.2,5.89,0.014,SHRIMP
6.61,16.44,6.41,7.12,0.003,TROUT
7.49,21.22,17.37,5.9,0.049,ROHU
6.92,23.65,81.87,4.98,0.081,CATFISH
8.21,29.44,23.25,7.26,0.043,ROHU
7.16,26.62,25.17,6.12,0.029,CARP
6.83,15.19,7.65,8.42,0.007,TROUT
8.95,25.92,41.11,6.0,0.026,TILAPIA
7.62,27.76,27.09,7.09,0.005,ROHU
8.4,20.12,26.72,5.28,0.027,ROHU
8.08,27.58,6.8,5.36,0.013,SHRIMP
8.24,27.13,6.41,7.0,0.015,SHRIMP
8.09,25.82,13.34,7.33,0.0,SHRIMP
6.68,17.47,7.79,8.17,0.001,TROUT
7.54,22.97,31.35,5.6,0.042,ROHU
7.81,27.74,18.34,5.44,0.015,SHRIMP
7.9,29.24,30.31,5.34,0.019,ROHU
7.11,9.39,2.39,8.47,0.003,SALMON
8.13,24.71,97.37,3.44,0.044,CATFISH
8.22,20.22,40.81,4.74,0.046,ROHU
7.89,13.49,6.82,9.98,0.004,TROUT
7.86,27.68,10.93,6.45,0.005,TILAPIA
7.24,15.74,0.26,8.24,0.002,TROUT
7.3,25.33,34.98,7.96,0.025,CARP
6.87,30.69,24.39,4.46,0.013,TILAPIA
6.69,14.06,9.03,9.83,0.004,TROUT
7.84,25.33,19.34,6.53,0.015,SHRIMP
6.05,28.53,63.39,2.76,0.019,CATFISH
6.85,11.69,8.74,7.36,0.006,TROUT
6.35,23.84,71.45,3.03,0.016,CATFISH
7.55,26.5,94.84,3.72,0.018,CATFISH
7.63,29.08,13.24,5.0,0.005,SHRIMP
8.41,24.68,48.79,3.98,0.029,CATFISH
7.78,28.82,13.83,7.21,0.013,SHRIMP
7.54,30.17,16.4,7.0,0.001,SHRIMP
7.55,24.12,24.58,7.2,0.033,ROHU
7.61,25.34,50.44,4.85,0.081,CATFISH
8.29,30.59,16.62,5.27,0.005,SHRIMP
7.37,29.39,87.19,3.17,0.013,CATFISH
7.68,28.56,38.02,6.34,0.002,ROHU
7.29,28.58,37.72,3.76,0.032,CATFISH
8.17,22.0,29.93,5.58,0.029,CARP
8.51,25.34,33.95,4.63,0.026,TILAPIA
7.66,28.19,14.2,7.68,0.004,SHRIMP
8.31,27.64,19.56,5.52,0.005,SHRIMP
8.46,27.35,14.34,6.66,0.004,SHRIMP
8.06,8.36,2.89,9.12,0.006,SALMON
6.75,13.37,8.77,7.21,0.001,TROUT
7.07,20.9,20.93,4.22,0.026,CARP
6.74,17.15,8.45,7.07,0.006,TROUT
6.66,10.8,0.25,10.25,0.005,SALMON
6.99,22.86,97.86,3.11,0.063,CATFISH
6.58,14.3,2.5,7.46,0.005,TROUT
7.8,19.25,16.07,6.94,0.002,CARP
7.66,29.7,21.39,6.92,0.012,ROHU
6.17,28.89,87.6,2.85,0.003,CATFISH
7.49,13.91,4.35,7.15,0.008,TROUT
7.76,12.62,9.86,8.15,0.003,TROUT
7.85,25.22,22.25,7.55,0.046,CARP
7.49,24.07,79.65,4.14,0.061,CATFISH
7.02,17.32,1.13,8.08,0.005,TROUT
7.6,11.38,0.33,8.36,0.001,TROUT
6.66,11.49,3.83,8.37,0.006,SALMON
6.96,13.75,6.84,7.33,0.003,TROUT
8.36,23.29,44.57,4.64,0.025,ROHU
8.6,27.52,35.61,3.64,0.009,TILAPIA
8.72,29.31,44.59,3.25,0.032,TILAPIA
7.29,25.78,38.33,7.59,0.012,CARP
7.89,28.58,55.03,3.1,0.049,CATFISH
7.01,14.59,0.47,7.62,0.004,TROUT
7.5,22.92,87.05,3.71,0.008,CATFISH
6.85,11.84,0.88,7.45,0.0,TROUT
8.36,19.5,32.54,6.29,0.047,CARP
7.95,20.34,31.81,6.33,0.029,ROHU
8.78,29.87,13.63,6.47,0.017,TILAPIA
7.86,30.0,6.23,5.59,0.01,SHRIMP
8.88,24.03,23.51,3.18,0.043,TILAPIA
7.94,22.5,32.58,4.46,0.059,CATFISH
6.67,24.08,69.34,3.08,0.017,CATFISH
7.92,29.94,41.68,6.62,0.039,ROHU
7.99,28.74,12.07,7.46,0.01,SHRIMP
7.91,23.52,45.97,5.85,0.011,CATFISH
7.12,28.8,33.56,4.17,0.012,TILAPIA
8.24,12.92,1.5,8.75,0.008,SALMON
7.65,27.1,8.25,5.88,0.006,SHRIMP
7.72,20.19,36.9,7.31,0.008,ROHU
7.61,10.0,0.96,8.15,0.009,SALMON
6.08,29.13,83.94,4.6,0.017,CATFISH
7.55,28.87,15.29,5.98,0.007,SHRIMP
8.01,29.97,27.38,4.8,0.016,ROHU
8.41,25.86,48.14,5.49,0.008,TILAPIA
7.63,30.56,23.77,6.5,0.041,TILAPIA
7.29,28.62,39.76,4.88,0.03,CATFISH
8.46,28.53,96.45,3.24,0.043,CATFISH
7.25,21.97,30.18,4.22,0.029,CARP
8.41,13.18,4.53,10.78,0.008,SALMON
7.37,24.45,96.27,4.57,0.029,CATFISH
7.72,10.63,1.22,8.04,0.009,SALMON
7.86,25.8,26.12,4.96,0.006,TILAPIA
7.39,25.11,32.82,5.21,0.015,TILAPIA
6.96,9.35,0.47,9.04,0.005,SALMON
8.33,23.21,26.74,5.47,0.02,CARP
8.04,29.57,28.04,4.37,0.04,TILAPIA
6.88,31.63,47.2,6.48,0.021,TILAPIA
8.59,30.75,20.17,4.4,0.03,TILAPIA
8.38,30.17,17.97,7.58,0.011,SHRIMP
8.14,14.36,4.94,9.49,0.002,SALMON
7.96,21.63,39.46,6.52,0.007,ROHU
7.71,20.86,38.85,5.35,0.032,ROHU
7.79,15.91,3.88,8.89,0.002,TROUT
8.64,29.22,39.61,4.29,0.021,TILAPIA
7.22,25.8,22.48,5.35,0.004,CARP
8.46,28.87,44.33,5.6,0.024,ROHU
7.9,15.77,9.56,9.62,0.008,TROUT
7.9,26.18,37.76,6.44,0.025,ROHU
8.45,26.08,32.69,3.42,0.092,CATFISH
7.3,26.08,19.01,6.31,0.032,CARP
7.8,17.46,6.24,9.58,0.003,TROUT
6.93,22.44,41.62,4.04,0.083,CATFISH
6.79,12.63,7.57,7.12,0.004,TROUT
7.62,25.82,10.28,5.73,0.008,CARP
8.45,18.04,37.07,5.73,0.033,CARP
8.22,25.98,25.59,4.65,0.002,ROHU
7.85,24.28,24.11,6.86,0.037,ROHU
7.53,10.52,1.75,8.63,0.009,SALMON
8.46,20.15,44.95,6.57,0.042,ROHU
7.97,22.83,36.4,5.95,0.012,CATFISH
8.25,25.38,16.2,6.26,0.005,SHRIMP
7.47,24.46,38.86,4.41,0.004,TILAPIA
7.25,22.86,32.17,5.32,0.008,ROHU
6.66,10.97,0.27,10.09,0.01,SALMON
7.19,13.83,6.27,7.17,0.001,TROUT
6.74,31.17,45.4,5.46,0.003,TILAPIA
8.32,26.61,44.58,5.99,0.037,TILAPIA
6.83,8.78,4.3,9.09,0.002,SALMON
7.16,11.26,4.54,9.34,0.006,TROUT
8.12,9.61,2.32,10.89,0.007,SALMON
8.83,24.27,11.7,5.87,0.029,TILAPIA
7.88,26.98,33.41,6.06,0.021,ROHU
7.69,26.59,29.65,6.33,0.04,ROHU
8.35,26.22,5.92,7.51,0.001,SHRIMP
8.44,20.07,23.97,7.97,0.047,CARP
7.96,11.69,0.67,9.29,0.008,SALMON
8.24,26.42,16.04,5.86,0.012,SHRIMP
6.56,29.15,23.43,5.9,0.006,TILAPIA
7.58,28.11,6.31,6.01,0.014,SHRIMP
7.62,29.47,18.82,6.16,0.011,SHRIMP
7.96,27.65,16.42,6.62,0.045,CARP
7.54,23.68,46.87,4.78,0.081,CATFISH
7.06,25.44,39.48,6.82,0.019,TILAPIA
7.44,22.63,44.14,7.35,0.044,ROHU
6.71,11.35,3.42,8.47,0.009,TROUT
6.98,14.68,2.46,9.57,0.006,SALMON
7.21,26.42,31.51,7.29,0.008,CARP
7.45,25.16,28.57,5.9,0.005,CARP
6.33,26.31,82.37,3.04,0.022,CATFISH
8.34,29.37,8.03,7.75,0.003,SHRIMP
7.07,25.81,55.29,5.69,0.066,CATFISH
6.62,24.14,39.3,6.12,0.025,TILAPIA
6.85,10.94,4.84,8.47,0.005,TROUT
8.3,27.92,7.38,7.16,0.007,SHRIMP
7.65,25.88,48.01,4.45,0.029,TILAPIA
7.31,11.01,3.34,7.2,0.006,TROUT
7.33,31.32,31.49,5.23,0.032,TILAPIA
7.91,16.42,9.35,9.46,0.0,TROUT
8.09,18.04,23.94,8.0,0.043,CARP
7.85,26.17,5.73,7.24,0.001,SHRIMP
7.8,29.77,5.9,6.61,0.007,SHRIMP
7.26,21.73,26.04,7.93,0.04,CARP
7.03,11.74,1.52,7.36,0.01,TROUT
7.22,11.08,2.4,8.43,0.005,SALMON
8.19,22.83,39.24,6.51,0.032,CARP
8.13,22.74,24.39,6.58,0.002,CARP
7.85,12.26,4.98,10.92,0.008,SALMON
8.44,21.74,22.46,7.22,0.0,ROHU
7.52,30.36,16.21,6.31,0.015,SHRIMP
7.16,18.74,10.96,5.03,0.046,CARP
6.91,26.74,24.54,5.9,0.044,TILAPIA
8.35,23.46,18.82,4.44,0.033,CARP
7.1,23.01,77.85,3.9,0.057,CATFISH
7.44,25.03,15.58,6.32,0.027,ROHU
7.13,11.5,0.2,9.28,0.003,SALMON
8.11,11.36,4.09,9.4,0.006,SALMON
8.12,24.61,81.49,2.9,0.006,CATFISH
6.94,12.23,8.11,9.44,0.007,TROUT
7.8,28.89,15.51,7.12,0.012,SHRIMP
8.05,22.71,23.58,6.21,0.01,ROHU
6.76,26.56,36.29,4.99,0.044,TILAPIA
6.96,9.35,3.47,10.89,0.002,SALMON
7.2,15.21,8.73,7.97,0.008,TROUT
8.34,10.61,3.34,10.0,0.001,SALMON
7.13,27.57,33.82,4.53,0.031,CARP
7.81,26.7,12.65,6.64,0.002,SHRIMP
6.52,30.84,10.78,6.55,0.017,TILAPIA
8.38,23.77,39.16,7.82,0.005,CARP
7.23,31.94,39.48,4.1,0.032,TILAPIA
7.68,21.56,18.75,5.96,0.042,ROHU
7.04,11.76,4.92,7.87,0.002,TROUT
7.69,26.12,9.02,5.07,0.011,SHRIMP
7.09,25.07,28.23,5.41,0.049,TILAPIA
6.07,27.89,46.46,4.19,0.081,CATFISH
7.28,18.69,17.94,5.65,0.015,CARP
7.74,20.46,38.51,4.5,0.006,CARP
7.27,15.94,5.76,8.37,0.001,TROUT
7.36,23.18,25.59,7.49,0.001,CARP
7.03,14.91,5.36,7.7,0.003,TROUT
7.7,26.2,25.62,6.06,0.014,CARP
8.01,27.81,26.67,6.34,0.015,CARP
7.11,12.92,1.62,8.02,0.008,TROUT
7.18,11.75,3.25,8.87,0.005,SALMON
7.22,25.27,49.28,5.97,0.04,CATFISH
7.58,9.24,3.71,10.76,0.002,SALMON
6.71,11.78,5.28,9.06,0.003,TROUT
7.79,17.6,0.55,7.19,0.009,TROUT
7.13,29.8,23.12,5.33,0.024,ROHU
8.49,8.3,2.26,9.65,0.005,SALMON
8.18,27.57,18.0,7.4,0.029,CARP
7.11,11.31,7.11,7.66,0.007,TROUT
7.13,10.56,2.94,9.85,0.007,TROUT
7.61,15.82,2.65,8.51,0.003,TROUT
8.07,22.36,26.92,5.35,0.01,ROHU
7.84,25.49,13.1,5.06,0.019,SHRIMP
6.92,12.76,5.27,9.09,0.003,TROUT
7.53,29.17,93.76,5.4,0.077,CATFISH
7.05,17.79,7.09,8.11,0.004,TROUT
7.72,22.34,20.05,7.01,0.036,ROHU
6.81,14.01,1.2,10.53,0.003,SALMON
8.42,20.7,31.71,7.34,0.041,ROHU
8.24,20.82,28.35,4.72,0.016,ROHU
8.05,26.38,18.22,5.69,0.013,SHRIMP
7.26,25.11,22.11,7.8,0.031,CARP
6.78,12.67,4.04,8.71,0.01,SALMON
7.95,27.33,9.66,7.26,0.0,SHRIMP
7.96,27.86,5.24,5.06,0.006,SHRIMP
6.91,23.69,37.91,3.48,0.048,CATFISH
7.4,13.58,4.63,9.59,0.005,SALMON
6.54,12.98,1.01,8.27,0.008,SALMON
7.29,26.79,60.27,5.15,0.058,CATFISH
7.84,23.1,11.73,5.23,0.021,CARP
7.22,28.43,20.41,6.9,0.008,ROHU
8.39,25.8,11.05,6.1,0.003,SHRIMP
6.77,27.25,37.08,3.38,0.005,TILAPIA
7.76,26.5,6.77,7.59,0.015,SHRIMP
8.9,26.44,26.86,4.58,0.002,TILAPIA
6.58,11.01,1.42,7.83,0.003,TROUT
7.85,30.79,14.92,6.63,0.003,SHRIMP
7.79,12.27,3.18,7.42,0.002,TROUT
6.92,27.06,83.5,3.14,0.06,CATFISH
6.61,10.44,0.31,8.9,0.008,SALMON
6.27,22.66,42.63,2.95,0.05,CATFISH
6.9,10.09,4.06,8.45,0.002,SALMON
7.6,23.3,33.68,3.06,0.025,CATFISH
7.63,27.51,25.5,4.35,0.008,TILAPIA
6.24,28.81,37.58,4.64,0.067,CATFISH
7.28,28.37,46.47,4.34,0.046,TILAPIA
8.97,28.66,41.88,3.61,0.04,TILAPIA
7.67,23.01,24.73,7.84,0.014,CARP
8.14,27.78,6.63,6.06,0.013,SHRIMP
7.74,9.65,4.87,10.21,0.007,SALMON
8.39,21.54,36.59,7.15,0.048,CARP
7.48,29.01,35.09,4.99,0.002,ROHU
8.29,27.53,11.26,7.24,0.013,SHRIMP
6.89,27.64,49.67,6.52,0.016,TILAPIA
8.17,11.28,2.87,10.14,0.005,SALMON
7.97,21.92,21.67,5.08,0.019,ROHU
7.07,22.36,56.57,3.27,0.021,CATFISH
7.36,26.15,20.59,4.9,0.032,ROHU
6.04,22.45,88.5,4.47,0.037,CATFISH
8.11,26.44,24.29,4.38,0.036,CARP
7.67,20.02,36.65,5.74,0.03,CARP
7.28,10.98,5.18,9.58,0.005,TROUT
8.39,29.22,11.86,5.59,0.019,SHRIMP
7.6,30.48,43.16,3.65,0.028,TILAPIA
8.02,14.5,3.03,9.15,0.01,SALMON
6.26,27.62,32.33,2.66,0.096,CATFISH
6.61,9.4,3.01,10.28,0.009,SALMON
8.05,28.83,71.69,4.18,0.011,CATFISH
7.23,28.92,86.22,4.24,0.079,CATFISH
8.12,29.5,84.61,3.12,0.017,CATFISH
6.2,28.08,32.34,3.9,0.099,CATFISH
6.08,26.36,78.93,4.35,0.012,CATFISH
7.37,11.72,4.94,8.99,0.002,SALMON
6.71,15.42,8.52,8.95,0.003,TROUT
8.15,30.19,49.44,3.69,0.017,TILAPIA
7.49,23.86,19.5,7.61,0.007,CARP
6.8,26.89,11.45,6.4,0.001,TILAPIA
7.9,14.0,3.01,8.16,0.005,TROUT
7.94,19.55,35.29,4.73,0.002,CARP
8.18,29.02,23.05,5.99,0.03,ROHU
7.07,12.94,8.7,7.51,0.004,TROUT
7.01,26.16,32.37,3.17,0.043,TILAPIA
8.49,28.33,6.45,7.56,0.003,SHRIMP
7.14,18.61,13.43,7.11,0.002,CARP
7.73,27.52,9.77,5.75,0.006,SHRIMP
8.89,28.27,28.48,5.01,0.05,TILAPIA
7.56,15.56,4.12,7.29,0.004,TROUT
7.02,15.99,2.13,8.21,0.005,TROUT
7.46,14.68,9.56,8.53,0.006,TROUT
7.75,25.43,30.36,4.77,0.02,ROHU
7.3,13.75,1.16,9.5,0.009,SALMON
6.09,25.41,60.3,3.33,0.076,CATFISH
8.15,25.51,12.61,7.74,0.012,CARP
8.08,21.54,39.6,4.87,0.009,CARP
7.06,10.38,4.61,8.08,0.005,SALMON
6.84,29.35,60.91,3.44,0.029,CATFISH
7.99,25.77,11.95,4.06,0.03,CARP
7.78,21.17,36.24,6.95,0.043,ROHU
7.04,26.6,36.85,3.0,0.038,TILAPIA
7.55,28.33,19.01,7.23,0.006,ROHU
7.02,17.96,6.34,7.08,0.002,TROUT
6.75,17.66,3.4,9.14,0.008,TROUT
8.16,10.68,2.41,10.2,0.002,SALMON
7.32,12.31,0.01,8.09,0.006,TROUT
7.26,10.51,7.83,8.81,0.007,TROUT
6.81,29.15,48.65,6.55,0.035,TILAPIA
7.68,13.84,5.9,7.54,0.005,TROUT
7.07,13.46,4.09,7.01,0.003,TROUT
7.06,17.34,4.73,9.55,0.003,TROUT
7.75,25.62,17.05,6.59,0.004,SHRIMP
6.54,10.63,2.27,9.42,0.007,TROUT
7.75,24.04,52.67,3.19,0.031,CATFISH
7.87,19.09,27.6,6.53,0.044,CARP
6.99,12.0,1.7,8.17,0.006,TROUT
6.77,16.43,6.86,9.06,0.009,TROUT
7.08,9.02,0.41,10.64,0.004,SALMON
8.51,26.99,44.72,4.29,0.037,TILAPIA
8.32,27.89,32.11,6.93,0.008,ROHU
7.65,28.26,51.18,5.11,0.017,CATFISH
8.09,25.64,33.35,7.05,0.005,ROHU
7.55,25.0,23.81,4.44,0.04,CARP
8.05,27.84,17.49,6.64,0.009,SHRIMP
7.05,14.61,4.19,9.97,0.01,SALMON
7.64,29.68,49.72,3.99,0.028,TILAPIA
8.14,21.48,25.23,4.85,0.038,CARP
7.11,14.16,4.23,9.1,0.008,TROUT
8.14,12.0,1.53,10.89,0.009,SALMON
7.44,23.03,88.52,3.98,0.072,CATFISH
8.2,19.76,11.76,5.99,0.015,CARP
6.8,10.99,7.29,9.26,0.003,TROUT
7.2,12.84,2.78,7.56,0.009,TROUT
8.52,28.88,13.27,6.56,0.044,TILAPIA
7.41,10.8,3.01,10.53,0.006,SALMON
7.53,25.25,18.45,7.25,0.017,SHRIMP
7.41,22.84,21.83,5.26,0.041,CARP
8.77,28.14,26.58,6.32,0.038,TILAPIA
7.6,29.26,15.56,5.34,0.02,SHRIMP
7.87,27.03,31.12,4.6,0.015,CATFISH
7.31,25.73,34.39,4.6,0.003,ROHU
6.0,24.21,73.29,4.61,0.097,CATFISH
7.3,11.72,3.95,8.67,0.003,SALMON
7.2,28.3,91.28,5.87,0.079,CATFISH
7.1,25.15,25.3,4.91,0.0,ROHU
7.15,14.77,8.98,8.96,0.009,TROUT
7.56,24.54,25.77,6.54,0.0,TILAPIA
7.73,25.81,82.23,3.08,0.024,CATFISH
7.6,10.03,4.06,9.04,0.007,SALMON
7.23,22.56,27.36,7.48,0.032,CARP
7.27,9.37,3.02,9.67,0.004,SALMON
7.75,23.67,23.53,5.35,0.004,ROHU
7.47,12.38,9.47,7.79,0.007,TROUT
7.17,24.51,16.24,7.19,0.007,ROHU
8.15,25.67,17.13,5.41,0.0,CARP
7.19,20.94,32.77,6.04,0.04,CARP
8.09,28.0,18.97,6.71,0.01,SHRIMP
7.62,27.85,13.42,6.87,0.013,CARP
7.76,24.61,33.18,5.93,0.045,CARP
7.84,14.66,4.26,7.01,0.003,TROUT
8.46,28.1,15.63,5.69,0.031,TILAPIA
7.89,23.45,78.82,5.61,0.053,CATFISH
7.7,11.17,3.41,9.56,0.005,TROUT
7.58,17.5,7.09,8.07,0.006,TROUT
7.81,30.84,17.42,6.37,0.015,SHRIMP
7.49,13.63,7.29,8.9,0.006,TROUT
7.37,19.91,22.25,5.47,0.002,CARP
7.08,27.68,27.3,5.16,0.006,ROHU
6.93,16.26,2.24,7.74,0.003,TROUT
7.11,26.7,28.64,5.79,0.018,TILAPIA
7.63,26.29,13.96,7.69,0.006,SHRIMP
7.71,27.24,16.66,5.66,0.016,SHRIMP
7.59,20.14,26.83,6.3,0.038,CARP
7.3,15.55,4.65,7.21,0.009,TROUT
6.45,22.96,45.45,2.93,0.046,CATFISH
8.24,27.53,18.22,7.15,0.011,SHRIMP
6.42,28.67,32.37,2.76,0.065,CATFISH
7.36,8.27,3.22,8.58,0.006,SALMON
8.93,26.81,22.12,5.04,0.014,TILAPIA
7.49,27.78,29.1,6.72,0.045,ROHU
6.56,28.28,29.66,4.32,0.035,TILAPIA
7.95,18.46,13.05,5.16,0.029,CARP
7.71,29.01,26.1,3.27,0.031,TILAPIA
7.27,11.32,9.08,8.49,0.008,TROUT
7.09,10.54,8.19,8.61,0.01,TROUT
7.08,29.79,50.9,3.4,0.089,CATFISH
7.46,18.48,31.23,7.86,0.027,CARP
7.65,29.66,5.96,6.32,0.008,SHRIMP
7.7,19.61,12.65,6.93,0.007,CARP
8.07,23.55,17.79,7.22,0.02,CARP
7.53,30.27,11.38,7.28,0.018,SHRIMP
6.62,27.68,30.9,5.28,0.023,TILAPIA
7.22,27.8,29.89,5.07,0.045,ROHU
7.88,19.91,17.58,7.14,0.028,CARP
7.44,22.1,34.96,7.48,0.038,CARP
7.36,29.03,20.04,4.17,0.016,TILAPIA
8.07,29.86,7.8,7.49,0.013,SHRIMP
7.16,12.29,4.2,8.14,0.006,SALMON
7.56,24.15,80.01,4.3,0.069,CATFISH
7.39,14.99,3.45,10.05,0.003,SALMON
6.59,30.34,13.02,5.32,0.017,TILAPIA
7.12,11.59,3.95,10.91,0.004,SALMON
8.04,29.69,25.9,3.73,0.015,TILAPIA
6.51,17.97,0.66,8.61,0.007,TROUT
7.16,12.14,3.68,8.8,0.009,SALMON
7.22,20.05,17.58,5.74,0.001,CARP
7.92,10.46,3.95,10.09,0.006,SALMON
6.55,16.67,5.93,7.65,0.01,TROUT
8.06,20.67,19.4,6.67,0.03,CARP
7.3,11.07,4.77,9.89,0.008,TROUT
7.31,14.33,2.79,9.7,0.004,SALMON
6.69,13.64,0.96,9.37,0.007,SALMON
7.49,23.46,31.95,4.96,0.019,ROHU
6.5,29.02,10.28,6.15,0.007,TILAPIA
8.09,27.84,25.87,6.57,0.047,TILAPIA
6.81,12.39,1.08,7.02,0.002,TROUT
8.11,28.94,93.87,5.1,0.071,CATFISH
7.22,11.46,3.92,7.81,0.001,TROUT
7.78,24.41,29.9,4.83,0.001,ROHU
6.7,25.8,54.82,5.65,0.012,CATFISH
7.51,29.66,19.77,6.4,0.009,SHRIMP
7.14,19.05,21.81,5.89,0.01,CARP
8.28,13.4,3.51,8.98,0.001,SALMON
7.76,25.91,72.84,3.8,0.008,CATFISH
7.93,25.7,42.23,5.42,0.082,CATFISH
8.13,23.09,24.74,5.73,0.023,ROHU
6.3,26.79,36.99,5.11,0.006,CATFISH
7.09,9.27,4.81,10.76,0.001,SALMON
8.22,26.31,17.75,6.66,0.042,TILAPIA
8.11,29.93,15.33,5.54,0.006,SHRIMP
8.12,25.43,14.21,7.21,0.004,SHRIMP
7.55,8.85,4.26,10.97,0.004,SALMON
7.89,26.89,41.06,5.62,0.038,ROHU
7.5,15.63,0.26,9.08,0.009,TROUT
7.71,31.16,36.99,5.45,0.036,TILAPIA
6.89,16.43,4.13,7.8,0.002,TROUT
7.01,21.11,43.86,7.28,0.021,ROHU
6.04,29.96,35.15,4.12,0.088,CATFISH
7.12,12.77,3.59,10.95,0.007,SALMON
7.25,27.03,20.96,4.01,0.018,TILAPIA
7.43,29.25,27.12,7.13,0.015,ROHU
7.95,25.19,12.3,5.68,0.006,SHRIMP
7.71,29.72,82.53,4.51,0.07,CATFISH
7.29,18.79,19.99,5.3,0.033,CARP
8.27,28.49,5.96,5.11,0.004,SHRIMP
7.88,26.6,17.13,5.01,0.007,SHRIMP
7.91,24.81,26.61,6.43,0.033,TILAPIA
7.62,24.53,21.12,5.79,0.041,CARP
7.88,28.94,47.11,3.27,0.019,TILAPIA
8.35,11.45,2.38,8.76,0.0,SALMON
8.27,25.62,10.74,5.39,0.004,SHRIMP
6.98,11.7,3.93,9.1,0.001,TROUT
8.23,21.27,27.6,6.12,0.026,ROHU
7.94,26.77,40.27,7.2,0.023,ROHU
8.04,19.13,20.52,6.94,0.017,CARP
7.66,26.11,32.48,5.48,0.094,CATFISH
7.16,8.82,1.58,9.93,0.008,SALMON
7.24,16.83,6.84,8.24,0.007,TROUT
7.72,25.78,46.95,4.41,0.084,CATFISH
6.58,14.04,3.96,10.45,0.006,SALMON
7.25,11.28,1.96,8.81,0.006,TROUT
7.44,26.0,17.49,4.52,0.02,ROHU
6.62,11.21,1.99,8.49,0.002,SALMON
8.42,28.6,5.88,6.36,0.004,SHRIMP
6.47,25.85,44.39,3.14,0.025,CATFISH
8.39,23.4,20.54,7.59,0.039,CARP
7.47,25.67,42.55,5.7,0.025,ROHU
8.3,30.54,12.46,5.58,0.015,SHRIMP
7.56,15.33,2.51,8.34,0.008,TROUT
8.95,25.43,13.84,5.66,0.045,TILAPIA
8.01,27.55,11.46,6.46,0.006,SHRIMP
8.34,23.49,51.15,4.27,0.048,CATFISH
8.4,29.73,43.28,6.43,0.012,ROHU
7.32,14.6,7.05,8.89,0.003,TROUT
7.36,24.48,34.37,5.47,0.009,CARP
6.69,29.36,49.64,5.99,0.046,CATFISH
7.16,13.67,9.67,9.61,0.008,TROUT
7.17,22.38,20.96,6.55,0.01,CARP
8.38,18.01,23.14,4.12,0.046,CARP
7.89,17.09,6.38,9.3,0.006,TROUT
7.28,10.26,4.86,10.32,0.007,SALMON
8.28,8.12,1.14,10.09,0.005,SALMON
8.3,30.69,20.14,6.02,0.02,TILAPIA
8.56,27.57,45.91,3.48,0.014,TILAPIA
7.52,24.92,13.22,4.53,0.02,CARP
7.34,9.42,2.93,9.16,0.002,SALMON
7.81,13.08,4.94,9.4,0.004,SALMON
8.09,24.12,12.67,7.72,0.007,CARP
8.47,24.79,79.56,3.38,0.03,CATFISH
7.93,20.52,36.62,6.71,0.017,ROHU
6.06,22.18,67.3,5.44,0.06,CATFISH
6.81,12.59,2.97,8.87,0.002,SALMON
8.5,27.71,5.78,5.53,0.011,SHRIMP
7.29,11.97,2.79,9.08,0.006,SALMON
8.01,30.92,33.49,4.77,0.029,TILAPIA
6.82,16.22,5.86,7.71,0.002,TROUT
6.6,25.42,73.57,3.29,0.075,CATFISH
7.79,16.78,4.95,7.59,0.007,TROUT
6.84,30.68,31.62,3.46,0.046,TILAPIA
8.47,24.32,35.34,6.38,0.005,ROHU
7.97,8.47,0.51,8.85,0.003,SALMON
8.1,23.5,30.05,4.63,0.039,CARP
8.74,31.62,33.66,5.01,0.042,TILAPIA
7.97,13.7,6.76,9.19,0.006,TROUT
7.43,23.32,22.91,6.82,0.02,CARP
7.73,28.45,21.92,4.68,0.036,TILAPIA
8.37,8.92,0.07,9.57,0.008,SALMON
8.16,24.77,21.87,5.79,0.019,ROHU
7.56,10.54,4.78,10.37,0.005,SALMON
8.95,31.91,25.94,6.95,0.043,TILAPIA
7.74,24.8,23.5,5.09,0.015,ROHU
7.24,27.53,39.84,7.19,0.026,CARP
7.16,27.94,28.19,5.08,0.039,ROHU
8.42,14.05,4.44,9.9,0.008,SALMON
8.35,27.53,7.18,5.6,0.006,SHRIMP
8.47,10.8,0.85,10.81,0.0,SALMON
6.46,23.23,40.88,5.59,0.071,CATFISH
6.65,11.26,5.09,8.26,0.004,TROUT
7.73,29.68,14.74,6.1,0.0,SHRIMP
7.08,26.74,24.43,5.57,0.02,ROHU
7.36,21.4,41.54,4.9,0.004,ROHU
7.78,26.67,33.53,3.19,0.02,CATFISH
7.46,28.07,78.28,4.57,0.021,CATFISH
7.94,26.94,21.71,5.28,0.045,ROHU
6.54,9.92,2.56,9.06,0.0,SALMON
7.83,26.37,95.16,5.55,0.085,CATFISH
7.35,25.67,19.52,7.45,0.049,ROHU
6.6,11.09,1.92,9.01,0.001,TROUT
6.67,11.67,5.72,7.74,0.007,TROUT
8.22,26.47,73.58,4.45,0.089,CATFISH
7.14,11.15,1.6,8.36,0.006,SALMON
7.06,9.64,4.56,8.89,0.006,SALMON
7.03,20.34,24.99,6.59,0.013,ROHU
8.31,22.58,22.98,5.59,0.044,CARP
7.76,28.97,13.99,7.69,0.002,SHRIMP
6.29,22.49,43.54,3.97,0.075,CATFISH
7.27,28.71,43.83,5.16,0.042,ROHU
7.97,25.26,34.93,4.99,0.015,CATFISH
6.93,17.9,5.48,8.43,0.01,TROUT
8.64,25.38,28.73,6.51,0.002,TILAPIA
8.36,23.97,31.49,7.37,0.026,CARP
7.91,27.22,37.07,5.75,0.04,TILAPIA
6.17,24.99,59.4,5.46,0.05,CATFISH
8.43,18.72,23.82,5.93,0.013,CARP
8.17,10.06,0.35,9.9,0.008,SALMON
8.25,29.27,21.95,5.9,0.047,TILAPIA
7.36,25.33,33.55,5.72,0.034,CARP
7.19,13.13,0.36,9.52,0.005,SALMON
7.93,27.88,15.11,5.56,0.018,SHRIMP
7.18,8.33,3.12,9.42,0.003,SALMON
8.4,24.4,30.02,5.01,0.047,ROHU
8.08,27.28,40.97,6.0,0.012,ROHU
7.46,25.21,15.88,4.92,0.04,CARP
7.62,20.55,27.29,5.11,0.001,ROHU
6.64,11.24,8.46,7.51,0.001,TROUT
7.51,20.13,42.67,5.44,0.026,ROHU
8.09,30.74,9.9,7.3,0.003,SHRIMP
6.83,13.94,4.17,9.94,0.009,TROUT
7.12,21.62,39.47,7.14,0.029,CARP
6.56,11.95,0.92,9.88,0.002,TROUT
7.08,18.91,22.8,7.09,0.041,CARP
6.52,27.27,32.2,5.06,0.02,TILAPIA
7.25,22.2,59.25,5.4,0.061,CATFISH
7.46,10.47,4.46,10.7,0.002,SALMON
8.13,24.01,39.85,6.62,0.036,CARP
8.23,19.9,13.43,4.31,0.001,CARP
8.63,26.45,24.29,6.39,0.014,TILAPIA
6.57,12.17,4.52,8.97,0.003,SALMON
7.69,26.63,15.96,5.8,0.031,CARP
8.31,24.79,39.98,5.41,0.032,TILAPIA
7.89,16.97,3.93,7.54,0.001,TROUT
7.56,27.21,26.91,5.45,0.015,TILAPIA
7.53,10.6,3.62,9.37,0.005,SALMON
6.63,28.51,26.71,4.44,0.048,TILAPIA
6.73,24.37,45.44,3.67,0.031,TILAPIA
6.59,8.82,4.96,10.88,0.007,SALMON
6.95,13.71,6.29,9.19,0.002,TROUT
7.92,20.8,18.1,6.33,0.032,ROHU
7.85,10.65,1.24,8.04,0.001,TROUT
7.77,12.65,4.02,9.19,0.0,SALMON
8.2,27.11,99.88,5.67,0.039,CATFISH
7.42,12.88,3.35,9.55,0.006,SALMON
7.42,22.78,85.88,4.22,0.005,CATFISH
6.75,10.98,4.36,9.93,0.01,SALMON
7.25,21.61,20.01,5.61,0.041,ROHU
6.54,24.72,85.18,4.69,0.026,CATFISH
7.68,27.86,5.61,5.06,0.0,SHRIMP
7.04,22.74,34.35,6.36,0.003,ROHU
7.46,13.14,4.66,7.62,0.0,TROUT
7.59,26.71,18.35,6.77,0.007,SHRIMP
8.06,25.55,12.83,7.21,0.003,CARP
7.69,27.32,37.82,6.85,0.045,CARP
7.09,11.95,3.24,8.44,0.008,SALMON
6.68,13.28,2.35,8.36,0.003,TROUT
8.95,24.54,41.64,4.89,0.014,TILAPIA
7.78,20.57,36.94,4.72,0.031,CARP
7.95,25.32,16.48,7.58,0.016,SHRIMP
8.11,26.79,39.59,5.64,0.001,CARP
6.72,27.35,44.39,2.74,0.058,CATFISH
7.87,8.02,1.82,10.72,0.007,SALMON
6.64,12.11,2.7,8.67,0.0,TROUT
7.65,28.93,9.41,5.51,0.004,SHRIMP
8.48,27.79,37.29,5.57,0.027,ROHU
7.78,27.19,45.13,4.84,0.021,CATFISH
7.24,13.08,3.98,8.67,0.003,SALMON
8.32,20.19,25.88,4.62,0.011,ROHU
7.15,13.86,3.72,8.2,0.008,SALMON
8.13,10.11,4.66,8.64,0.009,SALMON
6.87,14.69,6.96,7.86,0.004,TROUT
7.91,26.89,6.61,6.02,0.012,SHRIMP
7.48,26.36,16.35,4.8,0.038,CARP
7.05,28.55,17.51,7.08,0.049,ROHU
7.87,28.89,15.52,7.66,0.018,SHRIMP
7.97,24.5,35.38,6.5,0.011,ROHU
8.94,28.41,12.98,6.49,0.016,TILAPIA
8.15,22.21,37.91,5.04,0.025,ROHU
7.81,24.18,26.25,4.46,0.049,TILAPIA
8.28,26.5,16.78,5.48,0.028,ROHU
8.11,25.91,30.82,5.32,0.017,CARP
7.44,25.98,38.05,3.28,0.042,TILAPIA
7.55,30.03,18.14,6.19,0.019,SHRIMP
6.07,25.08,91.91,4.27,0.053,CATFISH
7.86,18.54,26.83,6.59,0.032,CARP
6.85,12.66,9.01,9.2,0.001,TROUT
8.08,27.19,38.85,3.66,0.002,CATFISH
8.48,9.25,1.75,8.05,0.001,SALMON
7.66,12.96,4.33,10.9,0.009,SALMON
7.95,29.55,39.2,5.15,0.048,ROHU
7.06,26.5,24.7,7.24,0.047,CARP
7.56,21.16,23.98,6.58,0.024,ROHU
8.74,31.65,39.22,5.16,0.048,TILAPIA
7.25,14.02,2.1,10.81,0.007,SALMON
7.17,24.81,29.48,6.55,0.006,ROHU
8.33,23.7,17.75,7.4,0.038,CARP
8.25,24.01,37.82,6.08,0.047,ROHU
7.23,14.79,3.69,10.32,0.003,SALMON
6.5,27.59,70.05,2.97,0.079,CATFISH
6.61,23.95,85.42,4.29,0.038,CATFISH
7.72,23.82,17.23,4.81,0.035,CARP
7.31,22.01,43.3,3.11,0.025,CATFISH
8.06,25.87,15.09,5.47,0.015,SHRIMP
7.84,12.93,3.16,9.95,0.009,SALMON
8.45,22.22,31.17,4.55,0.048,ROHU
7.03,25.54,61.38,4.64,0.077,CATFISH
7.25,22.22,38.42,6.28,0.021,CARP
7.38,15.79,4.07,7.69,0.006,TROUT
6.54,10.47,3.18,9.11,0.009,SALMON
7.1,26.54,27.67,5.04,0.017,CARP
8.02,22.68,21.87,7.12,0.004,CARP
7.95,27.01,18.91,7.33,0.004,SHRIMP
7.64,26.51,36.14,7.18,0.042,ROHU
7.06,23.85,34.15,5.58,0.029,CARP
6.84,9.96,0.55,9.5,0.008,SALMON
6.4,22.19,56.2,3.57,0.04,CATFISH
8.59,27.31,35.34,5.66,0.037,TILAPIA
8.99,30.45,28.25,5.99,0.026,TILAPIA
7.87,26.49,16.82,6.35,0.036,ROHU
6.94,10.07,1.33,10.55,0.006,SALMON
8.19,28.65,54.18,4.97,0.005,CATFISH
8.09,23.04,43.58,6.82,0.018,ROHU
6.95,26.66,73.51,4.03,0.051,CATFISH
8.98,26.3,25.31,3.9,0.032,TILAPIA
7.64,29.55,29.65,7.09,0.002,ROHU
7.74,26.9,65.87,5.26,0.047,CATFISH
7.94,24.86,28.55,5.8,0.023,TILAPIA
8.14,22.67,26.54,4.92,0.004,ROHU
7.43,26.25,20.24,3.3,0.049,TILAPIA
7.63,30.81,11.41,6.21,0.005,SHRIMP
7.62,26.41,29.2,5.38,0.005,CARP
8.32,21.19,34.57,4.52,0.032,ROHU
7.54,10.61,0.92,9.89,0.009,TROUT
7.6,16.64,0.68,7.97,0.008,TROUT
7.16,25.71,60.4,4.92,0.021,CATFISH
7.58,22.31,13.13,5.62,0.039,CARP
8.37,27.76,47.0,4.41,0.042,TILAPIA
8.0,30.07,11.51,7.97,0.012,SHRIMP
7.24,24.09,34.42,5.31,0.026,TILAPIA
7.65,26.03,10.35,5.56,0.01,SHRIMP
8.42,29.42,5.8,7.6,0.019,SHRIMP
7.98,26.57,22.67,6.6,0.043,ROHU
7.66,27.27,33.83,7.13,0.018,CARP
7.89,27.39,38.91,4.45,0.008,TILAPIA
7.9,15.1,9.41,8.75,0.001,TROUT
8.09,25.3,30.94,7.27,0.044,CARP
7.24,11.19,3.54,8.99,0.006,TROUT
7.55,12.79,7.48,9.78,0.006,TROUT
6.73,25.32,40.62,4.35,0.048,TILAPIA
8.48,22.46,28.21,7.15,0.012,ROHU
7.54,29.18,37.85,5.28,0.047,ROHU
6.68,26.37,40.82,3.63,0.071,CATFISH
8.37,26.03,5.35,6.59,0.004,SHRIMP
7.99,30.95,14.54,7.42,0.013,SHRIMP
8.03,27.58,11.84,7.65,0.014,SHRIMP
8.27,14.19,2.3,10.1,0.002,SALMON
6.59,12.82,6.48,9.45,0.01,TROUT
6.6,14.42,0.06,8.84,0.004,SALMON
7.83,22.62,17.66,4.35,0.007,CARP
8.05,12.08,2.11,9.23,0.01,SALMON
8.0,24.87,31.23,7.56,0.02,CARP
7.49,28.42,31.83,5.33,0.041,TILAPIA
7.16,12.13,2.5,7.71,0.008,TROUT
7.84,24.64,40.04,6.51,0.047,TILAPIA
7.41,30.45,22.38,6.58,0.027,TILAPIA
8.22,28.38,15.5,6.92,0.002,SHRIMP
8.05,20.45,35.72,7.53,0.018,CARP
8.18,30.71,18.74,6.93,0.003,SHRIMP
8.46,22.83,61.52,4.42,0.009,CATFISH
7.84,31.7,11.11,6.65,0.045,TILAPIA
6.94,25.93,58.25,5.82,0.052,CATFISH
7.28,24.39,12.94,7.03,0.036,CARP
7.13,28.77,31.17,7.26,0.022,ROHU
6.71,10.13,2.04,10.83,0.003,SALMON
7.97,20.44,24.71,5.84,0.027,CARP
7.95,21.34,25.71,4.74,0.029,ROHU
8.4,30.61,14.91,5.91,0.013,SHRIMP
7.02,28.32,42.5,6.1,0.006,ROHU
8.39,27.31,6.83,5.04,0.008,SHRIMP
7.99,24.86,63.75,3.32,0.075,CATFISH
8.2,25.99,16.27,5.54,0.011,SHRIMP
7.23,24.24,36.38,4.38,0.048,CARP
8.15,23.33,29.83,6.82,0.01,ROHU
7.75,17.91,4.44,8.11,0.007,TROUT
8.18,11.93,2.98,10.03,0.008,SALMON
7.98,24.57,18.45,5.24,0.011,ROHU
7.15,20.04,35.61,6.29,0.014,ROHU
7.81,20.38,37.83,6.8,0.048,CARP
8.12,21.17,31.13,6.23,0.009,ROHU
8.32,29.63,10.5,6.49,0.013,SHRIMP
7.75,26.5,18.25,5.99,0.011,SHRIMP
6.97,11.47,3.81,9.67,0.006,SALMON
8.05,28.3,88.63,3.47,0.045,CATFISH
8.18,20.16,39.34,7.87,0.001,CARP
7.01,27.67,27.5,5.44,0.036,ROHU
8.19,30.77,35.25,4.24,0.0,TILAPIA
7.69,27.67,32.75,4.31,0.041,CATFISH
7.47,20.3,31.92,4.8,0.012,CARP
7.23,20.07,18.23,5.57,0.038,ROHU
8.24,26.64,54.6,4.3,0.026,CATFISH
7.54,22.64,93.75,4.11,0.02,CATFISH
7.36,26.78,15.6,6.49,0.003,CARP
8.18,26.49,15.02,6.18,0.018,SHRIMP
7.21,24.53,25.24,3.59,0.042,TILAPIA
8.68,24.88,19.36,5.98,0.023,TILAPIA
7.39,24.82,99.94,3.5,0.005,CATFISH
7.07,25.54,16.21,7.2,0.021,ROHU
8.04,30.12,19.59,7.26,0.015,SHRIMP
6.56,23.38,82.36,4.72,0.087,CATFISH
8.14,26.51,40.88,6.76,0.027,TILAPIA
7.5,12.76,8.58,8.21,0.0,TROUT
7.8,28.49,62.05,5.72,0.074,CATFISH
6.45,22.06,98.75,4.7,0.048,CATFISH
7.04,27.41,34.55,5.67,0.017,TILAPIA
7.02,28.24,42.69,5.85,0.028,ROHU
8.31,22.41,37.33,5.03,0.033,ROHU
6.97,14.6,4.0,7.75,0.0,TROUT
6.76,31.5,36.88,3.44,0.043,TILAPIA
7.42,26.25,32.15,6.49,0.045,CARP
7.06,8.88,1.33,9.35,0.004,SALMON
8.36,25.03,87.64,2.74,0.055,CATFISH
7.73,16.22,5.59,7.66,0.009,TROUT
7.87,22.67,68.23,5.55,0.058,CATFISH
7.73,27.71,14.42,7.12,0.016,SHRIMP
8.34,29.87,7.9,7.69,0.011,SHRIMP
8.42,22.04,44.74,6.6,0.031,ROHU
6.77,8.88,4.33,9.3,0.006,SALMON
6.85,12.51,6.28,8.31,0.01,TROUT
8.02,18.95,26.25,7.41,0.003,CARP
7.76,27.85,43.46,5.15,0.029,ROHU
7.98,9.07,2.97,10.16,0.008,SALMON
7.56,27.92,11.33,5.92,0.019,SHRIMP
7.02,26.94,42.27,6.89,0.031,ROHU
7.74,29.15,34.94,6.13,0.036,ROHU
7.28,8.31,1.81,8.01,0.003,SALMON
7.3,19.32,36.64,6.84,0.002,CARP
8.4,30.7,17.45,5.24,0.012,SHRIMP
8.5,26.11,34.94,6.48,0.036,CARP
8.25,30.15,10.84,6.74,0.004,SHRIMP
7.49,26.55,33.41,6.63,0.04,CARP
7.34,19.02,19.69,4.94,0.038,CARP
6.71,25.94,89.04,4.28,0.018,CATFISH
6.66,28.63,26.52,5.4,0.043,TILAPIA
8.04,26.46,23.36,4.96,0.04,CARP
7.52,20.31,11.17,7.63,0.012,CARP
8.13,26.9,6.0,7.68,0.02,SHRIMP
8.43,27.45,9.63,5.38,0.019,SHRIMP
8.09,27.31,38.79,5.07,0.039,CARP
7.4,24.54,16.62,3.51,0.022,TILAPIA
6.53,13.43,6.17,8.14,0.005,TROUT
8.49,25.39,15.02,6.04,0.01,SHRIMP
8.46,25.75,10.3,7.74,0.043,CARP
8.13,28.44,10.02,3.5,0.042,TILAPIA
7.9,21.09,26.7,6.11,0.025,CARP
7.58,28.82,58.35,5.07,0.067,CATFISH
7.77,16.54,4.6,9.07,0.001,TROUT
7.97,27.14,6.29,5.54,0.006,SHRIMP
7.72,27.47,46.54,5.83,0.035,TILAPIA
7.99,18.91,24.33,7.31,0.037,CARP
7.73,30.86,9.28,5.15,0.01,SHRIMP
7.97,26.51,71.73,4.78,0.052,CATFISH
8.49,23.79,37.82,7.67,0.014,CARP
6.68,17.23,6.36,9.76,0.008,TROUT
7.16,27.55,22.64,6.59,0.045,CARP
7.85,24.88,37.06,5.55,0.031,ROHU
6.09,22.53,61.55,3.59,0.082,CATFISH
7.35,23.03,28.72,6.74,0.001,ROHU
6.32,22.13,31.85,4.44,0.049,CATFISH
7.6,24.85,46.62,3.27,0.004,CATFISH
8.35,25.07,43.74,6.06,0.029,ROHU
7.0,11.42,1.11,9.82,0.009,TROUT
7.16,28.83,59.08,5.44,0.096,CATFISH
7.82,12.43,0.03,7.25,0.007,TROUT
7.54,13.0,7.76,9.87,0.007,TROUT
7.83,25.93,51.94,5.69,0.005,CATFISH
8.0,18.92,24.55,4.23,0.022,CARP
7.87,10.22,3.55,8.54,0.008,SALMON
8.07,13.64,0.15,8.1,0.009,SALMON
7.1,12.28,2.48,9.31,0.007,TROUT
8.81,26.41,18.71,5.1,0.01,TILAPIA
7.5,21.13,10.17,5.95,0.045,CARP
7.28,30.67,12.29,3.51,0.015,TILAPIA
6.75,28.6,42.56,3.4,0.017,TILAPIA
6.93,16.29,6.87,7.63,0.008,TROUT
7.82,12.2,1.34,7.31,0.004,TROUT
7.91,23.55,44.99,7.35,0.005,ROHU
7.03,12.68,3.63,10.88,0.008,SALMON
7.95,9.17,3.77,10.02,0.01,SALMON
7.47,25.22,43.69,4.65,0.035,ROHU
8.39,24.96,46.95,6.85,0.012,TILAPIA
6.77,22.07,55.95,3.06,0.072,CATFISH
8.5,24.57,35.55,5.53,0.043,ROHU
7.17,22.21,32.37,5.27,0.017,ROHU
7.15,24.45,61.85,3.5,0.08,CATFISH
7.47,10.68,3.48,9.79,0.001,SALMON
6.66,26.98,86.92,2.72,0.011,CATFISH
6.77,8.74,2.2,9.31,0.01,SALMON
8.03,29.43,69.23,2.98,0.073,CATFISH
7.01,14.52,4.69,8.12,0.005,TROUT
8.21,22.95,37.09,4.89,0.006,CARP
7.65,20.55,38.25,6.65,0.02,ROHU
7.74,30.3,15.21,6.43,0.024,TILAPIA
7.14,22.81,40.81,4.97,0.019,ROHU
8.39,27.5,16.24,5.7,0.017,SHRIMP
7.93,29.08,41.15,5.65,0.042,TILAPIA
6.73,17.28,4.93,9.67,0.007,TROUT
7.07,29.2,98.07,3.77,0.022,CATFISH
8.26,26.71,23.51,6.17,0.037,CARP
8.11,26.88,57.02,4.65,0.086,CATFISH
8.37,25.53,11.25,5.77,0.018,SHRIMP
7.82,26.84,25.97,5.13,0.02,ROHU
6.6,27.72,15.04,4.39,0.014,TILAPIA
7.31,11.67,6.25,7.33,0.005,TROUT
7.79,24.43,15.83,6.58,0.009,TILAPIA
6.9,13.26,5.38,9.27,0.008,TROUT
7.41,22.92,20.67,4.31,0.018,CARP
8.23,23.18,11.38,7.76,0.015,CARP
8.67,26.19,13.52,6.2,0.043,TILAPIA
7.12,28.27,35.41,3.91,0.005,TILAPIA
8.32,27.81,21.87,7.11,0.008,CARP
8.41,25.76,27.68,6.19,0.0,ROHU
7.04,13.01,1.1,9.95,0.006,TROUT
7.9,16.82,9.55,7.29,0.01,TROUT
6.81,15.68,9.09,7.01,0.006,TROUT
7.05,24.65,48.2,5.93,0.026,TILAPIA
7.39,24.53,17.82,5.4,0.023,CARP
7.3,27.07,34.1,3.51,0.037,TILAPIA
7.18,12.46,4.2,9.2,0.004,TROUT
8.1,24.36,33.18,7.48,0.016,CARP
7.78,27.08,12.81,6.3,0.012,SHRIMP
8.15,25.58,19.97,6.85,0.008,SHRIMP
7.52,10.88,3.68,10.06,0.007,SALMON
8.02,22.65,10.2,4.29,0.035,CARP
8.97,30.28,22.85,4.43,0.036,TILAPIA
7.16,24.74,89.78,5.27,0.033,CATFISH
7.75,19.15,26.33,6.84,0.005,CARP
7.55,8.32,2.5,9.14,0.007,SALMON
8.16,25.15,51.76,5.33,0.021,CATFISH
7.75,16.79,0.09,8.5,0.004,TROUT
8.66,28.88,49.31,6.4,0.043,TILAPIA
7.74,17.13,0.58,8.53,0.004,TROUT
7.68,25.33,24.93,6.95,0.05,TILAPIA
7.37,25.94,34.66,6.15,0.022,TILAPIA
7.07,10.74,5.17,7.01,0.003,TROUT
6.26,29.43,86.22,4.25,0.031,CATFISH
7.38,10.0,4.72,7.8,0.003,TROUT
7.44,21.17,20.31,6.35,0.008,ROHU
7.05,31.32,17.12,5.31,0.008,TILAPIA
7.77,28.13,25.12,3.22,0.01,TILAPIA
8.03,26.9,40.77,5.77,0.005,TILAPIA
7.27,19.74,32.01,4.73,0.006,CARP
7.57,26.95,87.43,5.17,0.088,CATFISH
7.57,13.24,7.6,8.92,0.004,TROUT
7.64,28.25,71.47,4.59,0.024,CATFISH
8.48,23.97,11.19,6.02,0.012,CARP
7.81,17.68,6.13,9.68,0.003,TROUT
7.25,27.66,26.86,7.0,0.044,ROHU
8.81,28.54,16.64,4.75,0.007,TILAPIA
7.98,25.55,26.88,6.57,0.011,CARP
7.69,22.28,22.31,5.24,0.015,CARP
7.53,30.44,16.99,5.4,0.0,SHRIMP
6.57,14.06,8.51,7.01,0.003,TROUT
7.97,25.53,13.42,6.08,0.025,CARP
7.76,29.88,17.09,5.77,0.027,TILAPIA
6.82,14.94,9.16,9.25,0.006,TROUT
7.6,25.41,29.68,6.56,0.045,CARP
8.5,25.6,18.39,7.05,0.018,CARP
7.79,27.83,39.73,7.2,0.024,CARP
7.08,26.64,47.53,6.93,0.023,TILAPIA
7.9,28.22,6.87,6.11,0.002,SHRIMP
7.06,22.25,28.77,4.72,0.024,ROHU
8.04,29.92,5.29,5.31,0.005,SHRIMP
7.86,16.7,9.98,8.51,0.007,TROUT
6.71,10.43,1.54,9.08,0.003,SALMON
6.43,28.77,90.08,4.22,0.011,CATFISH
7.35,10.53,9.14,8.36,0.003,TROUT
7.3,22.49,13.11,4.28,0.035,CARP
8.46,20.7,16.05,6.24,0.01,CARP
7.32,30.76,18.99,4.46,0.046,TILAPIA
8.04,9.67,4.12,8.05,0.008,SALMON
8.24,23.79,92.69,4.95,0.043,CATFISH
7.79,29.86,42.74,4.18,0.088,CATFISH
8.31,22.34,33.86,7.48,0.042,CARP
7.72,27.63,7.62,5.54,0.01,SHRIMP
6.29,27.67,94.92,4.12,0.097,CATFISH
6.94,14.93,0.62,9.36,0.001,TROUT
6.88,12.31,0.2,8.67,0.003,TROUT
8.25,27.14,9.42,7.14,0.005,SHRIMP
7.52,18.94,39.37,6.9,0.014,CARP
7.6,27.62,9.47,6.09,0.015,SHRIMP
7.68,27.49,32.8,5.17,0.031,CARP
8.04,26.94,26.04,6.67,0.028,ROHU
8.1,21.32,31.9,4.65,0.049,CARP
7.78,27.64,42.27,6.86,0.011,ROHU
7.83,30.87,6.81,6.79,0.001,SHRIMP
8.1,20.5,43.89,6.9,0.027,ROHU
8.41,30.22,6.6,5.7,0.012,SHRIMP
6.81,31.26,21.07,5.67,0.035,TILAPIA
8.46,27.68,14.43,6.2,0.029,CARP
7.53,22.67,22.36,7.44,0.013,ROHU
8.44,28.04,37.78,4.57,0.031,ROHU
7.82,12.35,4.26,8.77,0.0,SALMON
7.87,26.93,18.3,7.56,0.006,SHRIMP
8.22,12.26,1.57,9.83,0.001,SALMON
7.6,18.77,34.88,5.85,0.029,CARP
7.77,24.07,59.71,5.41,0.085,CATFISH
7.66,22.26,17.93,5.81,0.033,ROHU
8.79,26.43,10.55,3.11,0.002,TILAPIA
6.61,28.23,23.17,3.42,0.022,TILAPIA
8.5,27.55,32.0,4.32,0.034,TILAPIA
7.28,29.02,23.65,4.63,0.036,TILAPIA
7.68,15.82,7.53,7.58,0.009,TROUT
8.22,26.94,29.35,5.57,0.03,CARP
8.06,27.82,10.97,5.63,0.019,SHRIMP
6.96,12.1,4.99,9.49,0.008,SALMON
8.2,28.39,19.5,7.2,0.007,SHRIMP
8.49,27.28,6.16,5.73,0.019,SHRIMP
6.81,12.94,0.34,8.02,0.0,SALMON
7.95,20.33,13.73,7.46,0.031,CARP
6.51,30.34,19.72,4.2,0.017,TILAPIA
6.59,9.64,0.3,10.42,0.0,SALMON
7.4,18.92,26.23,4.74,0.021,CARP
8.01,29.01,35.53,4.7,0.01,ROHU
7.79,29.83,34.68,4.89,0.044,ROHU
6.83,10.7,4.5,8.1,0.006,SALMON
7.48,20.56,32.01,6.29,0.003,CARP
7.61,16.05,5.99,7.33,0.009,TROUT
7.2,22.48,42.2,6.59,0.015,ROHU
6.43,24.55,98.78,5.23,0.084,CATFISH
7.37,24.08,32.36,6.15,0.036,CARP
7.16,26.69,22.5,3.31,0.04,TILAPIA
7.85,24.76,35.91,4.21,0.046,CARP
6.9,12.83,9.31,7.22,0.005,TROUT
7.96,22.53,35.33,5.03,0.014,CARP
6.87,25.45,45.07,5.43,0.04,TILAPIA
6.71,11.67,0.98,8.64,0.003,SALMON
7.66,21.41,23.88,6.55,0.022,CARP
8.32,29.76,16.97,5.05,0.015,SHRIMP
7.24,23.45,27.61,6.61,0.038,ROHU
8.29,30.5,18.82,6.59,0.001,SHRIMP
8.35,24.7,56.43,4.14,0.027,CATFISH
6.76,28.75,84.8,4.53,0.025,CATFISH
8.31,22.03,21.24,6.57,0.046,CARP
8.25,29.09,31.9,6.86,0.031,ROHU
6.05,26.42,39.18,5.53,0.098,CATFISH
7.67,21.48,29.14,6.43,0.017,CARP
7.97,25.55,36.56,7.32,0.039,ROHU
7.42,10.42,3.0,10.77,0.006,SALMON
7.74,27.6,5.77,7.06,0.015,SHRIMP
7.74,25.43,40.01,6.53,0.046,ROHU
8.06,29.79,37.02,3.38,0.039,TILAPIA
6.88,10.83,2.0,8.83,0.007,SALMON
8.08,28.31,13.78,5.21,0.006,SHRIMP
7.2,29.22,57.24,5.24,0.029,CATFISH
7.72,25.3,28.99,6.39,0.022,TILAPIA
6.15,23.33,84.06,5.72,0.017,CATFISH
8.95,28.46,11.43,3.85,0.022,TILAPIA
7.67,11.62,7.6,8.88,0.003,TROUT
6.59,23.76,34.32,3.88,0.01,CATFISH
7.91,29.24,12.59,6.59,0.009,SHRIMP
8.3,29.35,17.08,4.48,0.046,TILAPIA
8.29,26.92,50.92,4.88,0.043,CATFISH
7.6,10.25,6.32,8.89,0.001,TROUT
7.53,25.73,17.58,5.66,0.017,SHRIMP
6.87,12.56,3.87,10.65,0.009,SALMON
6.21,27.48,97.11,3.81,0.033,CATFISH
8.05,28.58,8.81,6.21,0.012,SHRIMP
7.88,16.45,4.48,8.59,0.006,TROUT
7.36,23.65,12.73,5.55,0.011,CARP
7.88,10.0,3.87,8.03,0.004,SALMON
6.85,11.07,7.28,8.71,0.001,TROUT
7.82,23.98,51.07,3.34,0.024,CATFISH
8.33,28.9,24.09,3.53,0.032,TILAPIA
6.94,28.63,37.92,3.02,0.022,TILAPIA
6.59,25.35,57.33,4.44,0.009,CATFISH
7.73,23.36,44.09,5.64,0.046,ROHU
6.57,11.76,1.77,10.08,0.003,SALMON
8.16,11.41,1.03,9.53,0.005,SALMON
8.23,23.22,33.01,4.37,0.097,CATFISH
7.18,11.0,5.25,8.75,0.002,TROUT
7.19,25.02,34.88,4.66,0.04,ROHU
8.08,19.08,28.61,6.23,0.008,CARP
7.62,24.46,14.59,7.66,0.039,CARP
8.26,26.42,42.24,3.36,0.018,CATFISH
8.03,19.07,23.77,6.54,0.001,CARP
7.14,13.47,4.91,9.96,0.006,TROUT
7.2,24.15,19.38,4.57,0.028,ROHU
6.84,24.06,47.65,4.26,0.087,CATFISH
7.55,13.96,0.2,7.85,0.009,TROUT
8.2,24.02,35.31,5.01,0.037,ROHU
6.73,25.47,28.52,5.55,0.032,TILAPIA
8.74,26.41,10.52,5.78,0.009,TILAPIA
7.75,27.46,39.27,6.69,0.024,ROHU
7.11,15.06,1.04,8.91,0.005,TROUT
7.44,10.11,5.74,8.92,0.008,TROUT
8.35,22.0,21.66,6.49,0.005,ROHU
8.09,25.66,11.04,7.65,0.012,SHRIMP
7.6,12.74,0.42,8.77,0.001,TROUT
7.02,18.51,37.35,5.43,0.015,CARP
7.99,31.58,34.25,6.25,0.023,TILAPIA
7.6,27.02,23.91,6.01,0.046,CARP
6.82,26.19,37.61,5.46,0.048,CATFISH
7.67,25.29,39.81,5.74,0.012,ROHU
7.84,26.84,62.06,5.97,0.019,CATFISH
8.96,25.54,49.99,3.3,0.036,TILAPIA
7.29,11.44,3.15,9.27,0.01,SALMON
8.14,28.88,7.93,5.76,0.01,SHRIMP
8.39,28.62,86.73,2.76,0.094,CATFISH
7.51,12.11,2.77,9.85,0.005,SALMON
7.94,26.62,5.77,6.54,0.015,SHRIMP
7.51,27.32,44.74,3.86,0.009,TILAPIA
8.41,29.31,5.53,6.74,0.01,SHRIMP
7.17,26.87,23.32,7.96,0.014,CARP
7.33,27.17,27.91,5.94,0.02,TILAPIA
7.78,30.82,5.58,6.49,0.013,SHRIMP
7.93,30.6,7.68,6.2,0.02,SHRIMP
7.33,27.26,63.47,3.47,0.031,CATFISH
8.02,22.12,29.35,6.15,0.033,ROHU
7.11,11.78,3.47,9.63,0.009,TROUT
7.12,28.34,36.4,6.52,0.017,TILAPIA
6.71,29.71,59.11,5.77,0.01,CATFISH
7.64,25.07,23.75,4.2,0.038,CARP
8.45,8.37,0.96,9.92,0.009,SALMON
6.85,13.26,1.71,9.53,0.008,TROUT
8.53,27.47,32.77,4.69,0.026,TILAPIA
6.94,11.09,2.31,8.56,0.001,TROUT
8.35,22.86,30.09,6.31,0.017,ROHU
8.31,28.37,71.82,5.19,0.045,CATFISH
7.9,24.96,29.56,6.69,0.032,CARP
7.83,28.76,14.86,5.41,0.002,TILAPIA
8.23,9.36,2.97,9.81,0.008,SALMON
7.05,15.97,5.75,8.55,0.003,TROUT
7.35,14.29,3.01,9.61,0.008,SALMON
6.7,10.87,3.51,9.66,0.007,TROUT
7.85,29.03,12.78,6.61,0.006,SHRIMP
7.11,16.16,5.3,7.87,0.001,TROUT
7.24,8.46,4.57,9.16,0.007,SALMON
8.38,28.03,19.12,5.44,0.006,SHRIMP
8.11,26.88,15.77,6.3,0.042,ROHU
8.17,20.71,31.91,4.8,0.009,ROHU
8.5,11.5,4.68,9.03,0.007,SALMON
7.74,24.5,37.44,7.24,0.015,ROHU
8.27,27.05,12.51,5.15,0.011,SHRIMP
7.19,24.43,99.61,3.15,0.038,CATFISH
7.16,8.03,2.61,9.5,0.008,SALMON
6.59,8.84,4.72,8.39,0.007,SALMON
7.02,27.27,80.93,5.76,0.026,CATFISH
6.88,16.2,5.49,8.6,0.005,TROUT
7.17,13.01,1.17,10.05,0.005,SALMON
7.66,8.56,3.62,9.96,0.005,SALMON
6.83,30.31,36.23,4.14,0.02,TILAPIA
7.62,25.56,18.86,6.9,0.023,CARP
8.1,24.14,41.6,6.26,0.019,TILAPIA
8.53,31.27,13.01,5.32,0.047,TILAPIA
6.4,27.88,73.61,3.56,0.044,CATFISH
8.07,10.84,1.18,10.66,0.008,SALMON
8.02,29.24,19.83,5.52,0.003,SHRIMP
6.75,10.54,2.15,8.16,0.006,SALMON
7.23,19.47,30.63,5.94,0.042,CARP
6.93,15.95,8.86,7.37,0.006,TROUT
7.56,28.58,11.51,3.99,0.023,TILAPIA
6.93,15.66,3.98,7.2,0.004,TROUT
8.48,11.03,2.93,9.78,0.003,SALMON
8.46,28.65,11.15,6.17,0.0,SHRIMP
6.55,12.56,2.39,10.9,0.001,SALMON
8.17,22.34,33.68,6.53,0.002,CARP
8.0,17.73,3.65,9.38,0.002,TROUT
8.16,27.1,51.15,4.75,0.081,CATFISH
7.81,12.44,2.89,7.92,0.005,TROUT
8.25,26.15,36.78,4.41,0.036,TILAPIA
7.72,29.41,11.31,7.47,0.019,SHRIMP
7.7,27.34,27.7,6.64,0.001,CARP
7.29,29.78,32.11,3.33,0.048,TILAPIA
7.03,11.97,6.28,7.13,0.005,TROUT
7.55,30.75,9.85,7.1,0.012,SHRIMP
7.45,24.42,92.06,5.72,0.064,CATFISH
8.54,28.7,28.66,6.01,0.029,TILAPIA
7.01,27.87,33.01,5.45,0.049,CARP
8.32,28.97,40.51,3.58,0.041,TILAPIA
8.42,22.27,19.75,6.56,0.034,CARP
6.78,28.43,27.94,5.42,0.01,TILAPIA
8.03,25.77,25.96,5.87,0.034,TILAPIA
7.81,28.47,26.31,4.42,0.049,TILAPIA
7.61,31.38,30.26,6.76,0.038,TILAPIA
8.79,31.89,40.85,5.49,0.007,TILAPIA
7.3,12.54,4.91,8.58,0.004,SALMON
7.19,24.52,30.15,5.3,0.047,CARP
7.6,14.8,3.28,8.24,0.005,TROUT
7.74,30.92,34.36,5.18,0.048,TILAPIA
8.24,27.5,15.87,6.33,0.014,SHRIMP
7.73,27.19,75.99,3.61,0.053,CATFISH
7.04,13.43,7.12,9.1,0.01,TROUT
7.61,27.08,22.47,4.36,0.01,CARP
8.47,10.22,3.7,9.6,0.004,SALMON
8.19,10.65,3.67,9.75,0.0,SALMON
8.28,27.68,26.29,5.15,0.005,ROHU
7.6,25.98,12.9,4.72,0.03,TILAPIA
7.01,22.18,20.51,7.73,0.049,CARP
6.91,11.07,8.39,9.09,0.004,TROUT
6.92,30.81,30.1,4.19,0.02,TILAPIA
7.66,14.99,2.92,9.8,0.005,TROUT
8.76,24.91,41.87,5.23,0.043,TILAPIA
6.56,9.59,0.52,8.14,0.001,SALMON
7.48,23.68,89.54,5.54,0.08,CATFISH
8.11,26.94,23.55,6.18,0.03,ROHU
8.46,25.5,52.19,4.7,0.028,CATFISH
7.62,25.93,10.49,5.62,0.019,SHRIMP
6.6,16.06,1.8,7.24,0.002,TROUT
6.61,30.6,22.11,4.55,0.049,TILAPIA
8.29,19.99,18.39,4.22,0.024,CARP
8.32,23.08,44.48,6.44,0.031,ROHU
6.09,24.75,52.69,2.81,0.03,CATFISH
8.6,28.0,26.14,6.18,0.014,TILAPIA
6.98,12.69,8.19,9.39,0.0,TROUT
7.56,25.51,69.29,5.92,0.063,CATFISH
7.8,24.11,23.41,7.22,0.032,CARP
8.38,28.02,11.49,4.58,0.02,TILAPIA
8.02,8.12,2.24,8.04,0.003,SALMON
8.14,27.42,52.39,4.99,0.047,CATFISH
7.37,17.17,1.47,8.35,0.006,TROUT
7.72,12.77,6.13,7.35,0.007,TROUT
7.06,25.97,88.41,4.07,0.055,CATFISH
7.17,27.76,28.23,4.89,0.046,TILAPIA
7.86,14.36,0.9,8.71,0.004,SALMON
7.7,13.94,7.76,8.25,0.002,TROUT
6.63,9.23,0.85,10.02,0.0,SALMON
7.54,27.04,28.09,6.79,0.001,ROHU
8.26,10.26,1.97,10.37,0.001,SALMON
7.05,11.92,1.74,8.57,0.008,SALMON
7.69,30.26,19.57,4.36,0.045,TILAPIA
6.85,10.67,4.42,8.68,0.005,TROUT
7.52,20.82,12.42,7.93,0.015,CARP
7.7,22.73,79.9,4.42,0.052,CATFISH
8.05,31.17,46.54,3.41,0.0,TILAPIA
7.98,21.4,26.54,7.01,0.028,CARP
7.8,24.51,41.81,4.67,0.068,CATFISH
7.03,26.21,38.34,6.85,0.047,TILAPIA
8.12,24.4,20.76,5.17,0.035,ROHU
6.01,28.95,71.65,3.34,0.035,CATFISH
6.91,14.55,7.45,7.1,0.006,TROUT
7.0,8.75,1.98,8.43,0.008,SALMON
8.16,24.12,40.3,4.95,0.041,ROHU
7.62,11.92,4.86,9.2,0.005,TROUT
6.91,26.06,79.18,5.45,0.008,CATFISH
7.62,30.1,5.18,7.57,0.005,SHRIMP
7.18,23.52,33.12,3.81,0.002,CATFISH
8.17,12.28,3.73,10.24,0.002,SALMON
7.51,11.27,5.61,7.77,0.002,TROUT
8.17,18.35,12.8,7.11,0.022,CARP
7.49,24.41,32.28,6.04,0.031,CARP
7.71,27.63,19.16,5.68,0.038,CARP
8.01,9.92,1.34,9.75,0.003,SALMON
7.99,11.95,4.74,7.24,0.001,TROUT
7.08,29.92,38.99,4.16,0.043,CATFISH
6.57,26.72,43.18,2.99,0.032,CATFISH
7.29,15.66,3.8,8.34,0.008,TROUT
7.07,28.73,93.5,3.5,0.078,CATFISH
8.32,22.0,22.45,7.4,0.022,CARP
7.72,16.34,8.55,7.48,0.006,TROUT
7.42,8.32,1.54,9.31,0.001,SALMON
8.39,23.09,35.45,4.18,0.021,CARP
6.53,10.47,9.18,7.37,0.008,TROUT
8.45,24.45,32.13,4.74,0.014,ROHU
7.86,14.38,9.52,7.44,0.003,TROUT
7.17,11.99,0.42,10.42,0.005,SALMON
6.68,9.33,0.47,8.32,0.006,SALMON
8.45,25.54,8.63,5.71,0.01,SHRIMP
8.32,27.6,42.63,6.86,0.041,ROHU
7.9,25.07,8.2,5.11,0.008,SHRIMP
8.11,29.81,25.52,3.66,0.007,TILAPIA
8.17,26.15,19.74,5.53,0.015,SHRIMP
8.13,10.01,3.01,8.74,0.006,SALMON
8.14,30.29,14.26,7.93,0.004,SHRIMP
8.4,25.75,15.56,5.34,0.007,SHRIMP
8.4,25.4,12.82,6.59,0.001,SHRIMP
7.49,10.39,1.4,9.73,0.005,SALMON
7.49,10.06,6.64,9.74,0.004,TROUT
8.16,24.99,40.22,3.25,0.03,TILAPIA
7.86,14.46,2.92,8.03,0.003,SALMON
8.24,26.9,32.46,5.13,0.003,CARP
8.2,28.36,10.06,5.46,0.007,SHRIMP
8.3,26.13,16.31,5.71,0.009,CARP
7.64,14.34,1.81,7.81,0.006,TROUT
7.37,23.14,30.98,7.43,0.043,ROHU
6.85,17.36,2.48,8.59,0.005,TROUT
6.48,29.09,88.12,5.59,0.089,CATFISH
8.06,12.77,4.39,9.47,0.004,SALMON
7.04,13.74,1.43,8.13,0.006,SALMON
8.28,27.03,76.8,5.48,0.073,CATFISH
6.15,22.34,32.06,3.93,0.084,CATFISH
7.59,29.55,25.69,4.78,0.048,ROHU
7.51,20.81,37.84,5.09,0.027,CARP
7.99,16.16,5.68,9.24,0.009,TROUT
7.24,26.33,15.75,7.08,0.01,CARP
7.17,25.84,48.1,4.05,0.024,TILAPIA
6.8,22.09,83.32,3.49,0.087,CATFISH
7.99,14.73,1.62,10.25,0.003,SALMON
7.25,28.41,17.82,7.16,0.038,ROHU
8.49,26.96,75.16,4.76,0.088,CATFISH
7.09,23.87,31.95,5.36,0.034,ROHU
8.01,13.02,0.36,8.76,0.008,SALMON
7.66,16.51,3.22,9.91,0.007,TROUT
7.87,29.53,33.7,5.57,0.026,TILAPIA
7.12,27.13,22.13,5.81,0.039,CARP
8.76,27.29,37.33,6.03,0.04,TILAPIA
7.41,14.94,4.76,8.69,0.003,TROUT
7.52,22.38,34.56,3.37,0.019,CATFISH
7.28,17.06,7.75,9.64,0.006,TROUT
8.19,20.66,29.3,4.39,0.001,CARP
8.58,25.69,37.18,5.89,0.028,TILAPIA
6.95,11.76,8.05,7.12,0.003,TROUT
7.2,16.74,6.75,8.65,0.003,TROUT
7.67,25.24,29.35,6.84,0.024,ROHU
7.4,28.85,29.13,6.27,0.044,ROHU
7.9,26.12,9.66,6.59,0.013,SHRIMP
8.28,27.37,19.4,4.57,0.001,ROHU
7.38,22.63,35.13,3.91,0.073,CATFISH
7.94,26.43,11.21,7.7,0.017,CARP
8.55,24.22,48.64,3.5,0.047,TILAPIA
7.31,27.44,50.05,3.37,0.061,CATFISH
7.05,12.89,3.54,8.42,0.001,TROUT
8.29,26.4,15.27,5.39,0.021,ROHU
8.48,20.42,11.03,5.7,0.045,CARP
6.95,10.5,1.73,7.01,0.008,TROUT
7.33,26.45,68.68,3.22,0.025,CATFISH
7.16,16.44,7.87,7.6,0.005,TROUT
7.2,19.49,17.1,6.65,0.024,CARP
7.39,20.58,16.44,5.59,0.041,CARP
7.45,19.59,23.01,4.34,0.002,CARP
8.34,28.33,33.65,4.78,0.001,ROHU
7.29,21.36,22.87,5.51,0.038,ROHU
7.91,27.45,5.01,7.5,0.015,SHRIMP
7.59,29.39,8.54,5.22,0.008,SHRIMP
7.45,21.83,19.78,5.92,0.022,ROHU
7.08,25.73,36.46,2.83,0.026,CATFISH
6.88,10.2,3.51,7.64,0.009,TROUT
7.96,19.44,33.05,7.31,0.026,CARP
7.52,26.36,16.59,7.87,0.019,SHRIMP
7.8,22.98,22.46,6.63,0.017,ROHU
7.29,16.8,9.24,8.6,0.005,TROUT
8.24,28.37,32.13,6.39,0.018,ROHU
7.4,25.6,15.05,7.32,0.047,ROHU
7.63,19.79,24.77,7.17,0.03,CARP
7.85,27.25,11.56,5.74,0.006,SHRIMP
8.1,26.78,24.53,5.82,0.04,CARP
7.83,29.3,16.35,5.41,0.012,SHRIMP
7.69,25.72,25.71,5.08,0.003,ROHU
7.26,14.18,1.11,8.93,0.01,SALMON
7.52,28.61,37.3,6.22,0.044,ROHU
7.59,26.11,21.58,7.71,0.008,CARP
7.31,10.83,2.21,9.96,0.006,SALMON
8.25,24.4,63.84,4.21,0.087,CATFISH
8.06,25.79,47.71,4.97,0.01,TILAPIA
8.2,12.09,4.48,10.69,0.004,SALMON
8.43,26.79,40.21,7.44,0.002,ROHU
7.44,24.75,42.51,7.45,0.045,ROHU
7.33,22.91,19.96,7.26,0.026,ROHU
8.49,25.24,8.86,7.8,0.007,SHRIMP
7.08,8.68,4.03,10.38,0.001,SALMON
7.15,17.98,8.86,9.59,0.006,TROUT
7.61,26.76,10.18,5.95,0.016,SHRIMP
8.27,24.43,27.0,4.58,0.034,ROHU
7.28,25.11,17.3,3.9,0.043,TILAPIA
8.19,22.63,57.19,5.24,0.085,CATFISH
7.35,26.26,35.41,5.71,0.003,ROHU
7.56,26.07,48.12,5.63,0.015,CATFISH
7.96,24.48,26.63,6.52,0.043,CARP
8.32,26.41,15.81,6.81,0.001,SHRIMP
7.96,30.37,14.55,6.33,0.009,SHRIMP
7.01,27.48,31.72,7.13,0.046,CARP
7.6,25.95,7.83,7.46,0.007,SHRIMP
8.1,27.65,26.58,6.22,0.024,CARP
7.2,23.75,30.09,5.35,0.097,CATFISH
7.06,29.58,44.07,6.08,0.017,ROHU
8.46,9.06,3.85,10.2,0.003,SALMON
8.45,28.52,10.77,3.53,0.029,TILAPIA
7.73,29.74,5.12,6.39,0.017,SHRIMP
7.28,13.58,0.1,9.18,0.002,SALMON
8.45,25.95,6.32,5.18,0.002,SHRIMP
6.32,23.44,88.28,4.11,0.036,CATFISH
7.08,27.71,28.0,6.46,0.043,CARP
6.37,23.25,56.88,3.83,0.088,CATFISH
7.14,12.28,3.94,9.81,0.008,SALMON
7.13,26.53,14.44,5.26,0.008,TILAPIA
7.29,26.99,40.87,6.93,0.038,ROHU
7.6,28.98,28.04,5.1,0.049,ROHU
6.92,10.55,3.07,9.54,0.006,SALMON
6.77,16.04,4.46,9.8,0.005,TROUT
7.47,29.31,40.86,6.51,0.004,ROHU
8.79,26.91,10.91,6.18,0.044,TILAPIA
8.17,30.56,33.43,5.84,0.005,TILAPIA
8.08,29.19,27.5,6.81,0.036,ROHU
7.27,20.96,39.74,5.73,0.003,CARP
6.69,28.98,56.0,4.43,0.04,CATFISH
7.54,17.73,8.93,9.96,0.007,TROUT
8.12,14.0,1.57,8.99,0.005,SALMON
7.4,10.04,1.11,10.89,0.008,SALMON
7.72,11.72,3.14,10.65,0.005,SALMON
7.09,29.4,87.01,3.21,0.071,CATFISH
7.62,28.6,21.38,6.89,0.041,ROHU
8.27,25.31,20.19,5.24,0.006,ROHU
7.35,24.15,44.64,4.73,0.014,TILAPIA
7.26,14.13,5.26,7.33,0.01,TROUT
8.2,25.35,11.65,7.7,0.015,SHRIMP
7.74,27.9,16.6,5.69,0.019,SHRIMP
7.48,20.39,33.6,5.74,0.017,CARP
6.38,24.11,54.13,3.41,0.059,CATFISH
7.36,26.97,33.26,6.37,0.029,ROHU
6.6,24.76,85.39,3.26,0.067,CATFISH
8.44,28.63,7.72,7.31,0.013,SHRIMP
7.71,13.46,2.55,9.8,0.006,TROUT
8.16,24.59,45.36,4.68,0.037,CATFISH
8.0,29.11,10.19,7.07,0.008,SHRIMP
6.61,22.01,69.27,3.52,0.017,CATFISH
7.34,17.3,1.67,8.59,0.004,TROUT
8.31,21.22,10.26,6.63,0.043,CARP
7.6,24.97,51.84,4.73,0.083,CATFISH
7.63,19.44,25.15,7.62,0.03,CARP
7.83,21.27,10.71,7.65,0.04,CARP
7.56,20.01,16.92,7.08,0.025,ROHU
6.83,11.31,3.23,8.77,0.009,SALMON
8.19,24.27,15.52,6.41,0.016,TILAPIA
7.66,27.07,14.23,5.24,0.003,SHRIMP
7.3,13.31,3.71,7.01,0.0,TROUT
6.97,23.14,72.91,2.98,0.052,CATFISH
7.76,30.45,12.82,7.41,0.01,SHRIMP
7.49,26.41,14.5,7.36,0.032,CARP
7.65,23.27,21.42,6.06,0.007,CARP
7.04,10.01,5.29,8.78,0.007,TROUT
8.49,29.5,8.81,6.48,0.001,SHRIMP
6.65,27.81,29.19,3.15,0.029,TILAPIA
8.44,25.52,9.18,7.23,0.011,SHRIMP
7.05,16.92,6.5,9.6,0.007,TROUT
8.08,14.38,1.15,10.22,0.008,SALMON
7.98,27.9,43.01,7.12,0.034,ROHU
7.87,12.97,0.98,9.33,0.004,SALMON
7.91,27.71,11.92,7.53,0.009,SHRIMP
7.36,20.29,35.73,7.46,0.015,ROHU
7.34,27.65,11.3,6.56,0.001,CARP
7.07,26.66,45.92,3.63,0.042,TILAPIA
8.47,26.75,23.0,6.77,0.029,ROHU
8.1,22.76,33.3,7.04,0.042,ROHU
6.85,17.0,6.94,8.13,0.009,TROUT
7.31,16.43,8.78,9.17,0.005,TROUT
7.26,25.88,19.08,4.36,0.036,CARP
8.17,28.71,17.18,6.79,0.021,ROHU
7.83,28.82,19.65,7.4,0.007,SHRIMP
8.39,27.77,19.2,7.93,0.004,SHRIMP
6.83,25.91,36.49,2.99,0.097,CATFISH
7.99,22.86,83.3,3.94,0.099,CATFISH
6.81,11.28,0.98,8.74,0.009,TROUT
7.73,14.6,3.4,8.56,0.0,SALMON
7.04,23.83,31.66,5.26,0.008,ROHU
6.52,16.71,1.77,7.23,0.007,TROUT
7.86,28.12,16.01,7.47,0.013,SHRIMP
7.98,25.99,5.58,7.96,0.014,SHRIMP
8.04,27.87,16.59,7.22,0.014,SHRIMP
8.65,30.09,29.45,4.91,0.042,TILAPIA
8.34,26.18,31.67,6.52,0.008,ROHU
8.16,23.25,28.15,6.84,0.036,CARP
8.69,28.06,33.1,3.94,0.04,TILAPIA
8.08,31.48,26.96,3.4,0.032,TILAPIA
7.66,21.82,22.77,6.26,0.02,ROHU
7.33,10.93,4.53,10.23,0.006,SALMON
7.45,29.69,82.46,3.35,0.044,CATFISH
8.56,30.63,33.96,4.44,0.002,TILAPIA
6.88,31.22,11.5,4.6,0.037,TILAPIA
6.58,12.0,1.41,7.51,0.007,TROUT
8.04,23.52,38.24,4.98,0.001,ROHU
8.42,18.13,25.75,7.1,0.037,CARP
7.17,22.22,34.64,6.66,0.011,CARP
6.92,13.78,3.59,10.0,0.004,SALMON
8.23,11.26,0.15,9.78,0.001,SALMON
7.8,11.74,7.62,9.5,0.008,TROUT
7.58,22.9,33.85,6.5,0.039,ROHU
7.43,26.93,34.51,5.11,0.035,ROHU
7.6,26.47,74.19,5.93,0.081,CATFISH
7.83,25.83,30.76,5.85,0.003,TILAPIA
6.73,8.22,2.08,8.85,0.003,SALMON
7.97,24.72,16.98,6.66,0.023,TILAPIA
7.63,10.36,8.41,9.01,0.001,TROUT
8.43,9.97,4.91,10.46,0.003,SALMON
7.91,24.9,18.05,5.25,0.035,TILAPIA
7.75,24.56,30.9,7.9,0.038,CARP
6.98,22.94,34.12,4.17,0.067,CATFISH
6.68,31.32,15.11,3.35,0.006,TILAPIA
7.69,31.38,32.01,6.2,0.047,TILAPIA
7.74,29.06,41.8,5.22,0.027,ROHU
7.73,28.47,23.24,5.78,0.03,ROHU
7.65,11.58,4.57,9.14,0.006,SALMON
7.13,15.3,4.71,7.2,0.002,TROUT
7.08,25.68,10.72,6.42,0.022,CARP
7.85,30.62,36.89,4.79,0.017,TILAPIA
7.55,26.05,43.39,6.67,0.023,ROHU
7.76,22.57,75.16,4.2,0.064,CATFISH
6.61,27.02,90.29,5.97,0.073,CATFISH
7.18,24.91,38.27,6.32,0.01,CARP
8.03,26.01,25.24,5.9,0.047,CARP
7.13,11.94,3.43,8.62,0.0,TROUT
7.77,26.37,37.32,4.75,0.001,ROHU
6.89,14.17,4.66,7.24,0.008,TROUT
8.05,21.55,43.87,7.49,0.032,ROHU
8.42,13.56,1.22,9.89,0.001,SALMON
7.12,25.49,50.17,5.25,0.041,CATFISH
7.75,27.31,8.26,6.58,0.006,SHRIMP
8.05,23.89,25.6,4.76,0.029,ROHU
6.61,28.22,75.41,4.28,0.009,CATFISH
7.64,21.61,35.72,7.39,0.004,ROHU
7.48,8.47,1.18,10.82,0.003,SALMON
7.86,16.28,0.9,7.66,0.009,TROUT
8.3,25.29,37.28,2.68,0.097,CATFISH
7.84,14.05,6.09,8.24,0.001,TROUT
7.15,25.91,21.31,4.98,0.016,CARP
7.38,26.77,15.51,6.06,0.04,CARP
7.92,15.43,5.9,9.34,0.005,TROUT
7.75,26.64,40.6,3.25,0.023,CATFISH
6.81,12.3,0.24,9.78,0.008,SALMON
8.37,9.82,2.95,10.28,0.005,SALMON
7.25,28.56,62.05,3.19,0.047,CATFISH
7.42,14.83,0.18,9.89,0.004,SALMON
7.06,31.96,33.04,5.34,0.042,TILAPIA
7.03,17.26,3.43,9.7,0.002,TROUT
6.89,12.62,5.96,7.84,0.009,TROUT
7.55,8.26,3.42,10.66,0.007,SALMON
7.16,26.55,29.55,6.17,0.044,TILAPIA
8.33,20.58,24.18,6.79,0.049,CARP
7.93,14.1,7.94,8.58,0.009,TROUT
6.55,24.06,18.97,5.05,0.048,TILAPIA
7.73,13.73,5.61,9.77,0.008,TROUT
8.2,25.02,14.72,6.28,0.013,SHRIMP
7.11,27.14,25.75,5.36,0.045,TILAPIA
6.72,31.65,21.35,3.89,0.013,TILAPIA
7.09,23.4,10.54,6.99,0.038,CARP
7.66,11.53,4.34,9.09,0.006,TROUT
7.91,12.57,3.02,10.97,0.005,SALMON
7.21,24.2,11.34,5.55,0.021,CARP
7.01,24.79,29.94,4.27,0.016,CARP
7.13,24.87,87.44,5.59,0.021,CATFISH
8.1,26.01,52.71,2.68,0.061,CATFISH
7.06,22.45,27.91,4.69,0.033,CARP
6.72,12.45,9.81,7.33,0.002,TROUT
6.16,29.62,66.53,3.36,0.037,CATFISH
7.95,21.99,11.43,5.17,0.043,CARP
7.46,27.25,14.81,3.18,0.043,TILAPIA
8.34,22.07,68.91,5.27,0.006,CATFISH
6.98,26.96,77.28,4.99,0.061,CATFISH
7.61,20.63,20.7,7.14,0.041,ROHU
7.57,24.4,25.38,6.46,0.001,ROHU
7.25,30.98,28.18,6.11,0.041,TILAPIA
7.57,18.62,34.33,5.02,0.048,CARP
8.22,27.77,5.42,5.19,0.02,SHRIMP
7.09,26.3,15.53,6.54,0.004,ROHU
7.37,26.23,12.6,5.49,0.019,CARP
7.53,26.02,13.28,4.3,0.035,TILAPIA
6.7,10.81,9.24,9.94,0.002,TROUT
7.93,29.46,29.98,5.99,0.039,ROHU
8.35,30.14,7.76,7.9,0.013,SHRIMP
8.95,30.98,23.21,4.23,0.036,TILAPIA
7.8,16.74,2.62,9.47,0.003,TROUT
7.17,10.81,8.95,8.64,0.005,TROUT
7.78,29.14,36.65,2.94,0.016,CATFISH
8.01,25.95,5.61,7.18,0.005,SHRIMP
7.73,10.95,3.17,7.48,0.001,TROUT
8.37,25.61,18.19,6.98,0.016,ROHU
8.09,29.25,21.58,5.74,0.015,ROHU
7.88,28.88,42.92,6.17,0.034,ROHU
7.26,24.36,35.44,6.33,0.011,ROHU
7.01,21.54,29.86,6.21,0.006,ROHU
8.16,25.6,9.66,7.65,0.01,SHRIMP
8.3,30.24,9.59,5.58,0.005,SHRIMP
7.81,28.79,10.82,4.56,0.016,TILAPIA
7.33,28.89,35.88,6.24,0.045,TILAPIA
6.24,27.71,70.17,3.55,0.037,CATFISH
7.76,19.24,32.59,6.59,0.004,CARP
7.73,21.56,14.19,6.52,0.037,CARP
7.69,17.85,9.41,8.5,0.005,TROUT
7.08,25.33,54.1,3.0,0.038,CATFISH
8.28,30.62,7.07,6.56,0.016,SHRIMP
6.82,28.23,42.37,4.01,0.042,TILAPIA
8.15,13.57,3.72,9.18,0.006,SALMON
6.8,25.48,33.05,2.86,0.083,CATFISH
7.17,20.7,30.32,4.74,0.026,CARP
7.51,19.13,38.18,7.68,0.037,CARP
7.57,26.99,29.25,5.76,0.034,ROHU
8.3,23.72,62.39,4.09,0.018,CATFISH
7.56,14.02,2.8,9.32,0.009,SALMON
7.26,24.91,33.36,5.54,0.01,TILAPIA
7.37,24.78,49.21,3.85,0.017,TILAPIA
8.01,25.65,85.8,4.07,0.022,CATFISH
8.16,29.04,38.64,6.08,0.005,TILAPIA
7.6,13.81,4.27,8.37,0.004,TROUT
7.95,25.4,16.68,5.01,0.026,CARP
8.08,27.22,5.22,5.36,0.002,SHRIMP
6.72,29.21,53.45,3.18,0.054,CATFISH
7.53,13.24,9.93,8.72,0.007,TROUT
7.91,16.5,2.62,9.41,0.007,TROUT
7.57,23.72,23.75,4.74,0.039,ROHU
7.53,27.65,37.11,3.83,0.061,CATFISH
7.25,16.84,5.72,8.89,0.008,TROUT
7.49,22.65,92.22,5.4,0.047,CATFISH
8.19,8.93,3.84,8.43,0.002,SALMON
8.97,25.18,22.12,6.31,0.039,TILAPIA
6.99,10.94,9.84,7.75,0.008,TROUT
7.32,12.97,0.4,9.46,0.006,TROUT
6.49,28.29,93.96,4.5,0.076,CATFISH
7.24,21.86,34.3,5.81,0.006,CARP
6.83,14.36,2.07,8.72,0.002,SALMON
8.04,27.15,34.4,4.18,0.007,TILAPIA
7.27,25.19,33.56,6.94,0.017,CARP
7.97,25.91,8.01,5.08,0.007,SHRIMP
6.56,10.73,5.52,9.52,0.001,TROUT
8.8,24.91,46.14,4.09,0.011,TILAPIA
6.83,13.53,3.56,8.47,0.002,TROUT
7.33,19.73,34.2,4.55,0.004,CARP
8.91,30.96,13.47,4.82,0.035,TILAPIA
8.45,26.61,38.79,6.68,0.049,CARP
7.8,16.23,5.21,9.46,0.007,TROUT
7.45,21.97,23.94,7.59,0.044,CARP
6.96,9.9,3.16,8.1,0.009,SALMON
7.77,30.18,16.47,7.02,0.003,SHRIMP
7.7,27.61,13.89,7.42,0.015,CARP
8.09,29.3,13.96,5.15,0.007,SHRIMP
7.7,28.4,43.49,4.7,0.024,ROHU
7.33,20.12,19.78,4.59,0.012,ROHU
7.43,20.69,33.09,7.37,0.017,CARP
8.19,29.47,16.55,6.17,0.011,SHRIMP
8.42,27.01,26.27,5.67,0.005,ROHU
7.85,14.67,3.24,9.95,0.008,SALMON
7.1,8.02,2.58,10.39,0.003,SALMON
7.84,11.22,1.16,10.79,0.006,SALMON
7.68,16.1,1.87,8.25,0.008,TROUT
7.65,24.45,34.17,3.08,0.04,CATFISH
7.97,25.11,7.66,6.5,0.006,SHRIMP
7.92,28.26,54.6,2.8,0.099,CATFISH
7.47,29.46,41.27,6.23,0.017,TILAPIA
8.09,28.46,28.19,7.21,0.037,ROHU
8.17,25.16,7.16,6.63,0.012,SHRIMP
7.17,25.3,28.54,6.83,0.025,ROHU
7.9,13.38,5.85,7.62,0.009,TROUT
7.25,26.05,33.58,6.9,0.006,CARP
8.25,25.82,41.53,5.54,0.029,ROHU
8.0,28.83,35.97,5.3,0.02,TILAPIA
8.15,30.0,17.2,7.76,0.003,SHRIMP
7.89,28.98,13.51,5.9,0.009,SHRIMP
8.12,19.37,11.68,5.02,0.005,CARP
8.46,23.19,34.9,6.66,0.005,CARP
7.12,14.77,4.03,9.27,0.004,SALMON
7.56,27.11,25.53,4.0,0.035,CARP
7.95,20.04,17.95,6.79,0.029,ROHU
8.27,26.41,15.47,7.7,0.012,SHRIMP
7.59,28.94,7.34,6.57,0.012,SHRIMP
7.93,15.04,4.11,9.39,0.002,TROUT
7.1,25.21,25.01,4.7,0.004,CARP
8.34,12.74,1.21,10.68,0.001,SALMON
8.18,29.88,17.03,7.17,0.016,ROHU
7.86,27.3,91.29,4.5,0.019,CATFISH
8.26,26.35,18.86,5.29,0.034,ROHU
8.35,28.26,13.02,7.05,0.016,SHRIMP
8.48,27.54,35.54,5.1,0.029,ROHU
7.59,30.48,14.31,7.97,0.005,SHRIMP
7.95,12.39,0.96,8.9,0.004,TROUT
7.31,18.52,32.66,7.31,0.019,CARP
6.95,13.9,4.97,7.07,0.009,TROUT
7.23,11.73,1.64,10.46,0.009,SALMON
8.47,10.39,0.72,8.28,0.001,SALMON
7.78,27.35,6.65,7.46,0.012,SHRIMP
8.26,22.41,85.15,3.58,0.018,CATFISH
7.38,29.9,42.35,5.29,0.049,ROHU
8.56,24.86,46.13,5.4,0.029,TILAPIA
8.79,26.93,10.37,5.37,0.018,TILAPIA
7.17,26.53,20.08,7.09,0.035,ROHU
7.1,22.2,29.91,4.02,0.024,CARP
7.8,26.27,11.22,5.03,0.018,SHRIMP
7.12,24.92,49.84,4.89,0.002,TILAPIA
6.29,27.63,94.35,2.8,0.012,CATFISH
7.52,26.59,11.08,6.29,0.001,SHRIMP
7.19,26.17,81.15,5.81,0.05,CATFISH
7.85,12.6,9.87,8.2,0.01,TROUT
8.29,13.15,0.64,10.14,0.003,SALMON
8.34,26.52,38.02,6.06,0.016,CARP
7.1,27.44,42.46,3.31,0.04,TILAPIA
7.29,12.64,2.19,8.01,0.005,SALMON
8.53,24.45,21.35,5.07,0.044,TILAPIA
7.38,15.41,8.62,7.08,0.005,TROUT
7.3,21.85,24.12,4.15,0.044,CARP
8.14,25.87,31.46,2.86,0.062,CATFISH
7.43,14.38,9.57,9.39,0.001,TROUT
7.5,27.48,27.98,6.48,0.049,ROHU
8.31,29.98,5.88,6.92,0.019,SHRIMP
6.56,11.97,3.21,8.3,0.01,TROUT
7.25,20.03,22.72,4.24,0.048,CARP
6.51,10.26,1.17,9.09,0.004,SALMON
7.63,30.41,12.86,5.8,0.012,SHRIMP
8.47,25.12,6.5,5.53,0.009,SHRIMP
7.61,26.43,46.93,6.64,0.002,TILAPIA
8.31,30.41,9.27,6.64,0.004,SHRIMP
8.43,29.04,40.09,4.76,0.012,TILAPIA
8.36,30.49,16.33,6.77,0.005,SHRIMP
7.81,29.66,8.79,7.92,0.016,SHRIMP
7.55,28.2,11.46,4.24,0.038,TILAPIA
7.53,26.74,9.22,7.95,0.003,SHRIMP
8.24,11.28,3.35,10.42,0.004,SALMON
8.34,27.82,15.71,5.54,0.019,SHRIMP
7.05,26.31,16.11,4.63,0.023,TILAPIA
7.86,29.03,25.19,4.63,0.022,ROHU
7.28,26.22,38.7,5.17,0.039,CARP
7.5,28.6,11.16,7.28,0.015,SHRIMP
6.51,27.21,59.93,4.72,0.043,CATFISH
8.07,23.26,98.73,4.89,0.078,CATFISH
6.8,26.49,29.27,3.19,0.042,TILAPIA
6.54,11.09,3.24,9.77,0.0,TROUT
7.0,13.71,4.92,7.07,0.005,TROUT
7.49,29.75,23.41,6.94,0.026,ROHU
7.65,13.18,4.36,7.43,0.003,TROUT
8.23,29.78,17.22,5.11,0.003,SHRIMP
7.83,27.15,58.72,5.71,0.033,CATFISH
6.31,22.67,42.65,4.24,0.002,CATFISH
7.87,30.43,5.66,6.3,0.015,SHRIMP
6.69,24.68,46.51,5.93,0.063,CATFISH
7.13,26.41,32.48,7.06,0.002,ROHU
6.92,26.62,38.65,4.76,0.046,TILAPIA
7.89,24.93,40.05,6.01,0.023,ROHU
8.21,18.78,10.23,7.46,0.044,CARP
6.8,26.61,40.79,4.72,0.083,CATFISH
7.49,14.76,5.83,7.56,0.002,TROUT
7.36,26.96,29.4,6.28,0.032,ROHU
6.6,31.61,38.92,4.99,0.028,TILAPIA
7.6,26.28,35.25,5.04,0.039,TILAPIA
6.37,25.92,44.18,3.59,0.013,CATFISH
7.93,20.46,30.11,6.08,0.002,ROHU
6.97,14.02,5.83,8.83,0.005,TROUT
6.59,17.84,2.44,8.91,0.004,TROUT
8.06,24.27,22.61,5.34,0.05,CARP
7.3,25.29,99.26,5.31,0.031,CATFISH
7.41,27.03,17.45,5.04,0.038,TILAPIA
8.12,19.82,18.59,6.9,0.004,CARP
8.72,26.79,23.08,3.32,0.049,TILAPIA
7.74,10.99,3.85,7.15,0.007,TROUT
6.86,14.26,2.68,10.14,0.005,SALMON
7.97,27.9,28.21,5.2,0.046,ROHU
6.72,28.05,34.09,6.73,0.015,TILAPIA
7.75,21.76,14.5,5.47,0.004,CARP
7.65,20.55,23.98,4.08,0.005,CARP
8.07,12.11,3.23,9.64,0.008,SALMON
7.88,22.91,24.02,5.68,0.004,CARP
7.93,9.97,3.25,8.35,0.0,SALMON
8.48,13.26,3.75,9.25,0.006,SALMON
8.11,18.6,22.52,7.33,0.049,CARP
7.68,24.64,18.45,3.63,0.028,TILAPIA
6.62,25.76,43.68,6.89,0.015,TILAPIA
7.98,27.34,15.26,5.04,0.013,SHRIMP
6.72,18.0,6.51,9.4,0.004,TROUT
8.9,31.55,35.76,6.61,0.038,TILAPIA
8.11,11.49,2.37,8.31,0.005,SALMON
7.46,22.47,91.02,5.57,0.085,CATFISH
7.17,27.9,26.83,5.08,0.016,CARP
7.86,28.39,8.13,5.57,0.014,SHRIMP
8.34,30.48,13.64,7.52,0.019,SHRIMP
7.08,22.9,56.96,4.78,0.097,CATFISH
6.5,11.57,3.83,8.38,0.005,SALMON
7.27,23.69,80.49,5.78,0.039,CATFISH
8.84,30.47,31.2,3.57,0.011,TILAPIA
7.49,10.78,6.98,9.7,0.0,TROUT
7.71,12.97,1.93,10.46,0.005,SALMON
7.89,28.4,44.19,6.04,0.002,TILAPIA
7.62,28.21,5.67,7.02,0.005,SHRIMP
7.46,28.41,31.82,4.03,0.099,CATFISH
7.5,27.59,59.07,3.82,0.016,CATFISH
8.03,28.56,41.92,6.32,0.0,ROHU
8.13,29.85,14.9,7.09,0.011,SHRIMP
7.33,27.24,69.64,3.06,0.027,CATFISH
8.23,29.1,19.99,7.39,0.013,SHRIMP
7.57,13.81,2.25,9.83,0.002,TROUT
8.45,26.37,33.69,4.57,0.001,CARP
6.62,15.69,6.65,9.98,0.007,TROUT
7.88,25.42,28.24,7.97,0.022,CARP
7.38,9.99,2.55,10.24,0.004,SALMON
7.56,12.24,2.91,9.4,0.002,SALMON
6.82,12.55,0.87,9.26,0.0,TROUT
6.62,28.98,34.84,4.76,0.033,TILAPIA
6.92,27.07,12.93,4.83,0.014,TILAPIA
8.14,8.19,3.91,8.51,0.006,SALMON
7.28,29.06,35.25,3.51,0.01,CATFISH
8.06,28.59,49.79,5.3,0.004,CATFISH
7.05,24.15,87.17,4.68,0.033,CATFISH
6.97,10.13,4.31,7.92,0.006,TROUT
6.98,25.26,49.6,6.65,0.026,TILAPIA
7.87,25.38,50.02,5.28,0.096,CATFISH
6.15,23.3,84.72,5.45,0.091,CATFISH
8.12,12.64,1.88,9.79,0.009,SALMON
7.99,12.29,5.75,9.62,0.003,TROUT
8.08,26.27,27.18,7.33,0.031,ROHU
7.98,26.54,20.11,6.23,0.029,CARP
7.11,20.3,18.34,5.87,0.048,CARP
7.02,22.56,20.42,5.89,0.045,ROHU
7.61,13.7,3.12,10.43,0.002,SALMON
7.82,26.72,5.74,6.51,0.009,SHRIMP
7.61,26.38,8.06,7.83,0.019,SHRIMP
6.56,13.43,3.49,8.17,0.005,SALMON
7.58,13.35,1.22,8.3,0.008,SALMON
6.62,14.7,0.2,9.99,0.009,SALMON
6.55,22.49,81.26,3.01,0.009,CATFISH
8.47,24.52,25.7,6.88,0.003,TILAPIA
8.29,28.68,43.34,5.06,0.045,ROHU
6.42,27.25,52.89,2.66,0.008,CATFISH
8.21,24.37,30.24,5.91,0.002,TILAPIA
6.82,30.91,48.72,4.3,0.049,TILAPIA
7.23,23.42,44.58,4.0,0.07,CATFISH
7.67,21.95,10.82,6.49,0.038,CARP
8.23,25.17,16.95,5.5,0.031,ROHU
8.62,27.04,47.46,3.65,0.002,TILAPIA
7.74,14.44,0.79,8.51,0.002,SALMON
7.53,25.25,12.36,5.55,0.009,SHRIMP
8.44,27.23,78.07,4.28,0.082,CATFISH
7.9,27.82,7.18,6.36,0.003,SHRIMP
7.5,23.71,33.62,7.95,0.031,CARP
7.69,29.16,6.68,6.88,0.0,SHRIMP
7.31,23.65,25.69,7.33,0.02,CARP
6.74,29.0,74.82,2.86,0.094,CATFISH
8.26,24.86,23.97,4.08,0.015,CARP
7.2,9.01,0.63,10.48,0.008,SALMON
8.5,25.37,16.92,3.84,0.017,TILAPIA
7.13,26.73,99.0,2.81,0.011,CATFISH
7.65,26.52,32.8,6.85,0.011,ROHU
7.78,29.59,17.61,7.1,0.009,SHRIMP
7.43,12.54,0.82,8.3,0.008,TROUT
8.17,24.27,32.18,5.77,0.012,ROHU
6.85,24.09,21.22,3.69,0.013,TILAPIA
7.35,28.16,47.78,4.39,0.002,TILAPIA
6.86,11.03,3.07,9.38,0.009,TROUT
8.44,13.83,3.42,9.79,0.002,SALMON
7.58,10.8,3.59,8.45,0.008,TROUT
7.7,23.44,29.16,6.73,0.023,ROHU
8.25,30.73,31.07,6.79,0.018,TILAPIA
7.54,11.41,9.0,8.16,0.007,TROUT
6.14,27.67,85.3,5.94,0.042,CATFISH
7.59,22.25,37.11,5.8,0.044,ROHU
7.18,30.06,27.99,3.96,0.046,TILAPIA
6.28,22.86,89.74,5.76,0.074,CATFISH
7.26,10.91,8.5,9.21,0.008,TROUT
7.95,29.98,17.71,5.42,0.008,SHRIMP
8.49,24.18,25.5,5.76,0.001,CARP
8.43,25.27,44.96,4.35,0.04,CATFISH
6.53,15.95,9.33,8.32,0.001,TROUT
7.59,23.17,41.53,6.03,0.048,ROHU
7.92,28.92,6.12,5.84,0.005,SHRIMP
6.95,28.36,38.73,2.78,0.054,CATFISH
8.37,26.62,43.39,5.23,0.017,ROHU
6.76,8.46,1.88,9.94,0.009,SALMON
6.9,24.41,41.04,3.53,0.018,TILAPIA
6.78,23.26,34.11,2.59,0.086,CATFISH
7.74,22.92,19.98,5.28,0.008,ROHU
7.95,12.55,4.27,8.55,0.007,SALMON
7.99,29.92,19.04,7.23,0.018,SHRIMP
6.72,24.77,74.83,3.27,0.019,CATFISH
6.85,11.23,6.53,8.45,0.008,TROUT
7.21,10.8,3.98,7.22,0.007,TROUT
7.41,29.02,40.08,4.53,0.009,ROHU
7.25,22.8,53.87,2.66,0.053,CATFISH
7.96,24.36,48.59,4.45,0.033,TILAPIA
8.47,26.56,16.51,6.31,0.009,SHRIMP
7.22,22.78,27.79,4.26,0.043,CARP
8.38,28.22,45.15,3.0,0.096,CATFISH
7.74,23.65,30.67,4.47,0.033,CARP
8.05,23.68,38.75,7.01,0.008,ROHU
7.39,11.72,1.52,8.82,0.002,TROUT
7.57,26.07,13.49,7.81,0.015,SHRIMP
7.31,27.58,32.83,7.23,0.011,CARP
6.54,31.5,40.13,6.34,0.01,TILAPIA
7.56,29.58,46.18,3.98,0.007,TILAPIA
8.32,24.66,23.54,7.28,0.012,CARP
7.92,30.32,20.38,3.84,0.024,TILAPIA
8.08,29.39,15.48,6.77,0.012,SHRIMP
6.87,27.36,22.85,6.21,0.036,TILAPIA
7.74,13.28,8.04,7.1,0.001,TROUT
7.62,26.22,24.39,3.9,0.017,TILAPIA
7.77,28.97,32.08,6.02,0.025,ROHU
8.47,20.46,38.64,7.46,0.01,CARP
6.32,27.49,59.72,5.43,0.077,CATFISH
7.8,28.1,9.5,5.54,0.015,SHRIMP
7.38,9.27,2.97,9.89,0.005,SALMON
6.77,31.97,49.98,5.08,0.028,TILAPIA
6.53,30.95,42.76,5.56,0.041,TILAPIA
7.57,13.02,0.75,8.23,0.009,SALMON
8.06,23.33,40.83,7.08,0.003,ROHU
7.2,29.61,88.65,4.13,0.023,CATFISH
7.78,10.83,0.56,10.26,0.003,SALMON
6.72,27.73,91.79,4.57,0.039,CATFISH
7.9,16.01,2.46,7.45,0.0,TROUT
8.06,20.95,26.61,5.34,0.02,ROHU
7.18,23.63,24.0,7.35,0.035,CARP
8.62,27.19,40.38,3.23,0.003,TILAPIA
8.34,23.56,27.31,4.43,0.008,CARP
8.96,30.46,48.04,4.47,0.025,TILAPIA
7.33,12.56,2.52,9.81,0.0,TROUT
6.16,27.77,61.61,5.64,0.092,CATFISH
8.0,28.32,11.94,6.33,0.004,SHRIMP
8.46,22.56,37.29,5.54,0.039,CARP
7.05,27.94,41.98,4.94,0.029,CATFISH
7.33,24.95,35.19,4.57,0.004,TILAPIA
8.1,29.5,14.55,7.02,0.018,SHRIMP
8.35,28.95,22.36,5.19,0.04,ROHU
7.15,14.01,1.72,8.86,0.005,SALMON
8.02,22.41,38.02,7.42,0.046,CARP
7.2,15.94,3.51,7.74,0.004,TROUT
7.86,30.01,8.15,6.2,0.0,SHRIMP
8.06,30.02,8.23,7.77,0.012,SHRIMP
7.14,13.48,6.46,9.17,0.008,TROUT
6.51,11.67,0.77,9.69,0.007,SALMON
8.22,28.99,8.88,7.91,0.002,SHRIMP
7.43,29.38,28.77,6.52,0.011,ROHU
7.28,18.3,31.52,6.02,0.018,CARP
7.73,16.36,8.26,7.66,0.009,TROUT
7.9,20.47,36.07,6.11,0.036,ROHU
8.02,22.31,32.94,7.75,0.008,CARP
7.82,26.85,15.43,6.99,0.008,SHRIMP
7.22,27.53,24.74,5.89,0.006,CARP
6.77,12.27,1.47,9.36,0.005,SALMON
8.36,26.42,5.44,6.61,0.012,SHRIMP
7.18,29.71,44.07,7.48,0.049,ROHU
7.57,22.93,12.8,4.41,0.034,CARP
8.76,27.96,39.59,5.6,0.033,TILAPIA
7.04,16.49,7.9,9.07,0.004,TROUT
8.1,26.66,45.2,6.94,0.016,TILAPIA
8.42,11.26,1.44,10.45,0.004,SALMON
7.98,11.08,3.76,10.16,0.003,SALMON
7.38,23.93,26.89,7.42,0.034,ROHU
6.55,26.93,79.94,3.83,0.086,CATFISH
7.07,12.63,8.74,7.25,0.004,TROUT
7.76,25.06,21.65,5.51,0.001,TILAPIA
7.43,26.69,11.51,5.28,0.038,CARP
7.99,28.61,40.85,4.58,0.014,ROHU
6.24,29.31,93.28,4.65,0.097,CATFISH
8.48,26.26,27.16,7.09,0.039,CARP
7.5,29.8,37.04,6.1,0.017,ROHU
8.46,28.76,13.61,7.53,0.008,SHRIMP
6.65,27.0,63.02,5.62,0.059,CATFISH
7.87,25.23,23.84,7.23,0.038,ROHU
6.49,25.85,45.62,5.64,0.0,CATFISH
7.27,26.98,56.63,4.36,0.009,CATFISH
6.94,31.41,26.45,4.05,0.012,TILAPIA
8.06,10.89,1.84,8.43,0.006,SALMON
7.61,28.08,30.8,3.25,0.009,TILAPIA
8.38,25.97,41.45,4.75,0.011,ROHU
8.26,13.76,4.04,10.68,0.009,SALMON
6.55,26.7,19.71,3.52,0.009,TILAPIA
8.92,29.83,37.75,6.75,0.015,TILAPIA
7.3,28.37,14.0,5.86,0.028,TILAPIA
7.86,27.41,17.11,5.8,0.008,SHRIMP
8.45,22.7,31.98,4.63,0.021,CARP
7.74,21.13,39.9,4.26,0.011,CARP
8.74,29.4,17.06,5.57,0.001,TILAPIA
8.47,29.07,18.9,5.88,0.008,SHRIMP
8.08,27.13,36.7,7.11,0.045,CARP
7.26,28.1,25.98,4.74,0.01,ROHU
7.65,18.21,25.7,5.65,0.031,CARP
6.92,24.35,22.41,6.08,0.028,TILAPIA
7.98,26.81,21.81,5.48,0.048,ROHU
8.22,25.99,23.35,7.95,0.015,CARP
7.79,14.77,4.38,10.63,0.007,SALMON
6.78,22.04,30.44,5.37,0.075,CATFISH
7.8,27.02,13.68,5.82,0.018,SHRIMP
8.48,22.88,43.15,4.29,0.087,CATFISH
6.96,10.49,2.64,10.83,0.003,SALMON
6.7,23.72,59.48,3.67,0.079,CATFISH
7.23,11.12,6.24,9.86,0.001,TROUT
8.5,8.04,0.7,8.24,0.008,SALMON
7.44,23.1,78.68,3.76,0.052,CATFISH
7.86,26.78,55.66,5.43,0.079,CATFISH
7.72,27.47,10.67,5.27,0.008,SHRIMP
7.53,27.9,5.83,6.61,0.009,SHRIMP
6.61,13.79,1.81,8.68,0.003,SALMON
7.95,26.81,80.37,3.91,0.008,CATFISH
7.33,14.63,1.2,8.72,0.009,SALMON
6.65,17.04,4.14,8.07,0.009,TROUT
6.9,12.43,3.32,8.21,0.007,SALMON
6.69,23.47,87.26,4.91,0.099,CATFISH
6.99,10.54,6.72,8.82,0.01,TROUT
8.35,29.85,68.33,3.45,0.095,CATFISH
7.27,22.98,15.13,6.25,0.026,ROHU
7.12,27.21,28.71,7.85,0.002,CARP
7.88,10.33,2.62,8.25,0.006,TROUT
7.5,25.18,65.58,4.49,0.006,CATFISH
8.91,24.91,38.2,3.91,0.036,TILAPIA
7.07,25.0,87.07,3.14,0.018,CATFISH
7.85,25.17,41.57,5.85,0.021,ROHU
7.7,26.34,21.91,7.31,0.036,CARP
7.98,27.54,21.87,5.98,0.007,ROHU
7.13,26.59,21.92,4.53,0.032,CARP
8.02,8.81,2.87,8.69,0.01,SALMON
7.71,30.4,6.3,6.12,0.002,SHRIMP
8.08,24.16,15.23,5.59,0.021,ROHU
6.69,13.24,4.29,9.15,0.002,TROUT
6.93,9.65,2.93,10.95,0.004,SALMON
7.64,9.92,4.57,10.53,0.001,SALMON
6.54,13.99,9.06,7.63,0.002,TROUT
8.08,27.55,11.19,7.21,0.0,SHRIMP
7.59,8.93,2.54,8.94,0.009,SALMON
6.25,29.47,95.63,3.11,0.082,CATFISH
7.82,28.76,49.75,6.95,0.049,TILAPIA
7.01,14.77,7.89,9.49,0.01,TROUT
8.12,30.42,8.56,7.09,0.009,SHRIMP
7.47,20.57,24.58,4.71,0.046,ROHU
6.85,27.21,13.22,5.99,0.01,TILAPIA
7.35,19.77,27.0,5.43,0.037,CARP
7.49,24.96,44.07,5.84,0.009,ROHU
8.13,12.76,2.87,9.89,0.002,SALMON
7.52,26.87,33.29,4.74,0.007,ROHU
8.46,23.84,45.07,5.8,0.044,CATFISH
8.09,20.95,25.57,6.34,0.002,ROHU
8.41,25.62,64.59,5.03,0.039,CATFISH
8.1,19.64,30.95,5.39,0.002,CARP
7.62,26.82,26.41,5.34,0.034,CARP
7.95,11.82,1.7,7.75,0.01,TROUT
7.14,11.87,2.49,9.36,0.005,TROUT
6.61,25.8,29.5,5.47,0.007,TILAPIA
7.7,25.07,49.09,6.55,0.011,TILAPIA
6.45,24.58,61.07,4.8,0.053,CATFISH
8.35,25.89,32.02,6.16,0.006,ROHU
7.53,30.04,15.4,5.32,0.048,TILAPIA
7.07,11.53,0.04,10.43,0.009,SALMON
7.26,26.55,32.05,5.37,0.045,CARP
7.55,16.34,0.67,9.65,0.004,TROUT
7.08,8.05,3.71,8.44,0.005,SALMON
6.6,24.84,69.33,5.52,0.055,CATFISH
6.78,29.17,14.34,5.47,0.007,TILAPIA
8.65,28.03,44.72,5.64,0.037,TILAPIA
7.43,23.34,31.75,7.12,0.023,ROHU
6.64,13.57,0.35,8.94,0.006,SALMON
8.07,30.8,17.28,6.09,0.012,SHRIMP
8.3,24.04,36.11,5.29,0.013,ROHU
8.35,26.62,17.33,5.64,0.024,ROHU
6.73,11.86,0.66,10.75,0.009,SALMON
6.05,24.84,63.35,5.24,0.065,CATFISH
7.22,26.45,34.67,7.08,0.041,CARP
8.5,14.26,2.83,9.93,0.002,SALMON
7.98,11.46,1.57,8.57,0.0,SALMON
7.94,19.59,12.05,6.14,0.027,CARP
7.87,23.74,14.0,6.59,0.016,CARP
7.97,27.46,48.53,4.96,0.044,TILAPIA
7.88,26.4,18.66,6.61,0.004,SHRIMP
7.96,16.0,2.71,7.48,0.002,TROUT
8.06,25.71,34.73,5.01,0.001,ROHU
6.84,13.75,4.77,8.56,0.01,SALMON
7.82,24.68,85.71,4.86,0.063,CATFISH
7.09,26.27,16.75,5.21,0.01,ROHU
7.06,16.61,2.09,8.92,0.005,TROUT
7.88,16.33,9.11,7.31,0.01,TROUT
7.38,11.38,6.27,7.13,0.002,TROUT
7.88,11.74,0.06,9.88,0.006,SALMON
6.5,13.75,8.75,8.0,0.004,TROUT
8.2,24.97,28.48,3.92,0.017,TILAPIA
7.65,11.71,4.43,8.57,0.002,SALMON
7.7,28.16,7.86,6.1,0.016,SHRIMP
8.12,9.11,4.6,9.01,0.003,SALMON
7.92,23.0,10.69,7.78,0.004,CARP
8.24,18.05,20.54,4.02,0.025,CARP
8.34,29.12,28.11,5.95,0.024,ROHU
8.24,28.47,10.21,6.1,0.002,SHRIMP
7.62,12.79,1.85,8.7,0.009,TROUT
8.41,30.11,31.11,3.68,0.014,TILAPIA
7.77,17.53,6.77,9.2,0.007,TROUT
7.9,9.77,4.91,9.21,0.007,SALMON
6.67,15.27,6.06,8.13,0.008,TROUT
8.19,28.39,83.24,3.06,0.019,CATFISH
6.94,26.11,46.2,6.57,0.033,TILAPIA
6.58,10.55,5.74,7.53,0.009,TROUT
8.3,22.27,27.87,6.1,0.049,CARP
7.89,9.98,1.61,9.79,0.007,SALMON
7.19,26.37,30.54,7.05,0.0,ROHU
7.54,25.98,15.62,5.42,0.012,SHRIMP
6.57,8.19,4.95,10.02,0.001,SALMON
6.62,15.92,3.33,7.45,0.004,TROUT
8.2,22.23,51.51,4.21,0.063,CATFISH
8.03,8.5,1.67,8.81,0.007,SALMON
6.69,26.68,50.87,2.87,0.029,CATFISH
7.09,19.73,15.18,7.74,0.047,CARP
7.5,25.01,6.99,6.44,0.001,SHRIMP
7.04,22.95,30.28,4.95,0.029,CARP
8.37,31.2,42.55,4.15,0.006,TILAPIA
7.39,24.82,29.86,4.53,0.0,TILAPIA
6.22,25.47,92.94,3.16,0.069,CATFISH
7.08,23.37,15.75,4.65,0.002,ROHU
7.23,26.04,31.25,5.86,0.039,ROHU
8.14,29.18,10.09,7.36,0.008,SHRIMP
6.9,15.44,3.64,9.08,0.001,TROUT
7.08,21.43,28.37,6.7,0.008,ROHU
6.72,24.09,37.65,5.45,0.0,TILAPIA
7.8,28.75,90.99,2.6,0.062,CATFISH
8.47,27.5,12.02,4.09,0.025,CARP
7.58,24.8,14.61,4.85,0.031,TILAPIA
8.06,26.43,22.35,5.27,0.03,CARP
8.03,12.5,1.96,9.24,0.001,SALMON
8.38,28.07,16.27,5.52,0.011,SHRIMP
8.18,26.57,29.55,6.05,0.044,TILAPIA
7.09,15.39,4.85,7.47,0.009,TROUT
7.37,13.56,4.17,10.37,0.004,SALMON
7.18,25.7,17.87,6.8,0.046,CARP
7.1,29.96,40.85,7.37,0.042,ROHU
8.32,25.55,38.98,6.91,0.032,ROHU
7.88,8.45,1.0,9.93,0.009,SALMON
7.93,29.94,31.54,5.89,0.03,ROHU
7.3,24.0,16.57,5.96,0.037,ROHU
6.96,8.84,4.8,8.21,0.008,SALMON
6.74,25.78,38.62,4.18,0.038,TILAPIA
7.68,26.29,25.58,6.38,0.041,CARP
8.22,26.25,38.32,5.62,0.035,ROHU
6.56,12.3,7.74,8.6,0.004,TROUT
7.85,11.08,1.3,10.28,0.004,SALMON
7.91,25.22,17.52,7.83,0.009,SHRIMP
8.06,21.78,31.94,4.69,0.042,CARP
8.03,10.51,2.78,10.01,0.002,SALMON
8.25,14.59,0.36,10.16,0.005,SALMON
7.14,13.45,1.9,10.85,0.006,SALMON
8.26,21.02,43.06,6.74,0.022,ROHU
6.79,10.57,6.86,9.94,0.001,TROUT
7.13,24.55,40.99,5.97,0.003,CATFISH
8.04,11.64,1.57,10.98,0.006,SALMON
7.93,21.31,18.32,4.33,0.034,CARP
7.07,11.1,5.67,9.83,0.007,TROUT
7.76,27.52,5.21,7.5,0.0,SHRIMP
7.98,27.26,12.05,5.29,0.007,SHRIMP
8.31,29.99,26.29,3.26,0.001,TILAPIA
8.19,26.81,18.9,5.35,0.001,SHRIMP
7.94,26.33,36.53,4.07,0.032,CARP
7.84,18.18,26.73,6.09,0.002,CARP
7.43,26.98,67.08,5.03,0.053,CATFISH
8.48,20.17,29.29,6.91,0.04,ROHU
8.98,26.14,10.74,6.85,0.011,TILAPIA
7.22,27.38,36.25,6.13,0.018,ROHU
7.71,17.07,1.68,8.11,0.007,TROUT
7.81,26.83,9.81,7.68,0.018,SHRIMP
7.83,27.35,19.74,7.83,0.013,SHRIMP
7.71,24.36,31.39,6.58,0.048,CARP
7.69,28.05,16.5,7.08,0.016,SHRIMP
7.7,26.07,27.89,5.69,0.034,ROHU
8.38,26.85,34.13,4.09,0.044,CARP
6.93,15.43,2.87,9.0,0.01,TROUT
7.52,23.26,37.09,6.56,0.026,ROHU
7.85,29.18,32.7,6.59,0.008,TILAPIA
8.16,27.72,36.3,7.21,0.007,ROHU
7.6,25.87,12.76,6.6,0.009,SHRIMP
8.23,27.54,67.0,5.88,0.085,CATFISH
8.32,26.47,7.84,5.66,0.007,SHRIMP
8.42,28.99,31.02,6.32,0.043,ROHU
7.77,26.85,65.09,5.91,0.002,CATFISH
6.91,13.07,7.53,7.68,0.007,TROUT
7.16,11.13,0.06,7.71,0.009,TROUT
7.58,19.04,27.99,7.84,0.004,CARP
7.96,28.98,36.8,5.55,0.045,ROHU
7.32,30.45,25.66,5.8,0.008,TILAPIA
7.38,24.14,59.51,5.16,0.016,CATFISH
6.81,24.5,12.16,3.34,0.035,TILAPIA
7.25,23.33,90.8,3.15,0.058,CATFISH
8.44,21.93,15.92,6.27,0.016,ROHU
7.18,25.66,89.58,3.17,0.05,CATFISH
8.57,31.25,35.02,6.51,0.034,TILAPIA
8.22,22.74,33.83,2.69,0.042,CATFISH
7.88,27.2,5.3,7.19,0.012,SHRIMP
8.09,29.48,6.39,7.62,0.015,SHRIMP
8.13,29.7,10.49,5.22,0.012,SHRIMP
7.65,11.13,2.15,9.55,0.001,SALMON
7.75,10.55,2.95,9.61,0.004,TROUT
7.24,14.29,1.46,9.92,0.008,TROUT
6.9,22.76,71.16,5.8,0.017,CATFISH
7.63,25.48,39.25,4.21,0.039,CARP
7.01,24.48,45.1,4.38,0.048,CATFISH
8.44,25.63,9.84,6.96,0.02,SHRIMP
7.83,27.28,8.59,5.51,0.002,SHRIMP
8.44,28.54,13.82,4.68,0.026,TILAPIA
6.96,23.0,50.99,5.75,0.049,CATFISH
8.14,29.78,13.0,5.04,0.042,TILAPIA
8.2,26.54,21.89,6.96,0.048,CARP
6.63,25.05,78.09,4.76,0.011,CATFISH
6.73,10.66,8.12,7.78,0.009,TROUT
8.11,10.79,3.68,10.7,0.003,SALMON
7.47,22.67,95.17,3.18,0.021,CATFISH
7.85,22.68,43.31,6.82,0.018,ROHU
7.81,25.97,19.77,6.69,0.003,SHRIMP
8.42,26.81,15.96,4.21,0.019,CARP
7.17,17.74,9.41,7.29,0.006,TROUT
7.3,11.4,3.14,8.86,0.007,SALMON
8.28,25.36,16.8,5.51,0.007,SHRIMP
6.59,12.95,3.23,9.87,0.003,SALMON
6.73,28.76,44.52,3.32,0.032,TILAPIA
6.54,17.36,7.2,8.48,0.005,TROUT
8.22,30.67,10.0,7.24,0.019,SHRIMP
7.29,10.09,8.25,7.86,0.003,TROUT
7.5,24.57,32.13,5.58,0.013,CARP
7.75,29.54,91.32,5.05,0.092,CATFISH
7.25,14.02,0.09,7.09,0.007,TROUT
7.01,17.47,9.59,8.32,0.006,TROUT
6.25,26.97,66.94,4.99,0.035,CATFISH
6.68,24.44,16.07,3.23,0.027,TILAPIA
8.26,29.99,24.37,6.66,0.009,ROHU
8.17,25.01,29.78,3.64,0.002,TILAPIA
8.39,20.61,23.64,6.19,0.043,ROHU
7.4,25.22,27.28,4.58,0.02,ROHU
8.19,29.44,38.96,6.58,0.041,TILAPIA
8.39,28.83,10.85,6.8,0.013,SHRIMP
8.15,24.39,37.68,5.89,0.027,CARP
8.45,20.21,13.1,6.48,0.036,CARP
7.21,27.28,60.85,3.73,0.054,CATFISH
8.49,21.79,16.16,5.92,0.016,CARP
6.28,26.32,83.43,3.2,0.035,CATFISH
7.83,13.82,9.23,8.14,0.005,TROUT
7.87,11.45,2.36,10.64,0.006,SALMON
7.42,15.25,7.69,9.77,0.002,TROUT
7.64,29.66,18.57,5.36,0.001,SHRIMP
7.71,10.87,3.27,10.46,0.005,SALMON
7.63,9.12,3.59,9.65,0.008,SALMON
7.6,22.9,25.89,5.3,0.037,ROHU
7.92,9.13,4.99,8.32,0.006,SALMON
7.64,14.07,2.62,7.36,0.0,TROUT
8.37,12.26,2.87,9.13,0.008,SALMON
7.62,25.25,41.19,4.71,0.027,ROHU
8.37,11.55,1.29,10.02,0.008,SALMON
8.22,22.71,70.24,5.25,0.067,CATFISH
7.82,28.76,11.19,6.18,0.017,SHRIMP
7.83,26.5,72.65,4.69,0.05,CATFISH
8.18,30.99,17.13,6.9,0.009,SHRIMP
7.11,19.94,26.16,6.68,0.046,CARP
7.32,24.82,35.41,5.41,0.035,ROHU
8.01,22.38,67.78,5.32,0.08,CATFISH
7.63,25.18,25.23,4.34,0.049,CARP
6.61,12.75,3.49,8.58,0.007,TROUT
7.78,21.3,30.89,6.01,0.029,CARP
6.76,16.34,2.26,9.25,0.002,TROUT
6.57,26.67,41.6,5.87,0.041,TILAPIA
7.4,14.96,6.23,8.37,0.009,TROUT
6.84,23.54,39.04,3.77,0.015,CATFISH
8.03,11.8,3.6,9.48,0.008,SALMON
7.46,25.91,19.41,5.53,0.039,CARP
8.03,27.68,9.42,5.21,0.019,SHRIMP
8.14,10.48,1.9,8.9,0.003,SALMON
8.14,24.49,90.97,5.64,0.07,CATFISH
6.72,17.65,1.9,8.48,0.004,TROUT
7.83,30.29,21.61,6.22,0.015,TILAPIA
6.39,23.4,37.79,5.15,0.016,CATFISH
7.64,25.71,26.9,4.99,0.037,TILAPIA
7.36,15.3,3.83,8.65,0.007,TROUT
7.5,28.25,44.66,5.15,0.044,ROHU
8.32,26.84,67.35,3.53,0.051,CATFISH
8.2,11.44,1.44,10.89,0.002,SALMON
7.07,25.61,37.42,3.4,0.017,CATFISH
8.35,29.6,27.98,4.5,0.025,ROHU
6.88,10.45,3.53,8.42,0.002,SALMON
7.39,20.56,16.65,5.99,0.037,CARP
7.18,25.41,15.65,6.32,0.027,CARP
6.53,27.61,45.17,4.08,0.032,CATFISH
7.82,25.12,13.99,7.92,0.015,SHRIMP
7.19,10.89,2.95,10.0,0.005,SALMON
6.5,10.14,1.03,9.86,0.003,SALMON
8.03,30.25,11.77,6.13,0.004,SHRIMP
8.09,27.03,38.66,6.73,0.027,ROHU
8.3,29.86,23.3,3.01,0.016,TILAPIA
6.91,12.91,2.93,10.08,0.006,SALMON
6.48,22.76,48.78,3.57,0.033,CATFISH
6.89,22.4,63.06,5.91,0.007,CATFISH
8.42,26.75,17.63,7.22,0.002,SHRIMP
7.98,26.57,11.03,5.85,0.013,SHRIMP
8.27,27.37,9.61,7.96,0.002,SHRIMP
7.59,28.39,27.49,5.03,0.026,ROHU
7.21,22.13,19.7,5.99,0.041,ROHU
7.88,20.73,20.32,7.78,0.011,CARP
7.67,28.45,82.23,2.76,0.046,CATFISH
8.12,25.46,5.73,5.92,0.019,SHRIMP
8.33,26.98,38.98,6.1,0.045,TILAPIA
8.4,30.43,46.4,4.46,0.043,TILAPIA
7.62,9.68,3.56,10.22,0.002,SALMON
6.92,14.31,1.99,10.39,0.007,SALMON
6.54,13.44,8.57,8.47,0.007,TROUT
8.28,11.27,1.58,9.2,0.002,SALMON
7.8,26.75,14.47,5.37,0.004,SHRIMP
7.17,29.91,20.29,5.07,0.042,ROHU
7.74,25.68,32.52,4.79,0.047,CARP
6.56,11.27,7.03,9.01,0.001,TROUT
8.08,24.71,33.29,3.9,0.006,TILAPIA
7.42,28.07,20.9,6.37,0.028,ROHU
7.88,28.07,94.54,5.44,0.098,CATFISH
8.27,9.85,4.99,8.6,0.002,SALMON
6.54,14.91,6.68,7.05,0.009,TROUT
7.61,25.14,28.69,7.46,0.002,ROHU
7.22,9.33,2.18,8.59,0.009,SALMON
7.09,14.63,1.41,10.45,0.003,SALMON
7.09,20.86,16.38,4.48,0.0,CARP
7.39,20.37,24.5,4.14,0.032,CARP
8.18,25.51,15.15,6.66,0.001,SHRIMP
7.84,21.16,18.81,6.64,0.029,CARP
8.4,25.38,31.66,4.79,0.025,ROHU
6.61,13.11,7.32,7.64,0.008,TROUT
7.41,21.3,25.77,4.75,0.034,CARP
6.92,17.36,8.96,9.23,0.001,TROUT
7.17,30.67,35.92,3.7,0.023,TILAPIA
7.66,26.32,19.44,7.09,0.014,SHRIMP
8.23,28.54,39.44,3.92,0.025,TILAPIA
6.88,15.06,2.09,8.47,0.002,TROUT
7.61,10.06,0.89,7.86,0.0,TROUT
6.68,31.37,10.32,5.94,0.047,TILAPIA
6.74,27.94,37.53,4.63,0.044,TILAPIA
7.81,29.21,62.54,5.11,0.013,CATFISH
8.34,23.2,28.57,6.53,0.044,ROHU
7.35,20.74,18.62,4.33,0.007,CARP
8.19,29.92,91.5,2.66,0.094,CATFISH
7.17,12.38,1.56,7.51,0.003,TROUT
8.05,12.94,3.74,10.07,0.007,SALMON
8.02,24.78,48.88,6.39,0.011,TILAPIA
7.02,28.89,23.05,4.65,0.021,ROHU
7.29,9.84,2.72,9.72,0.008,SALMON
7.14,13.39,5.85,7.2,0.004,TROUT
7.06,13.13,2.91,9.39,0.001,SALMON
7.36,9.72,4.06,8.8,0.001,SALMON
7.42,20.05,30.05,7.18,0.032,ROHU
7.59,25.24,11.44,7.48,0.008,SHRIMP
7.41,14.52,2.05,10.61,0.005,SALMON
7.77,16.59,3.25,9.51,0.003,TROUT
7.45,26.95,34.94,5.1,0.013,ROHU
7.72,23.11,14.76,4.7,0.001,CARP
7.77,28.35,35.86,5.89,0.01,ROHU
7.51,25.54,12.47,6.01,0.028,TILAPIA
7.98,29.02,72.82,3.93,0.086,CATFISH
7.84,29.18,39.84,4.37,0.002,CATFISH
7.67,11.89,3.2,9.13,0.002,SALMON
6.69,14.45,7.94,9.22,0.009,TROUT
7.67,23.44,49.06,3.31,0.005,CATFISH
7.32,25.24,92.68,3.43,0.033,CATFISH
6.71,13.72,4.61,9.88,0.007,SALMON
6.95,22.23,77.78,2.55,0.057,CATFISH
7.76,24.87,31.04,4.28,0.014,TILAPIA
8.04,14.45,2.02,8.29,0.007,SALMON
7.74,16.7,5.41,7.56,0.005,TROUT
7.78,23.35,60.24,4.36,0.038,CATFISH
8.08,12.46,1.58,8.37,0.008,SALMON
7.92,22.25,29.73,7.01,0.016,ROHU
8.21,31.32,21.41,3.04,0.016,TILAPIA
8.49,14.31,1.42,8.59,0.005,SALMON
7.9,22.29,45.73,2.56,0.023,CATFISH
7.79,27.88,23.95,5.6,0.033,TILAPIA
7.99,29.69,13.04,5.64,0.04,TILAPIA
7.16,22.92,31.96,6.47,0.021,CARP
7.77,26.86,12.52,5.45,0.007,SHRIMP
7.22,25.57,39.87,5.93,0.018,CATFISH
7.01,8.99,4.72,9.9,0.001,SALMON
8.47,29.7,19.96,7.29,0.015,SHRIMP
7.92,26.89,12.88,5.53,0.014,SHRIMP
7.59,14.73,3.46,9.12,0.002,TROUT
8.26,26.27,42.79,7.38,0.041,ROHU
7.24,24.74,28.05,4.74,0.018,TILAPIA
8.12,28.97,17.89,7.08,0.016,SHRIMP
8.05,23.41,43.98,6.42,0.029,ROHU
6.97,13.74,3.01,9.91,0.008,TROUT
7.18,20.7,33.66,7.32,0.009,ROHU
7.82,13.71,2.89,7.96,0.007,TROUT
8.58,31.56,16.03,4.36,0.049,TILAPIA
7.23,11.79,2.27,9.19,0.007,SALMON
7.51,12.71,4.04,9.24,0.001,SALMON
7.39,25.07,44.21,6.55,0.014,ROHU
8.05,30.82,16.11,5.67,0.013,SHRIMP
8.22,21.71,19.34,4.8,0.027,ROHU
6.83,17.55,4.69,8.04,0.002,TROUT
7.59,31.01,29.05,5.05,0.013,TILAPIA
7.28,24.12,22.1,6.59,0.012,ROHU
7.77,20.41,16.26,5.08,0.006,CARP
7.87,27.65,16.79,5.88,0.007,SHRIMP
7.47,26.85,24.64,5.12,0.048,CARP
7.6,28.13,17.98,6.01,0.005,SHRIMP
8.29,25.28,18.92,6.63,0.008,ROHU
8.22,23.66,99.57,4.1,0.026,CATFISH
7.78,27.35,31.05,4.74,0.002,TILAPIA
7.1,13.4,1.65,8.08,0.009,TROUT
8.39,28.13,18.19,7.2,0.001,ROHU
7.98,27.49,15.88,5.71,0.022,TILAPIA
7.21,16.24,0.68,8.33,0.0,TROUT
7.18,24.38,97.36,2.8,0.025,CATFISH
7.68,19.25,15.42,6.31,0.001,CARP
7.07,24.92,45.54,3.38,0.018,CATFISH
7.4,27.97,23.01,5.44,0.044,CARP
7.84,25.68,24.73,3.8,0.002,TILAPIA
7.81,27.61,6.6,7.57,0.002,SHRIMP
8.01,27.21,7.69,7.39,0.01,SHRIMP
7.6,26.2,22.04,5.32,0.003,ROHU
7.53,14.06,4.28,9.72,0.004,SALMON
8.34,18.06,22.03,7.6,0.034,CARP
7.43,14.69,4.54,8.33,0.009,TROUT
7.27,10.92,2.75,9.5,0.004,TROUT
6.97,16.78,8.73,7.12,0.003,TROUT
8.25,12.08,1.66,10.56,0.006,SALMON
6.81,24.9,91.9,3.66,0.067,CATFISH
7.47,22.74,14.43,7.31,0.003,CARP
7.9,25.37,17.75,6.13,0.01,SHRIMP
6.54,9.98,4.7,8.9,0.004,SALMON
7.01,9.82,3.58,9.52,0.002,SALMON
8.36,26.43,19.63,5.74,0.01,SHRIMP
8.02,23.8,71.21,2.69,0.059,CATFISH
8.53,30.02,17.76,4.61,0.007,TILAPIA
7.51,14.67,5.45,9.81,0.01,TROUT
7.1,14.85,0.97,9.5,0.003,TROUT
8.16,9.43,1.98,8.82,0.0,SALMON
8.42,26.35,16.91,5.85,0.015,TILAPIA
8.73,24.96,17.3,4.32,0.033,TILAPIA
6.18,22.24,58.45,3.1,0.074,CATFISH
7.74,29.92,29.06,5.37,0.046,TILAPIA
8.66,26.97,22.83,6.13,0.001,TILAPIA
6.62,17.46,5.63,9.87,0.009,TROUT
7.77,23.75,29.87,5.52,0.003,CARP
8.48,29.23,20.59,7.08,0.042,ROHU
8.19,28.93,8.88,7.87,0.011,SHRIMP
8.08,26.95,10.35,5.04,0.0,SHRIMP
8.32,27.49,17.05,7.48,0.017,SHRIMP
7.97,23.75,16.05,5.59,0.024,CARP
7.7,21.02,18.25,7.11,0.032,ROHU
7.89,22.13,23.35,7.47,0.024,CARP
6.87,9.83,2.47,9.15,0.008,SALMON
8.75,26.77,21.06,3.73,0.044,TILAPIA
6.92,10.67,6.78,7.95,0.005,TROUT
8.36,26.63,5.51,7.61,0.001,SHRIMP
8.05,23.2,93.83,4.19,0.017,CATFISH
7.63,27.35,17.29,6.64,0.028,TILAPIA
7.18,18.41,11.69,4.92,0.0,CARP
7.25,24.19,15.09,4.62,0.005,ROHU
7.86,28.61,29.34,5.04,0.032,ROHU
8.21,30.23,22.26,4.47,0.003,TILAPIA
7.71,14.22,0.94,10.88,0.007,SALMON
6.8,17.07,0.05,7.77,0.004,TROUT
7.12,26.98,23.93,6.06,0.042,CARP
6.91,27.68,44.85,4.28,0.005,TILAPIA
7.16,11.84,9.06,8.81,0.003,TROUT
7.54,12.03,4.73,9.7,0.003,TROUT
7.99,26.9,15.66,5.36,0.033,ROHU
8.03,25.3,19.76,7.13,0.013,SHRIMP
7.82,24.72,25.1,6.37,0.032,ROHU
8.11,27.92,13.55,6.72,0.005,SHRIMP
6.72,11.37,6.33,8.7,0.008,TROUT
7.95,22.39,32.29,5.94,0.019,ROHU
8.22,10.36,2.43,9.37,0.002,SALMON
8.04,20.03,24.53,4.76,0.034,ROHU
7.88,29.87,68.22,3.91,0.064,CATFISH
6.07,22.49,74.83,5.71,0.089,CATFISH
6.77,15.02,1.32,9.16,0.008,TROUT
7.88,27.2,18.24,6.56,0.021,CARP
8.15,18.11,25.74,7.53,0.032,CARP
7.64,25.87,16.55,6.35,0.025,CARP
8.09,28.22,17.28,7.5,0.003,SHRIMP
7.7,29.21,38.55,2.53,0.017,CATFISH
6.53,9.68,4.31,10.0,0.006,SALMON
8.34,23.82,44.99,4.92,0.019,ROHU
8.12,30.49,46.31,5.03,0.012,TILAPIA
7.54,10.45,8.03,8.57,0.01,TROUT
8.12,25.44,27.62,5.89,0.049,CARP
7.55,24.39,30.65,4.67,0.033,ROHU
7.12,24.85,46.76,3.98,0.021,CATFISH
7.71,26.3,18.04,5.97,0.008,SHRIMP
7.9,23.71,21.15,5.18,0.024,ROHU
8.33,29.7,10.93,7.8,0.018,SHRIMP
7.56,8.42,3.42,9.15,0.004,SALMON
7.48,26.61,17.21,6.6,0.042,CARP
7.09,25.59,10.6,7.32,0.018,CARP
6.87,30.48,34.56,6.52,0.003,TILAPIA
8.4,24.67,19.47,6.81,0.026,ROHU
7.98,29.71,18.47,6.7,0.003,SHRIMP
6.72,17.02,1.73,8.32,0.001,TROUT
7.03,26.4,71.88,2.52,0.02,CATFISH
7.45,10.34,3.35,10.99,0.009,SALMON
7.09,10.88,2.3,8.99,0.003,SALMON
7.48,17.86,2.76,9.29,0.007,TROUT
7.39,24.24,90.46,3.48,0.066,CATFISH
7.8,28.41,66.96,3.88,0.091,CATFISH
6.53,12.65,9.19,8.93,0.005,TROUT
7.25,29.91,41.13,4.2,0.049,TILAPIA
7.89,28.13,7.94,5.55,0.007,SHRIMP
7.03,22.91,41.44,5.2,0.045,ROHU
7.3,29.67,44.62,6.59,0.025,ROHU
7.35,28.71,43.11,3.92,0.002,TILAPIA
7.87,13.03,2.09,8.24,0.004,SALMON
8.17,27.9,14.99,6.14,0.015,SHRIMP
7.75,20.43,27.1,7.69,0.002,CARP
8.01,11.41,0.16,10.35,0.004,SALMON
8.93,31.39,14.35,5.95,0.028,TILAPIA
7.53,27.57,19.38,6.95,0.025,CARP
7.17,26.11,31.91,6.66,0.014,ROHU
8.36,29.06,57.39,5.17,0.037,CATFISH
7.44,25.49,29.56,3.54,0.029,TILAPIA
8.44,10.9,3.89,10.76,0.002,SALMON
6.91,11.48,2.89,7.64,0.004,TROUT
6.76,14.27,0.49,10.94,0.001,SALMON
7.92,25.65,20.14,5.38,0.011,ROHU
7.97,10.24,6.35,7.73,0.007,TROUT
8.2,25.95,28.14,6.24,0.009,CARP
7.87,13.62,2.46,7.36,0.008,TROUT
7.51,11.27,0.07,9.9,0.008,TROUT
8.23,20.56,38.46,5.41,0.007,ROHU
8.31,23.89,24.33,6.83,0.003,CARP
7.93,18.54,23.46,4.4,0.022,CARP
7.47,17.35,1.66,7.57,0.006,TROUT
8.08,22.88,31.34,5.66,0.014,ROHU
7.48,29.32,45.53,5.67,0.029,TILAPIA
6.92,11.37,9.4,8.27,0.006,TROUT
7.88,29.0,31.3,5.02,0.004,ROHU
8.71,29.68,32.86,4.3,0.007,TILAPIA
8.28,9.06,4.78,11.0,0.0,SALMON
7.9,26.16,11.96,7.53,0.009,SHRIMP
8.5,30.6,9.5,6.19,0.016,SHRIMP
7.08,14.05,1.75,10.43,0.009,SALMON
7.72,22.89,22.75,4.72,0.017,ROHU
7.85,14.12,3.09,10.22,0.0,SALMON
8.12,29.28,20.77,5.25,0.008,ROHU
7.69,27.83,12.78,7.97,0.014,SHRIMP
8.33,24.59,42.27,6.54,0.036,ROHU
7.42,29.6,36.06,5.68,0.009,ROHU
7.58,22.07,19.07,7.14,0.043,ROHU
7.85,26.77,16.55,6.35,0.004,SHRIMP
8.26,24.65,27.32,4.71,0.034,TILAPIA
7.98,11.24,5.98,7.98,0.001,TROUT
8.02,13.78,1.62,9.14,0.005,SALMON
8.37,27.68,82.87,4.97,0.067,CATFISH
7.88,18.13,20.38,4.1,0.004,CARP
7.09,25.19,31.12,4.86,0.074,CATFISH
7.12,11.38,6.1,7.13,0.004,TROUT
8.43,30.48,19.34,5.23,0.005,SHRIMP
7.23,27.15,33.53,3.37,0.048,TILAPIA
7.26,24.76,40.34,6.0,0.036,ROHU
7.85,26.94,9.83,7.33,0.006,SHRIMP
6.83,14.94,1.03,7.2,0.001,TROUT
8.46,9.73,3.82,9.95,0.005,SALMON
7.01,24.56,86.83,3.96,0.064,CATFISH
7.11,10.96,0.65,8.62,0.005,TROUT
8.29,22.13,38.63,5.91,0.015,ROHU
7.88,27.3,12.93,7.68,0.041,CARP
7.2,28.12,35.72,5.99,0.044,ROHU
6.72,22.35,83.15,3.39,0.028,CATFISH
7.79,13.0,1.72,10.82,0.006,SALMON
8.28,26.48,21.77,6.71,0.047,CARP
7.15,24.98,40.03,6.0,0.066,CATFISH
7.25,10.52,2.3,10.02,0.008,SALMON
7.49,25.56,17.89,5.34,0.03,CARP
7.17,29.33,55.58,3.41,0.007,CATFISH
6.53,26.06,11.02,6.44,0.01,TILAPIA
7.81,21.67,40.45,6.22,0.038,ROHU
6.98,25.23,43.24,3.95,0.074,CATFISH
7.7,8.58,1.94,9.67,0.003,SALMON
7.05,19.27,22.43,7.51,0.048,CARP
7.44,12.48,1.29,8.86,0.0,SALMON
7.57,26.36,24.76,7.37,0.006,CARP
7.98,18.6,33.19,6.42,0.02,CARP
7.55,31.75,10.02,5.7,0.045,TILAPIA
7.84,10.81,4.93,9.96,0.009,SALMON
8.48,12.75,0.84,8.34,0.009,SALMON
7.07,26.9,23.54,6.1,0.05,CARP
6.93,31.91,18.9,3.98,0.024,TILAPIA
8.3,30.25,35.52,5.91,0.022,TILAPIA
7.32,13.49,3.07,8.58,0.005,TROUT
7.99,26.5,44.51,3.22,0.045,TILAPIA
8.03,13.43,3.63,10.37,0.006,SALMON
7.94,16.02,9.17,7.9,0.001,TROUT
8.47,24.15,41.12,6.84,0.042,ROHU
7.44,8.84,4.61,10.77,0.008,SALMON
6.79,11.94,3.64,10.71,0.009,SALMON
8.49,9.1,4.2,9.76,0.007,SALMON
8.06,28.13,28.33,7.36,0.019,ROHU
8.49,24.62,39.29,4.88,0.041,CARP
7.53,27.85,18.01,6.0,0.008,SHRIMP
8.46,18.07,28.63,7.46,0.045,CARP
8.0,19.18,13.52,6.15,0.03,CARP
7.83,26.12,81.86,4.35,0.01,CATFISH
8.13,23.45,15.96,4.52,0.004,CARP
6.99,22.61,85.05,3.19,0.016,CATFISH
7.9,26.15,94.21,5.42,0.028,CATFISH
7.41,8.87,3.54,9.13,0.006,SALMON
7.82,21.94,16.03,7.88,0.041,CARP
7.44,12.2,4.29,7.17,0.008,TROUT
7.59,23.37,46.74,3.87,0.063,CATFISH
8.33,19.13,23.13,4.3,0.027,CARP
8.38,23.06,31.29,4.66,0.034,ROHU
7.82,23.32,37.42,7.58,0.006,CARP
6.64,24.58,23.03,5.98,0.014,TILAPIA
7.29,29.83,78.69,4.77,0.015,CATFISH
7.26,26.6,30.34,6.85,0.042,CARP
6.87,11.15,7.35,9.91,0.009,TROUT
8.62,31.01,46.68,5.12,0.036,TILAPIA
7.67,24.7,30.83,6.6,0.002,TILAPIA
7.6,14.13,2.33,7.13,0.01,TROUT
8.26,8.85,2.15,8.56,0.008,SALMON
8.98,26.28,14.4,5.73,0.038,TILAPIA
7.76,12.56,3.3,8.83,0.009,SALMON
8.49,29.21,10.81,7.26,0.009,SHRIMP
7.22,28.18,42.48,4.2,0.012,CATFISH
7.03,14.29,7.5,8.69,0.006,TROUT
8.46,23.13,24.27,4.25,0.029,CARP
7.57,20.82,15.36,6.29,0.017,CARP
8.49,20.0,28.52,5.09,0.019,CARP
6.66,17.75,6.82,7.06,0.005,TROUT
6.52,23.84,83.76,5.22,0.012,CATFISH
7.58,13.8,2.91,8.71,0.001,TROUT
7.53,11.33,8.73,9.8,0.003,TROUT
7.82,26.69,7.53,6.18,0.004,SHRIMP
6.96,11.23,3.52,8.62,0.001,TROUT
8.09,12.92,1.67,8.24,0.004,SALMON
8.2,10.0,2.4,8.61,0.003,SALMON
7.69,29.85,5.62,7.09,0.008,SHRIMP
6.56,11.33,1.46,10.5,0.0,SALMON
7.78,27.97,19.28,7.85,0.006,SHRIMP
8.39,28.23,23.79,4.48,0.006,TILAPIA
7.87,28.9,7.59,5.49,0.017,SHRIMP
7.12,29.64,41.9,4.74,0.041,ROHU
8.71,30.43,32.89,4.39,0.026,TILAPIA
7.8,27.84,9.57,7.25,0.004,SHRIMP
7.13,10.6,2.86,8.42,0.002,TROUT
7.61,29.68,15.33,6.73,0.019,SHRIMP
7.3,24.99,25.73,4.71,0.018,TILAPIA
8.24,29.32,7.18,5.7,0.0,SHRIMP
8.05,29.97,42.68,5.17,0.061,CATFISH
6.73,25.27,14.23,4.02,0.008,TILAPIA
7.09,13.03,0.68,8.63,0.008,SALMON
7.77,30.53,11.42,5.45,0.003,SHRIMP
6.64,12.87,3.23,7.24,0.008,TROUT
7.49,10.04,9.07,7.55,0.004,TROUT
7.76,19.42,20.72,7.77,0.028,CARP
7.32,25.54,36.92,5.26,0.017,ROHU
7.94,21.01,21.82,5.5,0.016,CARP
7.24,23.86,44.2,6.08,0.036,ROHU
7.52,28.88,7.44,5.11,0.001,SHRIMP
8.28,29.47,12.35,6.36,0.009,SHRIMP
7.86,16.64,4.19,7.02,0.007,TROUT
7.42,22.93,12.98,6.72,0.016,CARP
7.27,24.92,32.68,3.9,0.082,CATFISH
7.63,11.57,3.19,9.87,0.01,TROUT
7.83,15.02,5.18,7.76,0.004,TROUT
6.7,12.32,3.16,8.05,0.005,TROUT
7.63,13.06,8.16,7.64,0.002,TROUT
8.26,22.44,27.05,4.28,0.007,CARP
7.65,9.73,2.52,9.67,0.009,SALMON
7.88,11.17,3.43,10.4,0.002,SALMON
8.2,11.42,4.86,8.51,0.007,SALMON
7.13,14.59,0.36,8.69,0.006,SALMON
7.85,8.38,3.65,9.58,0.002,SALMON
7.73,11.99,1.86,7.25,0.005,TROUT
7.44,27.62,36.69,4.68,0.047,ROHU
6.16,27.38,33.53,5.18,0.087,CATFISH
6.59,26.0,13.64,4.82,0.043,TILAPIA
7.56,23.53,30.11,4.9,0.035,ROHU
7.9,13.46,4.01,9.92,0.001,TROUT
7.84,28.88,34.73,4.64,0.043,ROHU
8.06,20.58,18.83,7.52,0.019,CARP
7.5,24.23,17.99,7.87,0.006,CARP
8.88,25.76,41.16,4.46,0.042,TILAPIA
7.53,25.66,38.51,7.52,0.042,CARP
7.58,23.97,21.12,5.42,0.016,ROHU
8.91,24.86,49.54,3.64,0.024,TILAPIA
8.46,29.59,8.03,7.26,0.015,SHRIMP
7.13,29.55,54.7,4.55,0.085,CATFISH
6.63,12.95,4.92,8.24,0.005,TROUT
8.09,25.08,8.9,7.0,0.003,SHRIMP
6.69,9.0,4.77,9.7,0.002,SALMON
7.65,24.95,40.83,5.38,0.003,ROHU
8.15,11.89,1.6,9.89,0.01,SALMON
7.82,12.67,2.2,9.25,0.001,TROUT
7.76,29.82,19.88,6.4,0.005,SHRIMP
7.76,17.74,9.27,8.87,0.007,TROUT
7.02,29.15,25.65,6.77,0.044,ROHU
7.65,10.31,2.57,9.84,0.008,SALMON
8.15,27.11,41.1,4.64,0.03,ROHU
7.01,27.57,35.46,6.19,0.035,ROHU
8.19,30.64,5.89,7.48,0.007,SHRIMP
8.37,24.44,10.83,5.96,0.003,TILAPIA
7.66,29.49,17.42,7.06,0.014,SHRIMP
7.91,18.36,35.0,4.61,0.04,CARP
8.35,12.92,3.69,8.57,0.004,SALMON
7.39,21.66,39.92,6.03,0.028,CARP
7.8,28.78,19.7,7.97,0.009,SHRIMP
7.68,28.32,15.59,5.59,0.015,SHRIMP
7.46,22.8,99.24,3.56,0.096,CATFISH
8.0,13.7,6.15,7.02,0.0,TROUT
8.57,30.38,11.86,4.08,0.024,TILAPIA
7.8,12.55,2.73,8.54,0.006,SALMON
8.42,21.77,20.47,6.41,0.021,ROHU
8.08,21.37,25.32,4.94,0.039,CARP
8.14,9.2,0.24,8.7,0.007,SALMON
7.04,22.71,41.52,2.67,0.064,CATFISH
8.19,26.16,22.78,6.74,0.009,CARP
8.39,22.32,12.48,4.65,0.036,CARP
7.78,28.71,6.51,6.24,0.007,SHRIMP
7.58,22.03,66.1,4.58,0.096,CATFISH
7.91,30.7,6.2,7.82,0.008,SHRIMP
7.55,26.98,14.68,7.6,0.016,SHRIMP
7.72,28.67,18.34,5.64,0.007,SHRIMP
6.08,24.97,69.1,4.01,0.067,CATFISH
7.72,26.97,15.64,7.14,0.006,SHRIMP
7.3,12.98,1.43,8.01,0.006,SALMON
6.94,29.42,98.01,5.01,0.079,CATFISH
7.6,15.64,3.29,9.53,0.009,TROUT
7.39,24.2,25.28,5.41,0.037,ROHU
6.37,25.82,32.46,2.68,0.005,CATFISH
7.75,26.07,17.88,5.61,0.007,SHRIMP
7.02,19.56,28.01,6.64,0.032,CARP
7.93,27.46,28.88,5.01,0.024,CARP
8.02,29.62,14.32,6.2,0.006,SHRIMP
7.82,26.09,27.39,5.73,0.038,TILAPIA
8.06,26.19,24.5,7.48,0.033,ROHU
8.47,27.27,12.56,5.39,0.02,SHRIMP
6.81,30.37,31.37,4.14,0.046,TILAPIA
7.01,20.36,35.81,5.94,0.042,ROHU
7.86,23.61,32.36,6.96,0.017,CARP
8.28,27.62,14.24,6.4,0.041,CARP
8.63,29.53,31.8,4.2,0.049,TILAPIA
7.61,9.37,0.21,10.83,0.005,SALMON
8.3,24.06,30.97,4.36,0.017,CARP
7.88,18.71,15.83,4.95,0.05,CARP
6.0,23.36,79.2,4.61,0.02,CATFISH
6.44,23.84,67.14,2.68,0.095,CATFISH
7.9,25.63,13.33,7.72,0.006,SHRIMP
7.45,16.36,0.32,8.84,0.008,TROUT
7.05,25.32,37.24,7.09,0.016,ROHU
6.74,25.1,89.33,5.75,0.094,CATFISH
8.97,30.06,43.92,3.76,0.045,TILAPIA
7.81,30.28,7.15,6.72,0.01,SHRIMP
7.75,27.84,18.79,6.17,0.001,SHRIMP
7.44,27.72,29.12,4.2,0.046,TILAPIA
6.54,12.55,0.37,9.79,0.009,SALMON
7.31,24.59,27.21,5.16,0.029,TILAPIA
8.4,24.15,12.56,6.44,0.002,TILAPIA
6.77,10.01,9.3,9.24,0.001,TROUT
7.63,23.74,37.48,5.07,0.004,CARP
7.95,15.28,1.78,9.79,0.004,TROUT
8.16,27.45,13.57,7.3,0.005,SHRIMP
7.11,27.28,38.1,6.57,0.019,CARP
7.67,24.59,19.01,5.37,0.024,CARP
7.72,12.61,4.57,9.58,0.004,SALMON
7.21,25.18,23.56,5.84,0.049,CARP
8.09,18.05,19.13,5.8,0.047,CARP
7.95,16.01,3.72,7.79,0.003,TROUT
7.6,28.43,42.26,5.89,0.047,ROHU
6.85,13.06,1.54,9.84,0.009,SALMON
6.72,10.86,4.9,8.62,0.008,TROUT
7.25,29.14,16.25,6.47,0.019,TILAPIA
8.16,28.22,14.66,5.3,0.011,SHRIMP
7.82,30.69,22.64,4.54,0.027,TILAPIA
7.07,20.56,23.63,6.13,0.021,CARP
8.23,25.66,24.89,6.69,0.006,CARP
7.78,30.0,13.03,7.49,0.02,SHRIMP
8.37,26.83,18.05,5.75,0.033,ROHU
7.9,20.81,14.52,6.01,0.005,CARP
7.79,26.33,14.26,6.29,0.014,SHRIMP
7.05,11.85,0.48,10.97,0.007,SALMON
8.32,24.34,59.17,4.64,0.092,CATFISH
7.73,25.86,16.89,6.62,0.034,CARP
7.5,14.22,7.73,7.28,0.004,TROUT
6.8,15.29,6.39,8.34,0.003,TROUT
7.72,20.02,26.42,6.39,0.001,CARP
7.81,10.6,6.39,7.19,0.009,TROUT
8.33,21.2,20.49,5.06,0.048,CARP
7.86,22.88,23.61,4.84,0.011,ROHU
7.19,11.16,7.9,7.32,0.006,TROUT
6.28,23.47,77.26,4.47,0.098,CATFISH
7.54,17.11,8.78,9.93,0.003,TROUT
7.67,10.19,4.83,8.5,0.003,SALMON
7.03,25.16,36.49,7.11,0.006,CARP
7.77,14.09,4.09,10.62,0.007,SALMON
8.46,24.74,37.67,6.31,0.005,ROHU
8.1,10.53,3.77,9.84,0.004,SALMON
8.06,27.07,30.49,5.52,0.03,CARP
7.78,26.09,42.48,6.04,0.01,ROHU
6.98,23.93,88.4,4.94,0.074,CATFISH
7.7,26.41,36.0,6.85,0.032,TILAPIA
6.92,10.61,7.85,7.12,0.001,TROUT
6.85,13.8,7.18,7.93,0.006,TROUT
8.56,29.52,42.31,5.09,0.022,TILAPIA
8.49,22.7,32.42,6.15,0.02,ROHU
6.71,29.63,31.34,5.0,0.089,CATFISH
6.81,26.16,90.73,5.91,0.01,CATFISH
7.72,29.56,6.45,7.5,0.0,SHRIMP
6.72,29.46,31.59,3.96,0.046,TILAPIA
6.61,11.08,3.69,8.61,0.009,TROUT
8.2,26.49,7.78,5.75,0.019,SHRIMP
6.53,11.66,9.3,9.38,0.003,TROUT
8.06,25.63,5.45,5.28,0.002,SHRIMP
8.17,31.76,37.03,6.26,0.005,TILAPIA
8.42,27.83,16.61,6.77,0.003,SHRIMP
8.33,27.57,38.23,5.77,0.015,CATFISH
8.38,25.87,17.65,6.83,0.017,SHRIMP
6.65,13.95,1.5,9.41,0.01,TROUT
6.23,22.69,65.8,2.63,0.043,CATFISH
8.23,24.0,39.35,5.98,0.03,CARP
6.06,23.05,95.68,5.56,0.083,CATFISH
7.93,14.7,2.84,9.0,0.008,SALMON
7.87,23.88,24.75,5.95,0.041,CARP
7.13,12.27,7.66,8.78,0.009,TROUT
8.16,10.83,1.51,8.62,0.009,SALMON
6.69,29.71,11.4,3.73,0.03,TILAPIA
8.05,25.22,23.27,5.34,0.037,CARP
8.17,14.09,4.85,8.04,0.009,SALMON
7.32,25.32,94.39,3.92,0.06,CATFISH
7.63,29.56,20.76,4.04,0.001,TILAPIA
6.14,23.42,90.87,3.75,0.043,CATFISH
8.15,26.09,38.79,5.28,0.049,CARP
8.41,25.3,17.16,5.2,0.007,SHRIMP
7.93,29.87,6.67,5.52,0.02,SHRIMP
6.63,11.16,8.47,7.61,0.007,TROUT
7.98,27.4,47.01,4.43,0.032,TILAPIA
8.33,14.65,3.3,10.16,0.005,SALMON
8.1,9.09,0.15,9.94,0.001,SALMON
7.02,10.51,0.1,9.27,0.01,TROUT
8.31,8.37,3.68,10.77,0.009,SALMON
7.85,24.53,27.96,7.41,0.013,ROHU
8.1,28.26,77.3,4.66,0.092,CATFISH
6.82,25.52,10.92,5.52,0.05,TILAPIA
8.27,19.77,15.21,7.18,0.039,CARP
8.1,28.45,5.5,5.47,0.011,SHRIMP
6.71,12.24,3.34,9.88,0.003,TROUT
7.61,24.23,86.19,3.38,0.03,CATFISH
8.48,21.69,31.89,7.36,0.017,CARP
8.49,26.98,24.58,5.55,0.002,ROHU
7.09,24.19,20.97,5.7,0.046,TILAPIA
6.94,14.17,4.05,10.2,0.007,SALMON
8.02,29.73,16.85,7.02,0.008,SHRIMP
6.78,11.71,7.86,8.03,0.004,TROUT
6.81,27.55,97.84,2.98,0.073,CATFISH
7.06,13.32,0.07,9.66,0.009,TROUT
8.44,30.8,19.49,5.47,0.007,SHRIMP
7.76,13.52,1.23,10.9,0.0,SALMON
8.44,24.24,28.24,5.65,0.039,ROHU
7.84,25.96,9.15,5.91,0.013,SHRIMP
7.31,20.88,21.65,5.39,0.014,ROHU
7.43,13.99,0.5,10.59,0.005,SALMON
6.96,10.89,2.97,10.07,0.005,SALMON
7.14,27.26,27.95,6.66,0.022,TILAPIA
7.52,26.11,29.33,7.4,0.044,ROHU
8.41,23.97,35.89,5.25,0.043,ROHU
6.68,28.62,50.9,4.33,0.077,CATFISH
7.78,10.45,4.58,9.36,0.005,SALMON
6.61,13.95,7.74,9.86,0.001,TROUT
6.96,17.87,0.31,7.96,0.005,TROUT
8.73,25.45,10.87,6.54,0.035,TILAPIA
6.84,8.29,2.95,10.01,0.008,SALMON
7.83,15.39,5.54,7.19,0.007,TROUT
6.79,28.83,76.89,4.91,0.096,CATFISH
8.31,23.7,74.15,3.21,0.086,CATFISH
7.87,29.05,8.15,5.54,0.008,SHRIMP
8.22,29.58,39.04,6.09,0.034,ROHU
6.82,26.79,40.36,2.84,0.006,CATFISH
6.98,12.99,0.6,9.21,0.008,TROUT
7.63,28.19,70.41,4.22,0.026,CATFISH
7.82,24.73,39.5,3.18,0.02,CATFISH
8.26,28.95,34.88,4.98,0.017,CATFISH
6.1,26.56,95.0,4.78,0.048,CATFISH
8.17,25.8,12.11,5.83,0.012,SHRIMP
8.41,13.85,3.04,9.62,0.007,SALMON
7.62,27.76,27.61,7.85,0.036,CARP
7.32,25.23,15.85,4.57,0.011,TILAPIA
8.22,30.33,6.65,7.31,0.002,SHRIMP
7.99,10.55,0.23,8.0,0.01,TROUT
7.33,26.03,22.01,4.66,0.003,ROHU
8.17,30.59,14.3,6.1,0.011,SHRIMP
6.83,14.38,7.08,9.97,0.006,TROUT
6.34,24.64,80.08,4.06,0.032,CATFISH
8.28,28.12,8.77,6.97,0.018,SHRIMP
6.43,29.82,36.0,5.09,0.04,CATFISH
8.76,27.17,21.5,6.77,0.044,TILAPIA
8.13,26.73,34.4,4.1,0.063,CATFISH
8.01,13.37,1.2,9.17,0.008,SALMON
7.73,28.84,26.95,5.95,0.032,ROHU
6.7,11.89,1.53,8.79,0.002,SALMON
6.89,13.13,1.73,10.98,0.008,SALMON
7.19,18.37,14.58,5.19,0.032,CARP
7.77,24.69,95.09,4.64,0.037,CATFISH
7.48,14.28,0.05,9.46,0.008,SALMON
7.65,18.99,12.56,4.95,0.028,CARP
6.93,11.51,1.09,10.57,0.006,SALMON
8.3,27.27,61.91,5.74,0.09,CATFISH
7.59,13.83,8.49,9.38,0.003,TROUT
7.9,8.34,0.59,10.54,0.0,SALMON
8.34,27.96,20.32,6.25,0.043,CARP
6.79,14.92,4.46,8.24,0.001,TROUT
7.36,29.18,24.64,4.54,0.014,TILAPIA
7.76,26.95,16.95,7.61,0.007,SHRIMP
7.95,18.16,16.82,5.14,0.02,CARP
7.03,12.77,2.31,8.8,0.001,SALMON
7.75,23.94,69.59,3.93,0.036,CATFISH
8.27,24.08,54.36,5.28,0.074,CATFISH
8.04,24.4,48.5,5.12,0.047,CATFISH
7.98,9.54,0.5,8.86,0.0,SALMON
7.65,29.34,8.52,7.98,0.011,SHRIMP
7.66,13.28,6.07,9.85,0.005,TROUT
6.95,15.72,0.99,9.68,0.002,TROUT
6.92,29.24,38.43,6.59,0.012,TILAPIA
8.23,24.91,39.92,4.7,0.05,TILAPIA
7.56,11.9,3.21,10.2,0.001,SALMON
6.64,12.44,2.79,9.02,0.008,SALMON
7.05,29.39,42.22,6.55,0.002,ROHU
8.95,31.25,48.58,6.98,0.003,TILAPIA
7.97,18.17,10.26,4.45,0.038,CARP
7.11,20.21,30.82,6.36,0.015,ROHU
7.79,11.12,0.1,9.25,0.002,SALMON
7.77,27.9,16.1,4.41,0.048,TILAPIA
6.93,27.42,76.63,3.94,0.097,CATFISH
7.81,13.49,7.47,9.79,0.007,TROUT
6.6,17.66,9.92,9.08,0.003,TROUT
7.08,26.94,41.9,3.86,0.059,CATFISH
8.07,27.27,18.27,5.83,0.0,SHRIMP
8.19,18.65,16.76,5.02,0.032,CARP
7.3,22.5,30.56,7.14,0.006,CARP
7.01,27.24,34.83,5.91,0.007,ROHU
6.99,11.85,3.03,8.45,0.008,SALMON
6.64,14.93,4.29,9.52,0.007,SALMON
7.47,14.78,2.67,8.22,0.004,TROUT
7.55,10.77,4.84,9.25,0.008,SALMON
7.53,17.55,8.92,9.52,0.004,TROUT
8.19,26.19,37.54,5.28,0.033,CATFISH
7.68,26.07,18.0,6.56,0.028,CARP
7.98,27.35,5.93,5.68,0.01,SHRIMP
7.71,22.22,27.55,4.67,0.044,ROHU
7.69,28.19,17.31,7.47,0.014,SHRIMP
8.26,23.06,16.64,7.25,0.014,CARP
8.08,24.99,68.41,3.48,0.084,CATFISH
7.62,28.78,9.73,5.99,0.012,SHRIMP
6.97,16.2,0.65,8.54,0.001,TROUT
8.26,19.29,31.41,6.02,0.037,CARP
7.81,15.87,8.93,9.79,0.004,TROUT
7.36,30.96,23.5,6.94,0.03,TILAPIA
7.86,25.42,17.71,4.06,0.037,CARP
8.12,31.36,10.69,6.97,0.027,TILAPIA
7.51,20.56,11.43,4.7,0.022,CARP
7.35,12.93,3.21,9.48,0.008,SALMON
7.58,25.93,29.25,7.66,0.041,CARP
7.52,30.69,15.95,5.46,0.009,SHRIMP
8.24,20.12,39.06,4.74,0.035,CARP
7.73,27.02,12.81,5.57,0.017,SHRIMP
8.49,26.65,6.08,6.62,0.006,SHRIMP
7.38,25.99,48.71,4.06,0.028,TILAPIA
7.78,24.72,18.02,6.52,0.036,ROHU
8.14,26.79,15.24,5.81,0.044,CARP
6.55,8.82,0.05,10.86,0.003,SALMON
6.83,14.05,1.58,8.12,0.002,SALMON
6.99,10.66,0.32,9.29,0.001,TROUT
7.96,30.89,5.83,6.41,0.006,SHRIMP
8.41,22.82,35.45,7.2,0.029,CARP
7.24,13.33,4.47,8.39,0.01,TROUT
8.23,25.62,29.37,4.1,0.046,CARP
7.33,29.17,54.15,3.02,0.019,CATFISH
6.1,28.25,85.34,4.96,0.09,CATFISH
7.62,24.52,32.3,5.47,0.009,ROHU
8.41,26.78,13.69,5.39,0.039,TILAPIA
6.11,28.52,99.4,4.4,0.07,CATFISH
7.04,27.85,36.64,6.56,0.006,ROHU
7.98,26.87,15.41,5.41,0.007,SHRIMP
6.58,10.47,5.69,7.96,0.006,TROUT
8.28,25.95,15.18,7.22,0.049,ROHU
6.53,11.21,3.27,10.38,0.004,SALMON
7.76,25.13,13.55,4.76,0.0,TILAPIA
7.27,10.06,2.43,10.19,0.0,SALMON
7.27,22.72,19.68,4.36,0.019,CARP
6.61,16.69,9.53,7.89,0.005,TROUT
8.26,20.32,27.33,7.21,0.018,CARP
6.9,8.37,3.22,8.57,0.004,SALMON
8.51,30.72,10.18,5.65,0.02,TILAPIA
8.34,21.97,21.48,7.24,0.0,CARP
6.04,24.68,95.8,3.13,0.024,CATFISH
6.55,12.44,0.1,7.5,0.007,TROUT
7.46,11.3,6.15,8.07,0.008,TROUT
7.59,16.12,3.15,9.98,0.001,TROUT
8.47,26.35,9.17,6.73,0.016,SHRIMP
8.02,23.12,25.55,7.34,0.031,ROHU
7.48,21.54,24.98,7.38,0.038,CARP
7.78,17.75,6.94,7.7,0.003,TROUT
7.05,11.19,3.21,9.05,0.008,TROUT
8.35,21.61,26.49,5.18,0.0,CARP
7.85,27.12,38.1,5.31,0.004,ROHU
7.03,8.88,3.97,10.85,0.002,SALMON
7.74,18.11,27.76,5.3,0.027,CARP
8.05,14.03,2.83,9.81,0.007,SALMON
7.88,9.37,2.34,9.3,0.005,SALMON
7.18,12.64,3.53,9.89,0.004,SALMON
7.42,11.48,0.6,7.06,0.003,TROUT
7.17,25.78,25.62,7.24,0.04,CARP
7.75,20.28,30.71,6.53,0.012,ROHU
7.59,29.13,43.74,5.43,0.037,TILAPIA
7.94,28.22,24.13,7.13,0.043,ROHU
8.97,31.73,34.94,5.01,0.038,TILAPIA
7.53,27.67,43.5,7.19,0.004,ROHU
7.85,12.1,3.83,10.64,0.008,SALMON
7.37,29.43,27.69,4.8,0.042,ROHU
7.75,27.85,31.6,7.07,0.005,ROHU
7.8,24.33,28.53,5.74,0.009,ROHU
7.64,23.84,48.91,2.85,0.041,CATFISH
7.22,28.35,40.58,4.83,0.013,ROHU
7.81,29.43,15.27,6.26,0.017,SHRIMP
6.56,31.43,24.15,5.6,0.009,TILAPIA
6.57,13.37,2.71,9.16,0.001,TROUT
8.45,18.4,15.1,4.21,0.025,CARP
7.67,15.69,5.51,9.67,0.003,TROUT
8.74,25.4,30.14,4.46,0.017,TILAPIA
7.57,25.56,24.22,4.59,0.047,TILAPIA
7.53,22.01,48.75,6.0,0.097,CATFISH
6.68,12.53,6.17,9.0,0.004,TROUT
8.44,26.32,75.14,2.79,0.061,CATFISH
6.38,24.13,99.78,5.39,0.044,CATFISH
7.19,20.29,38.17,6.14,0.0,ROHU
7.44,21.21,36.27,6.51,0.048,CARP
8.17,22.57,37.55,3.3,0.092,CATFISH
7.98,26.43,39.73,2.96,0.013,CATFISH
7.21,26.09,35.34,4.42,0.045,CARP
7.78,11.59,3.24,9.21,0.006,SALMON
7.67,26.12,15.45,5.1,0.004,CARP
8.22,27.6,18.54,5.43,0.006,SHRIMP
7.34,25.5,34.44,3.99,0.085,CATFISH
8.12,24.18,61.27,3.04,0.065,CATFISH
7.92,26.53,42.28,5.93,0.023,TILAPIA
8.02,29.31,6.52,5.44,0.001,SHRIMP
6.79,26.42,67.81,2.92,0.001,CATFISH
6.55,13.2,3.9,7.72,0.002,TROUT
7.54,14.82,4.23,10.21,0.006,SALMON
8.18,27.3,7.26,5.58,0.002,SHRIMP
7.67,13.46,1.12,9.21,0.009,SALMON
8.21,22.55,34.95,4.67,0.048,ROHU
6.93,26.79,36.78,3.7,0.035,TILAPIA
7.39,26.68,25.8,5.68,0.037,ROHU
7.13,23.68,37.15,7.39,0.039,ROHU
8.01,28.14,58.37,2.64,0.019,CATFISH
7.33,21.08,15.22,5.36,0.018,ROHU
7.22,21.45,39.85,7.5,0.034,CARP
7.54,25.27,5.46,5.45,0.002,SHRIMP
7.54,11.52,1.72,10.0,0.004,SALMON
7.81,27.47,46.23,5.72,0.027,CATFISH
7.06,24.57,16.68,6.73,0.038,CARP
8.05,29.98,15.85,6.06,0.002,SHRIMP
7.02,22.97,37.78,5.09,0.013,CARP
7.66,13.48,8.34,7.52,0.004,TROUT
6.91,10.91,1.3,8.5,0.004,TROUT
8.03,24.5,24.69,5.8,0.047,ROHU
7.8,24.28,36.55,5.14,0.094,CATFISH
8.91,31.6,30.92,4.18,0.007,TILAPIA
7.91,26.51,40.83,5.83,0.018,ROHU
7.2,11.91,0.83,9.54,0.006,TROUT
7.08,9.01,1.96,9.87,0.007,SALMON
7.3,26.59,28.03,6.0,0.039,ROHU
7.67,25.97,26.37,3.58,0.014,TILAPIA
7.77,31.21,11.95,4.03,0.011,TILAPIA
8.23,22.37,21.4,6.49,0.03,ROHU
7.27,27.46,38.26,4.31,0.012,CARP
7.57,27.54,30.34,4.84,0.025,TILAPIA
8.09,19.1,31.54,4.27,0.025,CARP
7.2,23.82,29.86,4.04,0.004,CARP
6.82,8.28,3.83,8.51,0.0,SALMON
7.79,16.02,6.76,8.27,0.0,TROUT
7.13,11.32,2.58,10.27,0.004,SALMON
7.03,28.1,68.92,5.4,0.005,CATFISH
8.23,26.19,14.21,5.05,0.049,CARP
7.48,10.28,4.17,9.77,0.007,SALMON
7.12,23.79,17.22,7.97,0.026,CARP
8.33,30.65,13.22,6.16,0.013,SHRIMP
8.15,26.94,26.12,5.91,0.026,ROHU
6.93,22.64,86.55,5.91,0.058,CATFISH
7.03,28.24,39.84,5.13,0.024,TILAPIA
6.73,17.19,8.64,9.5,0.008,TROUT
7.34,16.23,8.54,7.52,0.003,TROUT
7.35,26.66,27.3,6.44,0.03,CARP
6.78,13.59,3.14,9.43,0.003,TROUT
8.01,25.69,16.89,5.91,0.018,SHRIMP
8.2,18.56,19.96,7.12,0.026,CARP
6.7,27.83,26.76,5.36,0.018,TILAPIA
8.26,22.99,17.02,6.0,0.044,ROHU
7.4,10.82,0.24,10.61,0.008,SALMON
6.89,9.05,2.4,8.28,0.004,SALMON
7.05,22.83,54.03,3.96,0.018,CATFISH
8.41,11.24,3.12,10.76,0.004,SALMON
6.76,10.89,3.54,9.46,0.003,SALMON
7.84,10.7,4.59,9.94,0.0,SALMON
7.93,23.95,35.23,3.71,0.056,CATFISH
7.26,22.46,28.11,6.5,0.008,ROHU
7.11,12.91,7.28,7.85,0.004,TROUT
7.6,17.46,5.98,7.41,0.007,TROUT
7.99,24.66,45.71,4.52,0.099,CATFISH
8.32,25.09,6.64,7.42,0.006,SHRIMP
7.44,27.58,17.51,6.09,0.017,CARP
7.89,15.66,7.7,7.02,0.008,TROUT
7.05,24.63,37.47,3.12,0.043,TILAPIA
8.06,25.82,15.13,5.57,0.003,SHRIMP
8.2,23.01,92.64,3.57,0.077,CATFISH
8.34,22.95,79.14,4.37,0.055,CATFISH
7.38,17.62,4.53,9.8,0.01,TROUT
7.65,26.06,32.46,5.27,0.041,CARP
8.28,28.23,8.08,6.37,0.013,SHRIMP
7.35,13.52,0.53,9.74,0.0,SALMON
8.46,27.35,29.39,6.34,0.018,CARP
8.03,25.37,15.11,6.54,0.008,SHRIMP
7.44,28.84,20.21,5.16,0.01,ROHU
8.25,31.05,46.55,6.71,0.024,TILAPIA
7.46,23.07,17.02,5.52,0.015,ROHU
6.89,29.8,15.2,4.98,0.037,TILAPIA
6.89,26.26,63.99,5.49,0.014,CATFISH
8.22,25.18,78.92,4.27,0.079,CATFISH
6.67,13.0,4.81,7.26,0.008,TROUT
7.6,25.69,67.56,3.21,0.007,CATFISH
7.93,25.32,9.18,6.28,0.015,SHRIMP
7.85,8.44,0.23,10.44,0.0,SALMON
7.85,28.22,41.51,3.43,0.051,CATFISH
7.57,28.02,5.68,7.72,0.013,SHRIMP
7.17,18.55,24.37,7.14,0.009,CARP
8.99,24.9,49.77,6.6,0.045,TILAPIA
7.11,24.95,28.41,4.61,0.034,TILAPIA
8.47,24.89,23.55,7.97,0.014,CARP
6.98,25.49,17.54,5.44,0.015,TILAPIA
8.4,26.94,17.97,7.86,0.006,SHRIMP
8.06,14.0,4.8,9.26,0.006,SALMON
8.99,24.54,45.72,3.3,0.002,TILAPIA
7.23,9.26,4.92,10.41,0.01,SALMON
8.1,30.75,17.14,7.82,0.006,SHRIMP
8.24,12.06,4.01,10.92,0.008,SALMON
7.67,13.11,2.76,8.44,0.003,TROUT
6.99,17.0,0.51,7.15,0.006,TROUT
7.22,23.34,92.23,4.59,0.075,CATFISH
7.18,29.52,38.34,6.98,0.009,ROHU
7.43,28.07,53.02,3.39,0.084,CATFISH
7.63,18.41,15.37,7.43,0.006,CARP
6.64,15.32,1.77,8.22,0.006,TROUT
7.07,16.75,3.09,8.97,0.008,TROUT
7.74,31.95,39.72,5.73,0.04,TILAPIA
8.25,20.95,41.5,6.97,0.028,ROHU
6.73,24.65,41.64,5.94,0.012,CATFISH
8.23,22.34,32.3,4.43,0.021,CARP
8.47,28.68,6.12,6.58,0.018,SHRIMP
7.43,26.69,24.49,5.32,0.038,CARP
7.56,30.27,13.47,5.59,0.006,SHRIMP
7.5,17.66,0.21,9.79,0.001,TROUT
8.24,20.29,30.86,5.0,0.011,CARP
7.16,19.97,27.0,6.83,0.037,CARP
7.89,27.38,18.4,7.32,0.01,SHRIMP
8.93,27.15,40.3,3.44,0.043,TILAPIA
6.14,23.01,32.75,5.01,0.048,CATFISH
8.35,29.82,17.14,7.67,0.017,SHRIMP
7.35,27.9,25.91,4.05,0.002,CARP
7.71,29.64,14.74,6.95,0.019,SHRIMP
7.41,28.77,25.3,3.83,0.031,TILAPIA
7.15,30.68,39.13,5.49,0.045,TILAPIA
6.63,25.15,30.16,6.57,0.033,TILAPIA
7.36,26.48,13.26,7.7,0.019,CARP
8.46,31.13,32.18,6.39,0.033,TILAPIA
7.12,24.28,56.87,4.13,0.06,CATFISH
8.12,14.76,1.63,10.99,0.003,SALMON
6.05,28.49,65.82,4.67,0.068,CATFISH
8.1,28.62,16.12,6.23,0.046,ROHU
7.75,26.24,10.38,7.46,0.002,CARP
7.64,28.24,28.95,6.97,0.024,ROHU
7.24,10.67,0.37,8.86,0.001,TROUT
7.67,26.98,25.55,7.9,0.04,CARP
7.33,25.14,23.73,4.74,0.034,ROHU
7.2,28.96,43.73,5.85,0.074,CATFISH
7.42,8.19,2.08,10.73,0.005,SALMON
7.31,24.48,98.9,2.51,0.006,CATFISH
7.36,15.96,2.51,8.57,0.003,TROUT
8.19,25.78,13.05,5.4,0.013,SHRIMP
8.41,26.0,20.46,5.95,0.033,ROHU
7.66,25.81,53.43,5.71,0.098,CATFISH
8.09,8.64,1.23,9.39,0.004,SALMON
7.91,24.7,15.27,3.21,0.048,TILAPIA
6.68,27.32,68.35,2.84,0.044,CATFISH
7.11,12.97,6.5,8.85,0.002,TROUT
7.91,27.02,15.13,4.59,0.031,ROHU
7.41,22.63,39.45,5.5,0.042,ROHU
6.76,10.37,7.41,7.38,0.007,TROUT
7.06,13.77,0.24,9.93,0.008,TROUT
8.36,8.68,4.76,10.01,0.009,SALMON
6.81,25.58,93.8,3.49,0.084,CATFISH
7.23,10.51,8.64,8.43,0.009,TROUT
8.24,28.17,10.96,7.3,0.005,SHRIMP
7.06,10.53,4.84,9.07,0.006,SALMON
7.16,12.98,4.96,9.34,0.003,TROUT
6.96,12.42,3.93,9.21,0.002,SALMON
7.57,22.1,29.38,4.34,0.041,CARP
7.23,20.7,28.25,6.9,0.032,CARP
7.51,29.81,54.75,4.83,0.092,CATFISH
8.49,22.31,43.7,5.33,0.083,CATFISH
7.42,12.84,0.07,8.57,0.004,SALMON
7.84,19.64,32.08,5.18,0.011,CARP
8.24,27.65,10.9,5.5,0.002,SHRIMP
7.77,17.74,0.22,7.32,0.003,TROUT
8.23,19.41,31.32,7.3,0.044,CARP
7.05,26.04,38.71,4.17,0.014,CARP
6.97,8.6,3.28,8.52,0.009,SALMON
7.98,19.11,12.69,6.28,0.02,CARP
7.99,28.6,17.64,6.0,0.004,SHRIMP
8.24,10.73,2.89,8.86,0.008,SALMON
7.57,13.74,6.29,7.21,0.005,TROUT
7.97,27.56,19.14,7.38,0.036,CARP
7.57,13.84,6.87,9.8,0.004,TROUT
7.91,29.71,41.86,5.9,0.062,CATFISH
7.89,11.83,1.45,8.86,0.001,SALMON
7.13,24.32,97.93,5.36,0.052,CATFISH
7.83,13.68,9.51,7.73,0.002,TROUT
7.08,27.61,16.0,6.2,0.004,CARP
6.78,17.66,8.02,9.52,0.003,TROUT
6.11,23.56,39.53,2.64,0.097,CATFISH
8.36,27.15,5.64,7.09,0.001,SHRIMP
7.83,17.11,0.54,8.72,0.005,TROUT
7.8,20.38,38.1,7.37,0.022,ROHU
8.95,26.4,45.38,5.35,0.015,TILAPIA
7.64,29.28,5.05,7.76,0.017,SHRIMP
7.01,24.76,10.49,7.89,0.044,CARP
6.64,15.67,5.25,7.44,0.007,TROUT
8.35,28.71,10.38,7.24,0.005,SHRIMP
6.79,12.0,2.12,9.82,0.004,SALMON
8.47,26.25,12.57,5.27,0.002,SHRIMP
6.61,10.12,1.6,7.58,0.003,TROUT
6.81,16.33,8.88,8.46,0.002,TROUT
7.66,26.34,42.06,6.38,0.003,ROHU
7.3,25.47,23.54,5.12,0.026,ROHU
7.7,30.54,31.23,3.27,0.039,TILAPIA
8.36,12.57,2.61,9.53,0.002,SALMON
8.0,21.99,40.29,7.05,0.02,ROHU
7.72,24.15,43.33,5.99,0.024,TILAPIA
7.8,14.93,0.86,9.07,0.008,TROUT
7.92,24.63,36.57,4.88,0.018,ROHU
7.78,29.92,27.25,5.04,0.042,ROHU
7.82,14.57,5.47,9.44,0.001,TROUT
8.34,28.56,10.93,5.98,0.002,SHRIMP
6.99,9.06,2.56,10.74,0.006,SALMON
8.46,28.23,15.59,7.11,0.011,ROHU
7.24,26.15,17.4,3.97,0.017,TILAPIA
7.9,27.48,18.47,4.99,0.001,CARP
7.58,27.13,17.44,7.03,0.023,CARP
6.47,29.49,51.5,2.83,0.084,CATFISH
6.8,31.7,44.89,3.71,0.012,TILAPIA
7.37,29.38,98.54,3.7,0.01,CATFISH
8.37,27.77,10.15,6.01,0.045,TILAPIA
7.74,26.06,20.63,5.33,0.01,CARP
6.54,14.75,2.2,9.84,0.008,SALMON
8.93,25.42,13.79,6.95,0.028,TILAPIA
7.63,26.67,10.96,7.0,0.008,SHRIMP
7.48,22.45,30.79,7.37,0.011,CARP
7.74,24.2,37.88,5.26,0.007,TILAPIA
7.24,13.82,0.87,10.18,0.009,SALMON
7.98,21.79,44.62,6.56,0.006,ROHU
7.81,30.33,8.08,7.65,0.004,SHRIMP
7.01,11.86,2.11,10.67,0.007,SALMON
7.51,25.13,34.96,7.28,0.038,CARP
7.64,19.69,12.2,6.94,0.04,CARP
7.29,11.34,5.99,9.94,0.008,TROUT
7.17,19.49,27.71,4.5,0.004,CARP
7.98,29.29,9.4,6.14,0.005,SHRIMP
7.07,28.69,49.27,6.4,0.018,TILAPIA
7.48,27.46,10.08,3.27,0.008,TILAPIA
6.81,12.89,3.55,8.81,0.004,SALMON
8.35,25.68,9.26,7.45,0.005,SHRIMP
8.1,30.42,8.2,6.86,0.012,SHRIMP
6.73,26.59,42.6,5.45,0.028,TILAPIA
7.47,30.68,12.15,5.93,0.046,TILAPIA
8.05,22.31,16.5,4.67,0.013,ROHU
7.6,14.45,0.6,8.37,0.008,SALMON
7.73,27.85,17.23,7.96,0.011,SHRIMP
7.66,30.04,37.84,3.94,0.046,TILAPIA
7.96,20.83,38.41,5.55,0.02,CARP
8.31,11.54,3.75,10.91,0.008,SALMON
7.02,22.73,97.62,4.94,0.017,CATFISH
7.88,25.78,26.66,7.93,0.009,CARP
7.23,10.89,1.98,10.51,0.005,SALMON
6.76,12.1,4.44,9.55,0.004,TROUT
6.57,14.48,0.15,10.32,0.003,SALMON
7.31,12.94,0.14,10.52,0.003,SALMON
7.31,16.92,0.9,7.47,0.008,TROUT
8.16,23.53,42.76,5.34,0.021,ROHU
7.02,10.74,4.63,9.58,0.005,TROUT
7.52,26.97,10.7,5.77,0.005,SHRIMP
7.05,27.19,32.75,6.04,0.016,TILAPIA
6.92,10.22,1.75,9.83,0.01,TROUT
6.95,13.85,4.57,9.95,0.009,SALMON
7.47,12.15,1.86,10.01,0.001,SALMON
7.62,27.36,12.2,6.99,0.004,SHRIMP
7.35,27.54,37.47,6.18,0.01,CARP
7.38,19.88,14.04,6.2,0.044,CARP
6.6,11.24,0.01,8.14,0.002,SALMON
8.09,30.0,94.46,5.77,0.033,CATFISH
6.6,15.91,0.58,8.46,0.009,TROUT
7.63,29.63,93.73,5.16,0.027,CATFISH
6.99,14.94,3.17,8.24,0.004,TROUT
7.89,12.56,9.94,7.63,0.009,TROUT
8.09,22.22,49.76,2.68,0.06,CATFISH
7.42,21.82,32.09,6.47,0.017,ROHU
7.41,26.34,35.75,5.76,0.07,CATFISH
7.42,29.96,11.83,3.36,0.025,TILAPIA
7.37,18.14,15.58,4.51,0.022,CARP
7.68,29.92,83.76,5.98,0.05,CATFISH
6.68,11.62,0.65,8.3,0.003,SALMON
7.02,19.8,18.29,7.29,0.047,CARP
7.57,18.09,34.6,4.68,0.036,CARP
7.67,15.26,4.67,9.55,0.008,TROUT
7.91,13.63,7.29,9.49,0.006,TROUT
8.85,25.57,46.45,5.85,0.044,TILAPIA
7.99,20.35,32.53,6.33,0.024,CARP
8.42,10.54,0.28,9.56,0.002,SALMON
8.46,24.5,19.7,4.17,0.049,CARP
7.73,27.95,10.96,7.85,0.01,SHRIMP
8.74,27.52,12.32,3.92,0.049,TILAPIA
7.07,28.6,28.14,5.37,0.002,ROHU
6.95,10.79,2.23,9.76,0.001,SALMON
8.15,19.65,11.29,5.87,0.017,CARP
7.38,24.09,31.61,6.7,0.024,ROHU
6.75,12.08,0.2,10.14,0.0,SALMON
8.23,21.84,29.04,4.78,0.015,CARP
8.27,29.44,11.06,7.97,0.007,SHRIMP
7.05,27.06,60.23,5.45,0.057,CATFISH
7.78,25.76,12.32,6.75,0.005,CARP
7.44,26.17,17.13,5.74,0.035,CARP
7.81,21.14,42.15,5.19,0.043,ROHU
8.03,23.44,19.47,5.69,0.019,CARP
6.71,13.03,3.39,9.56,0.006,TROUT
6.93,14.66,2.31,10.44,0.006,SALMON
8.34,26.24,49.65,4.96,0.029,TILAPIA
6.67,25.96,33.73,3.88,0.035,CATFISH
7.16,12.22,6.18,9.21,0.005,TROUT
7.84,31.85,27.51,3.78,0.034,TILAPIA
6.96,26.26,28.51,5.19,0.031,TILAPIA
6.43,25.84,57.76,5.45,0.011,CATFISH
8.3,25.62,12.42,6.59,0.001,SHRIMP
7.27,16.14,6.84,8.32,0.001,TROUT
7.89,20.26,36.11,4.86,0.036,CARP
7.92,28.69,16.53,5.73,0.004,SHRIMP
8.26,9.09,3.26,10.7,0.001,SALMON
8.65,24.9,14.32,4.27,0.021,TILAPIA
7.2,29.96,37.17,7.38,0.007,ROHU
7.06,19.49,31.97,6.38,0.034,CARP
8.25,29.31,6.09,5.56,0.009,SHRIMP
8.06,20.82,13.6,7.99,0.021,CARP
8.34,26.4,16.83,6.2,0.02,SHRIMP
7.93,11.83,4.15,7.07,0.004,TROUT
7.11,12.74,5.94,9.25,0.003,TROUT
8.91,29.05,33.86,3.05,0.035,TILAPIA
8.19,21.81,16.48,6.83,0.048,CARP
7.16,25.98,23.83,4.13,0.011,CARP
7.74,14.31,4.07,8.46,0.002,SALMON
8.41,23.73,12.73,6.01,0.05,CARP
6.5,24.95,58.17,2.73,0.037,CATFISH
6.72,16.2,9.19,9.7,0.007,TROUT
8.3,11.38,1.63,10.86,0.003,SALMON
7.14,26.2,48.25,4.57,0.066,CATFISH
7.2,10.93,1.5,9.82,0.008,SALMON
8.62,28.45,28.21,6.05,0.006,TILAPIA
8.07,9.88,0.14,10.15,0.008,SALMON
7.88,24.56,21.93,7.92,0.049,CARP
6.74,16.56,6.12,8.45,0.004,TROUT
7.35,23.9,99.21,5.68,0.039,CATFISH
6.27,26.67,63.99,3.03,0.089,CATFISH
7.91,27.21,38.48,5.93,0.021,CATFISH
8.58,29.47,40.26,6.36,0.024,TILAPIA
8.46,28.82,44.72,6.25,0.034,ROHU
8.62,30.31,43.23,3.09,0.049,TILAPIA
7.68,26.23,33.97,5.42,0.001,ROHU
7.81,21.44,32.03,6.37,0.022,ROHU
8.35,27.89,11.22,4.21,0.01,CARP
7.43,10.72,2.36,8.48,0.004,TROUT
7.67,22.9,25.42,6.82,0.026,ROHU
6.52,14.65,3.97,8.27,0.001,TROUT
8.8,24.52,49.0,6.39,0.01,TILAPIA
7.91,29.21,18.04,5.23,0.027,TILAPIA
8.35,29.59,13.2,7.68,0.007,SHRIMP
8.49,22.56,29.96,6.01,0.005,CARP
7.29,21.38,20.46,6.57,0.007,ROHU
7.49,8.94,0.99,8.14,0.007,SALMON
6.68,22.58,83.07,3.65,0.057,CATFISH
8.77,26.49,49.13,3.66,0.003,TILAPIA
7.92,18.71,27.91,6.31,0.044,CARP
6.98,11.34,3.44,9.69,0.001,SALMON
6.87,10.4,8.32,9.84,0.001,TROUT
7.66,23.03,31.31,5.93,0.046,CARP
6.18,29.63,40.28,5.25,0.053,CATFISH
7.86,14.34,3.08,8.35,0.003,TROUT
8.46,26.06,23.59,4.63,0.039,ROHU
7.5,26.74,57.46,3.36,0.084,CATFISH
7.76,20.49,35.66,5.07,0.017,ROHU
8.25,29.47,16.82,7.61,0.018,SHRIMP
7.88,9.65,0.83,10.39,0.0,SALMON
8.22,25.37,24.0,6.8,0.031,TILAPIA
7.72,26.24,8.1,5.01,0.004,SHRIMP
8.33,21.0,25.1,7.97,0.013,CARP
8.81,29.62,45.77,5.5,0.041,TILAPIA
8.21,29.59,18.33,7.8,0.017,SHRIMP
6.98,22.17,85.46,3.67,0.023,CATFISH
7.79,23.28,73.51,2.58,0.043,CATFISH
8.5,29.38,40.33,5.71,0.042,CATFISH
7.81,23.53,26.47,7.31,0.02,CARP
7.82,25.55,38.78,4.63,0.049,ROHU
6.75,14.28,1.39,10.12,0.007,SALMON
7.31,29.7,24.56,4.72,0.029,TILAPIA
7.19,14.54,4.65,9.33,0.005,TROUT
7.62,29.27,43.58,3.42,0.038,TILAPIA
7.52,9.23,1.88,10.56,0.008,SALMON
7.49,21.3,36.09,4.25,0.01,CARP
7.5,21.27,37.35,5.61,0.042,ROHU
8.48,29.99,16.53,6.5,0.041,ROHU
7.17,23.31,20.8,7.32,0.028,CARP
8.54,28.26,16.19,4.51,0.044,TILAPIA
7.58,18.66,31.79,5.79,0.01,CARP
6.74,16.64,3.55,8.37,0.005,TROUT
7.79,9.53,2.4,10.58,0.008,SALMON
7.79,22.39,31.69,5.9,0.024,ROHU
7.23,29.74,16.67,4.87,0.041,ROHU
8.68,31.43,13.11,5.47,0.011,TILAPIA
7.99,27.23,27.9,5.27,0.036,ROHU
8.32,30.59,15.68,6.19,0.004,SHRIMP
8.21,11.71,2.31,10.94,0.005,SALMON
7.5,10.8,0.56,8.87,0.001,SALMON
6.83,30.11,46.1,4.04,0.003,TILAPIA
8.15,20.14,39.85,6.28,0.017,CARP
7.53,21.84,16.82,5.03,0.005,ROHU
7.19,29.2,79.22,2.69,0.007,CATFISH
8.46,28.69,96.56,4.84,0.066,CATFISH
7.5,25.64,15.06,6.23,0.0,SHRIMP
7.47,24.49,29.18,5.63,0.001,TILAPIA
8.47,25.25,45.64,3.73,0.021,TILAPIA
8.01,30.53,8.07,6.39,0.016,SHRIMP
8.22,14.9,2.98,9.2,0.002,SALMON
8.09,26.2,9.05,7.1,0.018,SHRIMP
7.6,8.48,0.31,8.43,0.002,SALMON
7.67,11.61,2.48,8.91,0.009,TROUT
7.54,21.7,34.74,7.26,0.049,ROHU
7.88,8.8,3.08,8.91,0.007,SALMON
8.27,25.14,32.39,5.12,0.001,ROHU
8.18,20.84,30.32,6.9,0.02,CARP
6.7,27.66,41.69,5.9,0.038,TILAPIA
8.29,28.04,17.82,5.57,0.019,ROHU
8.33,29.21,29.77,6.81,0.03,ROHU
7.75,29.02,43.61,7.19,0.004,ROHU
7.71,28.37,13.05,7.6,0.014,SHRIMP
8.44,25.63,28.02,6.15,0.021,ROHU
7.92,25.93,13.17,5.03,0.009,SHRIMP
7.74,17.64,7.21,7.36,0.005,TROUT
7.25,29.45,60.75,4.15,0.094,CATFISH
8.41,25.27,26.91,3.55,0.012,TILAPIA
8.04,9.99,3.8,10.77,0.001,SALMON
8.06,13.34,1.51,8.71,0.01,SALMON
8.4,27.65,19.42,6.22,0.002,SHRIMP
7.04,21.64,18.58,5.89,0.014,ROHU
7.07,22.01,15.58,5.26,0.037,ROHU
7.8,27.49,13.73,4.83,0.036,TILAPIA
7.16,12.74,5.46,8.54,0.002,TROUT
7.8,28.3,8.36,5.11,0.018,SHRIMP
7.97,27.71,56.92,5.63,0.014,CATFISH
8.38,28.9,5.83,6.22,0.014,SHRIMP
7.56,23.31,40.27,4.72,0.003,ROHU
7.02,23.29,48.43,5.91,0.051,CATFISH
6.6,8.29,1.95,10.6,0.008,SALMON
7.44,18.71,33.77,4.58,0.011,CARP
7.78,27.03,17.19,6.66,0.004,SHRIMP
7.31,23.18,21.34,4.06,0.02,CARP
7.12,28.93,61.12,3.09,0.04,CATFISH
7.55,23.76,13.13,5.51,0.048,CARP
7.69,8.59,3.44,8.54,0.009,SALMON
8.46,25.27,38.63,7.92,0.018,CARP
7.18,11.22,7.96,7.4,0.01,TROUT
8.18,25.88,17.16,5.48,0.018,SHRIMP
8.02,20.57,17.23,5.83,0.041,CARP
7.57,27.36,8.07,6.65,0.014,SHRIMP
7.39,24.98,35.71,5.46,0.068,CATFISH
8.46,27.47,23.86,4.98,0.031,ROHU
6.82,14.34,0.52,10.29,0.001,SALMON
7.61,28.05,7.82,7.6,0.008,SHRIMP
7.95,24.69,44.73,3.51,0.022,TILAPIA
7.18,16.88,5.87,9.01,0.007,TROUT
7.47,24.78,42.32,3.33,0.017,TILAPIA
7.79,16.64,6.5,7.19,0.003,TROUT
7.09,24.84,35.76,5.26,0.034,ROHU
8.29,11.79,0.46,10.5,0.008,SALMON
7.18,17.38,5.75,7.79,0.0,TROUT
7.63,30.22,13.44,5.53,0.003,SHRIMP
7.4,15.09,9.38,9.6,0.001,TROUT
8.08,25.19,36.79,5.95,0.024,ROHU
8.05,26.09,10.24,5.09,0.021,TILAPIA
8.18,23.68,44.43,3.41,0.057,CATFISH
7.03,25.62,34.95,7.1,0.009,CARP
7.38,12.63,6.18,7.63,0.008,TROUT
7.97,25.0,82.03,3.82,0.094,CATFISH
8.42,27.01,18.21,7.18,0.002,SHRIMP
7.85,28.2,10.82,6.54,0.009,SHRIMP
7.06,17.16,8.2,9.16,0.001,TROUT
7.87,21.67,38.22,5.44,0.031,ROHU
7.72,16.06,1.33,9.88,0.003,TROUT
7.93,19.01,12.62,7.78,0.005,CARP
7.49,26.11,31.24,7.03,0.011,ROHU
8.45,31.21,38.23,3.22,0.028,TILAPIA
6.75,28.35,95.17,3.36,0.069,CATFISH
7.04,25.92,33.99,6.41,0.004,ROHU
7.49,25.01,30.35,6.51,0.039,CARP
7.01,12.34,7.72,9.63,0.003,TROUT
8.37,27.76,30.68,5.78,0.027,CARP
8.4,26.09,16.36,6.65,0.008,CARP
8.39,28.41,9.03,5.35,0.017,SHRIMP
8.35,21.28,37.26,7.47,0.005,ROHU
8.8,25.92,38.45,4.72,0.041,TILAPIA
7.95,27.13,12.62,6.95,0.01,SHRIMP
7.51,23.29,18.43,5.14,0.036,ROHU
8.0,29.55,42.96,5.31,0.012,ROHU
8.27,26.5,30.37,7.0,0.039,CARP
7.55,25.03,35.12,4.04,0.037,CARP
8.17,30.32,9.77,7.54,0.007,SHRIMP
6.91,11.92,4.99,9.27,0.006,TROUT
6.68,15.77,0.55,8.07,0.003,TROUT
8.18,24.92,39.82,4.68,0.028,TILAPIA
7.75,27.48,15.94,7.76,0.006,SHRIMP
8.43,27.2,34.84,3.21,0.03,TILAPIA
8.14,25.52,17.9,5.17,0.013,ROHU
6.75,23.7,54.9,2.87,0.055,CATFISH
7.33,13.75,4.06,10.71,0.007,SALMON
7.09,20.72,19.78,5.32,0.035,ROHU
8.09,27.88,17.08,5.38,0.004,SHRIMP
6.68,12.1,8.37,7.63,0.002,TROUT
7.89,28.5,17.41,6.9,0.01,SHRIMP
8.69,30.36,31.67,4.76,0.013,TILAPIA
8.4,22.96,72.66,3.34,0.003,CATFISH
7.83,13.18,0.38,9.21,0.009,TROUT
7.64,21.85,28.97,5.36,0.015,ROHU
7.88,28.42,29.45,6.28,0.008,TILAPIA
8.33,27.92,38.12,7.06,0.034,CARP
7.21,25.28,30.18,4.6,0.006,ROHU
7.86,12.09,3.99,8.96,0.002,TROUT
8.19,31.16,22.63,5.5,0.028,TILAPIA
6.68,27.41,20.47,6.27,0.038,TILAPIA
8.29,25.96,18.8,6.71,0.017,SHRIMP
8.38,29.11,17.99,7.31,0.006,SHRIMP
8.5,25.48,14.43,3.06,0.015,TILAPIA
7.39,27.1,37.76,4.84,0.09,CATFISH
7.59,14.01,0.06,7.96,0.008,TROUT
7.67,28.66,5.31,5.65,0.003,SHRIMP
7.21,28.0,14.42,5.26,0.044,CARP
7.12,26.28,32.24,5.53,0.027,ROHU
7.9,23.39,35.99,5.8,0.015,ROHU
7.76,10.67,7.11,9.94,0.008,TROUT
7.87,15.08,2.85,9.42,0.006,TROUT
7.17,27.38,18.64,6.65,0.002,CARP
7.88,26.39,34.27,4.87,0.007,ROHU
6.53,26.28,24.44,5.76,0.038,TILAPIA
6.87,30.58,41.02,4.86,0.026,TILAPIA
7.65,24.12,21.34,4.95,0.012,CARP
7.93,24.98,74.09,3.2,0.016,CATFISH
8.04,14.45,2.2,9.23,0.002,SALMON
7.84,27.88,27.53,5.15,0.028,CARP
8.41,27.67,8.83,7.9,0.017,SHRIMP
7.53,28.48,42.34,5.68,0.006,CATFISH
8.06,28.62,10.64,5.14,0.002,TILAPIA
8.35,12.97,2.03,8.21,0.008,SALMON
7.27,17.23,4.82,7.47,0.001,TROUT
8.27,29.6,15.94,7.27,0.014,SHRIMP
7.4,8.61,0.83,10.73,0.005,SALMON
8.34,24.37,72.77,2.61,0.077,CATFISH
7.78,11.79,4.96,10.68,0.007,SALMON
7.48,27.23,33.52,5.1,0.08,CATFISH
7.91,27.06,18.92,7.27,0.014,SHRIMP
6.77,15.84,2.05,7.22,0.004,TROUT
7.0,22.68,36.89,4.29,0.017,CATFISH
8.11,30.39,12.9,7.46,0.004,SHRIMP
7.16,23.79,39.09,2.99,0.08,CATFISH
7.45,21.94,40.55,5.5,0.01,ROHU
8.26,26.11,10.85,4.56,0.038,CARP
7.63,13.38,1.44,9.73,0.001,SALMON
7.52,25.05,8.39,7.98,0.001,SHRIMP
7.99,28.51,6.94,7.84,0.008,SHRIMP
6.86,17.04,0.72,8.03,0.005,TROUT
7.15,27.54,35.29,6.86,0.002,TILAPIA
8.84,26.04,14.49,5.39,0.008,TILAPIA
7.76,22.79,85.8,5.65,0.028,CATFISH
7.31,27.32,18.19,5.92,0.046,ROHU
7.35,28.76,37.58,2.6,0.081,CATFISH
8.07,10.77,2.15,9.71,0.001,SALMON
7.44,22.53,21.65,6.78,0.043,CARP
7.64,27.24,25.99,7.12,0.007,ROHU
8.38,25.66,6.09,7.74,0.003,SHRIMP
7.15,9.03,3.16,10.89,0.007,SALMON
7.9,22.06,44.02,5.77,0.041,ROHU
7.98,8.83,2.66,10.56,0.002,SALMON
7.14,29.84,46.68,4.88,0.002,CATFISH
6.71,27.33,41.12,3.94,0.069,CATFISH
8.12,26.14,8.52,6.94,0.009,SHRIMP
6.57,17.59,7.5,9.82,0.001,TROUT
8.43,14.78,4.61,10.45,0.004,SALMON
8.26,25.55,6.75,7.12,0.013,SHRIMP
7.88,21.33,21.69,5.76,0.019,CARP
6.78,14.0,1.66,10.17,0.009,SALMON
7.31,31.39,44.05,4.84,0.016,TILAPIA
7.92,13.57,2.17,9.67,0.001,SALMON
7.66,28.86,46.3,6.32,0.031,TILAPIA
7.03,13.57,3.51,7.45,0.006,TROUT
7.55,9.73,1.9,10.38,0.001,SALMON
6.86,28.59,35.34,3.73,0.0,TILAPIA
8.19,27.28,10.59,7.08,0.01,SHRIMP
7.53,26.2,34.71,4.96,0.04,ROHU
8.16,30.01,17.12,5.17,0.019,SHRIMP
7.37,27.47,14.34,6.38,0.021,TILAPIA
7.61,27.04,30.95,5.3,0.019,CARP
6.28,29.95,82.86,3.59,0.034,CATFISH
8.23,25.57,75.59,5.33,0.031,CATFISH
7.31,18.63,13.56,5.66,0.015,CARP
7.18,11.63,0.67,8.97,0.006,TROUT
6.9,10.87,1.7,7.73,0.002,TROUT
7.57,17.82,2.86,7.05,0.009,TROUT
8.42,28.67,39.98,6.44,0.016,TILAPIA
7.94,27.95,16.76,6.57,0.002,SHRIMP
7.6,10.26,1.61,9.95,0.01,SALMON
7.24,29.67,13.4,5.17,0.044,TILAPIA
8.32,13.87,3.89,8.1,0.004,SALMON
7.97,14.51,1.19,8.93,0.0,TROUT
7.98,10.93,1.17,9.55,0.0,SALMON
7.06,24.99,76.91,3.37,0.063,CATFISH
7.82,9.95,0.6,8.24,0.002,SALMON
8.11,28.05,19.27,5.28,0.011,SHRIMP
7.55,26.31,9.77,5.86,0.001,SHRIMP
8.1,20.09,34.78,5.94,0.013,CARP
8.32,30.25,5.59,6.96,0.011,SHRIMP
7.48,18.06,18.95,5.0,0.02,CARP
7.71,29.52,26.62,4.44,0.045,TILAPIA
7.53,22.05,18.33,6.77,0.012,ROHU
7.3,8.28,1.77,9.19,0.002,SALMON
8.17,30.08,14.28,7.72,0.004,SHRIMP
8.13,24.76,36.68,6.43,0.012,ROHU
7.17,10.96,0.06,10.28,0.005,SALMON
8.29,29.5,16.67,6.67,0.005,ROHU
7.19,17.57,3.78,8.47,0.006,TROUT
7.39,14.58,4.02,8.62,0.001,TROUT
7.9,25.63,11.59,6.66,0.0,SHRIMP
7.72,27.94,9.01,6.27,0.009,SHRIMP
7.68,14.93,6.27,9.69,0.005,TROUT
6.5,14.15,8.27,8.83,0.006,TROUT
8.47,25.3,18.08,5.74,0.004,ROHU
7.78,24.59,51.92,4.3,0.05,CATFISH
8.15,29.96,44.76,4.51,0.015,CATFISH
7.79,29.07,9.95,5.57,0.015,SHRIMP
7.76,28.29,9.97,5.52,0.003,SHRIMP
7.03,24.17,42.58,6.42,0.044,TILAPIA
8.2,25.41,7.89,7.62,0.009,SHRIMP
7.16,16.77,4.18,7.91,0.001,TROUT
8.24,29.03,12.65,6.13,0.006,SHRIMP
7.94,16.3,6.86,9.26,0.004,TROUT
8.01,27.05,29.41,5.46,0.015,CARP
7.49,26.07,35.27,4.98,0.028,ROHU
8.83,24.32,30.23,5.26,0.046,TILAPIA
8.37,10.18,0.19,9.99,0.006,SALMON
7.21,29.41,41.48,6.13,0.027,TILAPIA
8.21,13.84,2.74,9.9,0.006,SALMON
8.27,9.46,2.19,9.83,0.008,SALMON
7.83,14.03,1.87,10.06,0.007,SALMON
6.5,29.76,51.68,4.65,0.073,CATFISH
7.0,13.29,4.4,10.28,0.005,SALMON
7.7,26.72,10.48,6.73,0.007,SHRIMP
8.98,30.7,16.54,4.61,0.009,TILAPIA
6.96,12.83,2.65,8.31,0.0,SALMON
8.38,22.39,15.07,5.81,0.01,ROHU
8.62,31.49,12.97,3.83,0.036,TILAPIA
8.24,30.09,6.4,5.45,0.009,SHRIMP
7.85,22.92,35.06,6.69,0.029,ROHU
6.84,14.66,0.96,7.7,0.002,TROUT
8.18,28.89,18.92,6.14,0.008,SHRIMP
7.5,10.15,4.16,8.24,0.007,SALMON
7.26,23.35,79.14,2.7,0.059,CATFISH
7.72,27.25,15.89,4.89,0.021,ROHU
8.89,28.09,25.08,6.92,0.032,TILAPIA
6.98,9.77,1.81,10.25,0.008,SALMON
8.32,26.99,8.0,5.58,0.009,SHRIMP
6.03,22.72,43.28,3.26,0.074,CATFISH
7.15,29.56,17.75,6.57,0.026,ROHU
8.0,25.05,5.98,5.81,0.003,SHRIMP
7.42,29.55,37.59,4.54,0.009,ROHU
7.79,15.96,3.43,7.17,0.003,TROUT
7.53,24.61,13.35,6.13,0.017,CARP
8.75,30.38,16.05,5.44,0.033,TILAPIA
6.61,27.42,33.03,4.2,0.047,TILAPIA
8.34,21.59,34.92,6.05,0.023,CARP
7.25,25.25,24.1,6.08,0.015,TILAPIA
7.67,10.75,0.58,8.48,0.007,SALMON
6.9,13.23,0.29,9.27,0.003,SALMON
6.5,16.17,1.42,9.02,0.003,TROUT
6.39,28.22,32.68,5.72,0.02,CATFISH
7.24,26.77,39.92,7.88,0.041,CARP
8.39,21.76,17.57,4.88,0.008,ROHU
8.3,20.04,22.5,5.86,0.027,CARP
7.4,10.35,3.27,8.63,0.008,SALMON
8.04,26.65,8.11,6.47,0.01,SHRIMP
6.92,16.9,3.63,8.27,0.008,TROUT
6.6,24.41,20.74,5.46,0.017,TILAPIA
7.83,25.56,26.3,7.21,0.025,ROHU
6.84,28.26,75.8,2.74,0.054,CATFISH
7.41,14.51,1.0,8.24,0.01,TROUT
7.47,31.1,31.78,6.3,0.014,TILAPIA
6.55,14.17,7.11,7.59,0.001,TROUT
6.72,11.47,7.03,8.84,0.009,TROUT
7.71,28.93,19.58,6.66,0.006,SHRIMP
8.67,30.8,16.24,5.78,0.035,TILAPIA
7.42,14.02,3.33,7.36,0.002,TROUT
8.23,12.15,4.87,9.94,0.003,SALMON
7.2,10.63,9.32,7.78,0.007,TROUT
6.03,23.57,36.89,5.07,0.026,CATFISH
8.32,29.46,18.45,6.05,0.011,SHRIMP
7.53,25.62,10.69,7.9,0.007,SHRIMP
8.54,31.35,48.86,6.31,0.025,TILAPIA
7.9,19.97,11.67,7.68,0.024,CARP
7.19,23.33,39.38,5.01,0.016,CARP
7.03,26.33,36.42,5.28,0.038,TILAPIA
7.56,17.04,7.67,7.73,0.009,TROUT
7.11,25.22,46.92,5.66,0.037,TILAPIA
8.47,22.58,12.01,5.17,0.022,CARP
8.35,27.4,43.93,4.64,0.031,ROHU
7.4,10.72,3.16,10.51,0.007,SALMON
7.46,12.58,1.44,7.96,0.004,TROUT
7.8,30.61,19.48,5.9,0.016,SHRIMP
6.51,17.5,9.96,7.15,0.004,TROUT
7.27,23.94,34.41,7.43,0.035,CARP
6.71,12.55,3.48,9.95,0.003,SALMON
7.01,26.59,17.58,6.51,0.009,TILAPIA
7.88,26.1,29.0,6.84,0.017,ROHU
8.12,29.81,17.33,6.87,0.006,ROHU
8.22,22.0,32.41,6.02,0.021,ROHU
7.56,8.17,3.71,9.57,0.009,SALMON
6.05,25.58,38.2,4.2,0.01,CATFISH
7.65,18.21,35.4,7.53,0.002,CARP
7.85,22.71,34.28,5.26,0.032,CARP
7.77,29.09,29.01,6.09,0.002,TILAPIA
7.4,26.29,19.25,7.34,0.009,ROHU
7.91,26.98,13.52,6.35,0.008,SHRIMP
8.45,10.95,0.48,9.36,0.001,SALMON
7.3,8.33,0.58,8.24,0.004,SALMON
7.86,10.45,2.44,9.0,0.01,TROUT
7.51,26.87,14.32,7.61,0.015,SHRIMP
7.18,26.98,25.67,5.0,0.046,TILAPIA
6.71,10.38,0.96,9.89,0.007,SALMON
8.44,26.25,16.79,6.74,0.001,SHRIMP
7.05,27.73,19.49,5.27,0.022,CARP
6.74,13.54,4.23,8.18,0.003,SALMON
7.65,9.43,2.75,9.1,0.004,SALMON
7.44,13.67,7.31,8.74,0.002,TROUT
7.73,28.95,17.12,7.58,0.011,SHRIMP
8.1,24.64,13.11,6.37,0.041,TILAPIA
7.97,26.49,11.42,5.87,0.001,TILAPIA
8.23,28.35,45.8,5.96,0.029,TILAPIA
8.0,27.53,18.06,7.82,0.044,CARP
7.98,25.31,94.14,3.55,0.029,CATFISH
6.97,16.94,2.55,8.72,0.007,TROUT
7.43,25.28,41.45,2.92,0.073,CATFISH
8.01,26.73,41.42,6.3,0.017,TILAPIA
8.43,27.49,35.93,3.36,0.007,TILAPIA
7.57,20.12,17.75,5.2,0.041,ROHU
7.0,26.66,31.98,6.18,0.037,CARP
7.51,26.26,41.96,5.55,0.038,ROHU
8.67,29.8,49.61,5.65,0.045,TILAPIA
8.22,25.52,6.42,7.57,0.007,SHRIMP
8.05,25.01,58.37,2.97,0.054,CATFISH
7.81,10.55,3.52,8.8,0.008,SALMON
7.91,10.69,2.82,10.82,0.005,SALMON
6.88,22.56,54.77,2.52,0.019,CATFISH
6.13,27.62,82.08,4.1,0.054,CATFISH
8.19,24.17,34.41,6.96,0.034,ROHU
7.23,28.15,12.91,5.71,0.033,TILAPIA
8.12,18.42,28.33,5.68,0.032,CARP
6.57,11.65,4.71,8.65,0.001,SALMON
8.3,28.46,5.44,7.55,0.013,SHRIMP
7.38,25.54,31.82,6.92,0.018,ROHU
7.13,14.63,2.37,10.77,0.004,SALMON
8.49,27.79,11.53,6.45,0.018,SHRIMP
7.58,27.13,37.9,5.06,0.02,CARP
8.35,25.56,22.08,7.06,0.031,CARP
6.56,10.67,0.05,7.66,0.002,TROUT
6.87,12.63,0.59,9.78,0.004,SALMON
8.5,25.77,16.63,7.6,0.006,SHRIMP
7.93,17.64,9.3,7.82,0.001,TROUT
6.35,27.37,86.17,2.68,0.089,CATFISH
7.05,18.91,35.92,4.13,0.015,CARP
7.79,21.87,34.89,7.58,0.048,CARP
8.89,30.66,31.94,4.7,0.046,TILAPIA
7.64,14.16,3.01,10.92,0.009,SALMON
6.63,24.97,53.95,3.55,0.027,CATFISH
7.12,31.59,10.68,5.73,0.008,TILAPIA
7.78,26.83,16.95,5.76,0.025,TILAPIA
6.64,16.8,2.26,9.6,0.001,TROUT
6.68,9.03,3.59,9.28,0.008,SALMON
6.52,10.86,6.45,7.31,0.004,TROUT
6.04,29.25,79.49,2.66,0.084,CATFISH
7.29,27.41,10.04,4.01,0.031,CARP
7.36,22.28,74.68,3.39,0.033,CATFISH
6.64,10.45,5.06,9.19,0.007,TROUT
6.33,26.85,83.62,5.78,0.01,CATFISH
8.24,27.36,11.98,6.1,0.008,SHRIMP
6.18,27.6,38.0,5.64,0.014,CATFISH
7.55,14.78,6.29,8.74,0.009,TROUT
7.57,27.83,96.17,3.93,0.071,CATFISH
7.06,28.62,19.15,5.22,0.034,ROHU
8.23,13.7,4.06,9.06,0.0,SALMON
8.3,21.95,33.48,7.1,0.002,CARP
7.16,14.79,0.1,10.49,0.01,SALMON
7.45,31.77,47.04,6.98,0.026,TILAPIA
6.33,28.96,95.93,5.37,0.009,CATFISH
8.48,27.84,24.25,5.22,0.009,CARP
7.54,23.61,31.47,5.09,0.015,CARP
7.6,25.22,12.2,7.66,0.008,SHRIMP
7.35,27.2,73.24,3.8,0.03,CATFISH
8.02,26.14,34.13,5.0,0.027,ROHU
8.67,27.66,36.3,6.72,0.006,TILAPIA
7.49,9.74,1.41,8.67,0.005,SALMON
8.38,26.37,35.95,4.01,0.026,CARP
8.43,25.08,18.38,6.97,0.025,CARP
7.15,15.92,5.3,8.94,0.005,TROUT
8.34,25.56,13.77,5.34,0.011,SHRIMP
7.84,22.05,24.77,5.77,0.018,ROHU
6.73,9.56,3.43,10.49,0.006,SALMON
8.9,25.52,10.41,4.21,0.032,TILAPIA
6.97,27.72,29.98,5.49,0.022,TILAPIA
7.46,25.29,16.28,5.58,0.041,ROHU
7.95,17.78,1.57,7.36,0.009,TROUT
7.41,31.94,15.52,3.31,0.026,TILAPIA
7.86,15.98,0.48,7.35,0.003,TROUT
8.37,21.32,19.28,5.85,0.0,CARP
7.29,27.51,23.42,4.47,0.031,CARP
8.07,31.03,14.3,6.67,0.041,TILAPIA
7.32,13.43,0.53,10.93,0.007,SALMON
6.59,14.36,3.79,7.09,0.006,TROUT
8.33,28.98,19.84,7.34,0.018,SHRIMP
7.8,24.69,36.13,5.46,0.041,ROHU
7.25,11.29,8.11,7.09,0.005,TROUT
6.87,10.34,5.99,7.98,0.006,TROUT
6.65,26.31,41.0,4.43,0.024,TILAPIA
7.47,24.96,20.99,6.13,0.011,CARP
8.83,30.18,39.73,6.43,0.005,TILAPIA
7.73,11.99,5.43,7.38,0.006,TROUT
7.21,21.28,24.4,5.98,0.03,CARP
7.8,26.38,35.73,5.79,0.071,CATFISH
6.3,23.92,44.46,5.95,0.038,CATFISH
6.52,29.22,43.16,4.15,0.001,TILAPIA
7.59,28.22,67.68,4.11,0.022,CATFISH
8.19,24.22,17.99,4.79,0.012,ROHU
7.78,14.4,2.77,9.21,0.006,SALMON
6.82,17.07,2.76,7.76,0.003,TROUT
7.7,27.43,12.7,6.38,0.049,TILAPIA
7.45,26.15,26.03,4.83,0.045,CARP
8.43,24.63,23.61,4.21,0.045,CARP
8.24,26.66,12.89,7.92,0.012,SHRIMP
7.7,11.26,3.33,7.26,0.008,TROUT
7.6,22.15,19.49,7.44,0.039,CARP
6.79,31.69,25.64,4.55,0.013,TILAPIA
6.63,25.66,42.91,3.44,0.026,CATFISH
7.69,26.15,35.08,4.71,0.04,ROHU
7.93,24.66,53.78,4.08,0.017,CATFISH
7.6,27.12,34.24,6.73,0.028,ROHU
8.2,18.33,18.21,6.49,0.024,CARP
7.7,28.05,22.75,6.16,0.01,TILAPIA
7.64,25.63,16.05,5.08,0.02,CARP
8.11,24.83,21.07,5.34,0.04,ROHU
7.19,17.03,8.67,9.89,0.009,TROUT
7.88,25.78,17.35,7.89,0.013,SHRIMP
8.44,27.44,14.71,4.99,0.045,CARP
7.8,26.22,26.05,6.99,0.035,ROHU
7.15,11.66,2.61,9.95,0.003,SALMON
6.9,26.13,42.36,6.75,0.05,TILAPIA
7.01,12.62,9.66,7.58,0.007,TROUT
6.53,9.08,2.76,8.56,0.009,SALMON
6.88,25.77,18.07,3.88,0.024,TILAPIA
7.78,27.76,25.37,5.06,0.032,ROHU
7.88,27.24,9.41,7.1,0.013,SHRIMP
8.42,26.38,16.08,6.24,0.01,SHRIMP
7.39,17.35,5.3,9.81,0.003,TROUT
6.83,23.06,58.59,3.26,0.014,CATFISH
6.75,22.78,70.89,3.6,0.017,CATFISH
7.0,22.54,23.05,6.68,0.019,CARP
6.8,23.6,50.36,5.0,0.099,CATFISH
8.34,14.88,1.92,9.13,0.009,SALMON
7.9,21.06,10.1,5.41,0.02,CARP
8.11,14.31,0.4,10.59,0.006,SALMON
7.53,28.57,10.48,5.1,0.011,SHRIMP
8.34,28.45,38.0,6.78,0.038,ROHU
7.77,13.11,4.71,8.81,0.005,TROUT
7.65,22.04,85.12,5.81,0.07,CATFISH
7.14,19.55,29.73,4.88,0.032,CARP
8.27,9.05,3.13,10.99,0.003,SALMON
8.22,29.14,33.69,6.95,0.034,TILAPIA
8.39,11.56,2.29,10.59,0.004,SALMON
7.44,12.08,4.37,9.16,0.002,TROUT
6.95,24.5,33.29,5.18,0.028,TILAPIA
6.78,8.15,0.23,10.83,0.005,SALMON
7.99,29.64,89.25,3.31,0.035,CATFISH
7.55,29.35,22.81,6.48,0.018,ROHU
7.59,25.51,16.42,6.03,0.019,SHRIMP
6.64,8.54,2.76,9.51,0.007,SALMON
8.2,21.49,16.14,7.17,0.023,ROHU
8.34,30.11,13.36,5.43,0.013,SHRIMP
8.41,26.27,8.49,6.53,0.013,SHRIMP
8.35,12.16,0.77,9.01,0.002,SALMON
8.61,30.29,44.36,3.7,0.017,TILAPIA
8.38,24.67,16.24,7.78,0.038,CARP
8.43,13.32,4.15,10.26,0.006,SALMON
7.22,30.17,26.98,6.63,0.028,TILAPIA
8.13,26.43,94.37,5.35,0.063,CATFISH
7.33,16.56,2.06,8.62,0.006,TROUT
8.35,27.11,15.16,4.55,0.005,TILAPIA
7.38,22.92,92.24,2.86,0.025,CATFISH
7.06,20.6,42.52,5.49,0.01,ROHU
8.24,27.0,17.24,7.34,0.006,SHRIMP
7.81,29.1,12.85,7.9,0.012,SHRIMP
7.54,10.18,3.15,9.0,0.007,SALMON
7.75,26.23,53.77,3.77,0.015,CATFISH
7.48,26.93,10.9,4.75,0.004,CARP
8.2,26.63,9.0,5.32,0.018,SHRIMP
7.84,29.92,40.81,5.22,0.038,ROHU
8.23,28.13,32.8,5.15,0.007,TILAPIA
6.84,29.44,79.93,5.75,0.01,CATFISH
6.58,8.07,2.62,10.97,0.004,SALMON
7.82,21.15,29.93,6.64,0.017,CARP
8.85,29.13,19.01,5.15,0.041,TILAPIA
8.2,28.61,82.9,3.28,0.014,CATFISH
7.36,26.58,22.87,7.17,0.041,CARP
6.53,12.34,4.4,7.06,0.003,TROUT
7.55,16.26,4.71,8.69,0.003,TROUT
7.67,14.18,3.73,8.06,0.008,SALMON
6.86,26.54,59.17,3.53,0.045,CATFISH
7.65,28.02,17.1,7.61,0.014,SHRIMP
8.49,27.47,27.79,6.94,0.029,ROHU
8.14,25.95,20.98,5.33,0.03,ROHU
7.18,13.11,4.53,7.19,0.002,TROUT
8.38,11.68,2.24,10.76,0.0,SALMON
7.54,25.63,27.24,4.24,0.001,CARP
8.16,28.73,5.67,5.4,0.014,SHRIMP
7.65,13.57,4.6,7.85,0.003,TROUT
7.56,10.16,0.94,8.37,0.003,SALMON
6.62,11.54,9.98,8.91,0.009,TROUT
7.23,29.84,42.45,7.48,0.018,ROHU
7.44,14.93,1.77,10.87,0.009,SALMON
6.71,13.59,3.33,9.57,0.008,SALMON
8.74,27.92,35.48,4.2,0.032,TILAPIA
7.73,29.42,37.04,6.16,0.018,ROHU
7.06,26.04,32.42,6.85,0.035,ROHU
7.53,27.86,25.05,5.63,0.05,CARP
7.12,23.48,32.43,6.34,0.044,CARP
7.53,22.33,25.34,5.75,0.022,CARP
6.76,14.98,3.86,9.2,0.006,SALMON
7.53,28.38,62.96,2.56,0.083,CATFISH
7.87,27.01,23.13,7.37,0.011,ROHU
7.6,28.75,29.47,5.34,0.012,ROHU
7.78,18.42,12.79,4.39,0.033,CARP
8.31,23.68,39.01,6.34,0.031,ROHU
8.33,30.93,16.12,6.33,0.003,SHRIMP
7.69,10.71,6.4,7.7,0.005,TROUT
8.37,24.68,40.09,4.07,0.039,TILAPIA
7.1,28.65,44.06,5.06,0.041,CATFISH
7.26,24.85,10.46,6.52,0.042,CARP
7.94,25.07,6.52,5.87,0.008,SHRIMP
7.31,17.15,2.51,8.0,0.009,TROUT
8.5,27.31,10.87,7.21,0.013,SHRIMP
7.65,29.26,7.26,6.02,0.017,SHRIMP
8.29,25.58,16.02,6.64,0.002,SHRIMP
8.04,26.69,6.57,5.75,0.009,SHRIMP
8.38,29.12,37.78,5.48,0.017,TILAPIA
7.23,26.65,45.02,5.98,0.075,CATFISH
7.76,22.71,23.98,6.56,0.043,CARP
6.9,15.64,9.35,7.37,0.001,TROUT
7.57,23.1,18.91,5.21,0.005,ROHU
7.73,30.51,16.62,6.79,0.009,SHRIMP
7.66,24.97,38.25,7.03,0.01,ROHU
8.16,30.91,7.81,7.19,0.003,SHRIMP
7.63,23.38,35.86,5.7,0.012,ROHU
7.09,18.37,29.02,6.29,0.016,CARP
8.4,25.76,18.07,6.18,0.013,SHRIMP
7.5,16.78,5.77,9.81,0.01,TROUT
8.29,22.57,45.65,4.51,0.098,CATFISH
8.23,23.14,21.57,5.18,0.024,ROHU
7.49,26.77,36.93,6.64,0.01,ROHU
7.45,28.8,73.73,3.01,0.032,CATFISH
8.11,22.23,25.64,4.55,0.017,ROHU
6.63,11.82,5.11,9.55,0.001,TROUT
7.75,28.84,23.95,5.17,0.021,ROHU
7.91,12.08,3.27,7.97,0.004,TROUT
7.84,24.56,25.8,3.44,0.033,TILAPIA
7.18,18.67,22.18,5.21,0.013,CARP
7.11,24.8,25.63,6.16,0.012,CARP
6.52,10.89,2.92,8.93,0.009,TROUT
8.38,24.55,19.35,6.33,0.028,ROHU
7.68,29.2,11.31,5.86,0.018,SHRIMP
7.43,11.94,0.57,9.47,0.005,SALMON
8.0,26.7,17.57,5.72,0.014,SHRIMP
7.88,26.37,39.83,5.23,0.029,TILAPIA
6.52,12.41,4.71,9.15,0.006,SALMON
7.83,14.0,1.79,9.43,0.007,TROUT
7.1,10.95,0.68,10.43,0.003,SALMON
8.33,9.7,3.96,8.04,0.001,SALMON
8.29,21.56,40.84,4.7,0.024,ROHU
7.4,15.08,1.7,8.34,0.006,TROUT
8.22,26.08,31.08,7.02,0.03,CARP
7.39,16.27,6.38,7.56,0.004,TROUT
7.8,10.55,4.95,9.06,0.001,SALMON
7.68,28.02,37.71,5.77,0.05,ROHU
8.76,25.16,35.05,3.92,0.009,TILAPIA
7.32,25.08,20.66,7.47,0.01,CARP
6.73,13.5,5.63,9.43,0.009,TROUT
6.88,24.85,38.63,4.32,0.092,CATFISH
8.25,22.31,41.41,4.71,0.02,ROHU
8.21,28.35,15.59,7.33,0.041,ROHU
8.35,28.22,16.6,6.8,0.011,SHRIMP
8.29,31.61,37.81,5.02,0.005,TILAPIA
8.19,30.13,16.27,6.37,0.015,SHRIMP
7.12,21.25,16.19,7.43,0.012,ROHU
8.18,27.06,34.74,6.0,0.028,ROHU
6.79,12.97,1.08,8.58,0.004,TROUT
8.24,28.24,29.09,5.37,0.021,ROHU
6.64,24.74,32.53,6.0,0.046,TILAPIA
8.1,22.52,98.55,4.96,0.069,CATFISH
7.15,11.92,9.19,8.23,0.001,TROUT
7.39,8.31,2.6,8.32,0.004,SALMON
7.65,21.93,14.19,5.5,0.024,CARP
7.28,29.95,15.97,6.12,0.03,ROHU
7.49,24.62,44.58,2.96,0.006,CATFISH
7.68,22.77,13.99,6.28,0.014,CARP
7.97,25.27,6.8,5.66,0.02,SHRIMP
7.8,24.26,29.32,4.98,0.019,TILAPIA
8.48,26.27,44.65,5.91,0.031,ROHU
7.57,29.87,20.41,4.59,0.036,ROHU
7.37,13.08,3.5,10.43,0.01,SALMON
7.95,24.97,93.38,3.56,0.028,CATFISH
7.32,28.64,33.57,4.6,0.01,ROHU
7.43,26.46,21.69,5.43,0.032,CARP
6.26,28.46,73.95,5.87,0.069,CATFISH
6.64,15.0,2.98,8.65,0.002,SALMON
7.69,26.47,13.23,7.09,0.009,SHRIMP
8.23,28.52,8.13,7.83,0.018,SHRIMP
7.89,18.31,38.2,5.91,0.034,CARP
8.32,20.81,32.26,5.76,0.042,CARP
7.55,21.84,28.46,4.18,0.021,CARP
7.3,24.32,21.69,4.97,0.039,CARP
7.03,20.38,34.46,6.34,0.047,CARP
7.82,13.34,1.69,7.05,0.008,TROUT
8.37,27.51,15.28,5.46,0.017,SHRIMP
7.72,24.72,25.64,6.21,0.044,CARP
7.57,23.49,65.47,5.37,0.014,CATFISH
7.54,25.53,14.69,5.82,0.002,SHRIMP
7.33,15.62,3.23,8.0,0.009,TROUT
8.11,30.45,7.9,7.97,0.007,SHRIMP
8.34,27.81,15.06,6.47,0.013,SHRIMP
7.85,28.94,10.26,7.33,0.019,SHRIMP
7.3,14.11,3.15,8.79,0.003,TROUT
7.7,30.07,46.72,3.93,0.019,TILAPIA
7.99,24.76,29.35,5.34,0.021,TILAPIA
8.47,18.16,17.19,5.83,0.013,CARP
8.21,28.11,9.34,7.05,0.009,SHRIMP
7.62,30.08,5.58,6.6,0.01,SHRIMP
6.59,8.44,0.34,8.04,0.008,SALMON
8.12,19.68,35.24,4.38,0.016,CARP
7.78,28.35,15.33,6.83,0.014,SHRIMP
6.56,17.71,8.68,8.24,0.001,TROUT
8.26,19.51,19.99,5.65,0.034,CARP
7.97,30.07,19.29,7.89,0.018,SHRIMP
8.07,29.36,18.96,6.98,0.009,SHRIMP
6.55,28.12,41.95,5.33,0.091,CATFISH
7.02,13.12,8.38,9.08,0.005,TROUT
8.19,13.14,2.21,10.1,0.008,SALMON
7.65,27.13,19.56,5.44,0.009,SHRIMP
7.49,17.55,8.18,7.37,0.008,TROUT
6.95,27.86,71.95,2.54,0.05,CATFISH
7.12,25.27,22.0,6.68,0.009,ROHU
6.75,13.68,0.66,10.17,0.007,SALMON
7.7,22.0,15.82,6.14,0.023,CARP
8.14,14.03,0.63,9.97,0.007,SALMON
8.37,27.07,6.07,7.74,0.014,SHRIMP
8.29,18.9,25.85,5.94,0.019,CARP
7.02,24.92,29.57,6.05,0.011,ROHU
8.12,31.41,16.55,5.83,0.002,TILAPIA
7.97,29.01,7.12,5.94,0.011,SHRIMP
7.33,27.73,41.78,4.55,0.008,ROHU
7.8,24.29,32.09,5.99,0.036,ROHU
7.94,26.49,93.99,5.77,0.086,CATFISH
8.34,26.71,28.12,7.12,0.034,ROHU
7.65,23.62,21.73,4.48,0.045,CARP
7.01,28.37,38.75,5.75,0.051,CATFISH
7.59,28.54,31.81,5.34,0.079,CATFISH
7.86,28.7,16.71,7.29,0.018,SHRIMP
7.75,25.59,46.18,4.16,0.022,CATFISH
8.28,30.7,8.49,5.14,0.001,SHRIMP
7.68,11.94,2.98,7.18,0.001,TROUT
7.33,11.47,1.62,8.44,0.002,SALMON
8.44,26.07,17.54,7.87,0.011,SHRIMP
8.22,18.41,33.84,4.79,0.017,CARP
8.31,12.13,4.62,10.84,0.005,SALMON
7.89,28.51,37.72,5.09,0.093,CATFISH
7.96,27.31,93.85,3.68,0.017,CATFISH
8.27,26.12,25.97,7.15,0.05,ROHU
8.27,26.12,24.13,4.84,0.04,ROHU
8.02,8.37,3.17,8.36,0.008,SALMON
7.65,29.73,26.93,5.14,0.049,ROHU
7.59,29.59,10.59,4.36,0.039,TILAPIA
7.41,8.51,2.24,8.32,0.002,SALMON
6.8,16.23,6.92,8.38,0.001,TROUT
8.43,26.65,38.1,6.87,0.036,ROHU
7.79,14.87,5.96,9.67,0.004,TROUT
7.81,16.52,2.64,8.63,0.003,TROUT
7.6,11.84,5.51,9.37,0.0,TROUT
6.54,25.12,28.81,5.83,0.025,TILAPIA
7.46,24.01,31.22,6.0,0.007,ROHU
7.39,29.64,47.18,3.16,0.003,TILAPIA
7.52,20.03,38.64,4.06,0.014,CARP
7.02,31.99,23.64,5.56,0.044,TILAPIA
6.1,28.69,38.2,5.38,0.014,CATFISH
7.06,26.69,52.88,5.19,0.025,CATFISH
6.87,9.23,1.8,10.95,0.005,SALMON
8.28,26.54,6.1,5.5,0.015,SHRIMP
7.84,14.23,4.24,7.89,0.006,TROUT
7.67,25.52,16.78,6.85,0.011,SHRIMP
7.0,18.27,27.41,7.86,0.01,CARP
6.91,28.27,37.71,5.56,0.031,TILAPIA
7.25,27.21,38.23,4.55,0.019,TILAPIA
7.51,29.52,12.83,6.63,0.007,SHRIMP
8.08,26.94,15.84,5.29,0.017,SHRIMP
6.88,23.81,57.15,5.32,0.003,CATFISH
8.09,27.47,10.31,6.2,0.047,TILAPIA
6.82,24.61,77.47,5.87,0.021,CATFISH
7.66,13.77,9.02,7.67,0.002,TROUT
8.2,22.71,88.12,4.12,0.033,CATFISH
7.03,29.05,17.87,4.56,0.035,TILAPIA
7.87,17.69,7.4,9.25,0.007,TROUT
7.23,13.41,1.84,7.16,0.008,TROUT
8.45,11.64,4.72,10.14,0.0,SALMON
7.07,16.28,9.63,8.8,0.006,TROUT
7.56,18.3,10.05,7.59,0.037,CARP
6.68,10.51,4.86,7.9,0.004,TROUT
7.52,17.99,7.88,8.34,0.008,TROUT
8.45,30.3,44.63,4.02,0.021,TILAPIA
6.96,13.84,2.16,9.74,0.002,SALMON
8.49,27.96,17.24,7.49,0.02,SHRIMP
7.41,14.65,1.83,9.82,0.008,SALMON
8.38,23.13,12.74,7.87,0.018,CARP
8.21,28.41,22.63,6.21,0.001,ROHU
7.33,29.05,20.7,7.18,0.011,ROHU
6.5,25.16,69.68,3.76,0.018,CATFISH
7.99,24.97,18.05,6.61,0.003,CARP
8.45,25.47,18.96,5.62,0.017,SHRIMP
7.32,13.23,0.76,9.59,0.008,SALMON
7.31,27.03,62.45,5.07,0.035,CATFISH
7.71,29.86,37.26,3.18,0.025,TILAPIA
6.6,25.95,46.36,5.83,0.065,CATFISH
6.54,13.08,2.73,7.73,0.0,TROUT
7.3,31.29,13.53,6.07,0.036,TILAPIA
7.86,15.24,0.97,7.61,0.004,TROUT
8.25,21.21,24.92,5.36,0.003,ROHU
7.49,10.48,4.29,9.34,0.006,TROUT
7.32,14.13,1.8,9.71,0.007,SALMON
7.99,24.75,37.67,5.65,0.04,CARP
7.35,26.18,36.46,7.55,0.02,CARP
8.01,26.53,36.47,4.16,0.026,TILAPIA
7.83,21.62,43.84,6.7,0.002,ROHU
7.91,26.38,47.6,3.43,0.042,TILAPIA
6.59,12.12,4.8,9.89,0.01,SALMON
7.55,28.73,18.42,7.53,0.018,SHRIMP
7.86,25.74,14.15,3.69,0.002,TILAPIA
7.4,24.44,18.87,6.69,0.028,CARP
7.69,28.29,6.94,5.28,0.013,SHRIMP
7.6,30.7,13.95,5.31,0.008,SHRIMP
8.0,26.66,10.1,5.21,0.015,SHRIMP
7.26,8.42,3.53,8.53,0.005,SALMON
7.05,23.76,43.59,7.2,0.017,ROHU
6.9,8.69,0.21,10.49,0.002,SALMON
8.38,9.61,4.0,10.27,0.005,SALMON
7.05,26.28,21.33,5.36,0.002,CARP
7.5,24.89,38.46,6.23,0.04,ROHU
6.71,25.28,55.27,2.76,0.062,CATFISH
6.91,12.23,3.82,8.77,0.008,TROUT
7.99,12.01,6.36,8.37,0.008,TROUT
7.29,29.51,39.8,5.58,0.021,ROHU
8.27,28.47,5.54,6.66,0.002,SHRIMP
7.84,10.6,1.16,9.64,0.0,SALMON
6.89,15.74,7.55,7.57,0.007,TROUT
8.15,8.69,1.45,10.13,0.01,SALMON
8.43,28.15,67.45,5.22,0.073,CATFISH
6.84,29.91,91.91,5.83,0.005,CATFISH
7.47,10.85,4.99,9.28,0.007,SALMON
7.08,8.18,3.42,10.78,0.003,SALMON
7.26,29.86,41.15,3.14,0.047,CATFISH
8.27,26.13,12.32,6.08,0.005,SHRIMP
8.36,29.69,15.83,5.2,0.002,SHRIMP
6.14,25.93,58.98,2.54,0.082,CATFISH
7.78,11.03,9.37,8.0,0.006,TROUT
7.82,8.38,4.3,8.98,0.006,SALMON
8.33,22.45,37.09,6.18,0.013,ROHU
6.88,29.96,17.56,3.46,0.017,TILAPIA
7.59,18.15,37.28,5.03,0.028,CARP
7.27,27.45,42.32,6.8,0.032,ROHU
7.12,21.66,19.13,6.29,0.033,ROHU
7.44,25.61,42.26,4.37,0.043,TILAPIA
8.24,21.28,40.65,6.06,0.012,ROHU
7.68,30.0,16.03,6.68,0.015,SHRIMP
7.61,11.54,0.28,8.46,0.007,TROUT
7.52,21.81,15.53,7.04,0.009,CARP
6.78,13.59,4.52,8.92,0.009,SALMON
8.18,13.56,0.84,9.13,0.007,SALMON
7.04,27.68,53.68,5.49,0.087,CATFISH
7.16,13.46,4.1,8.51,0.001,TROUT
8.05,30.91,23.26,4.15,0.01,TILAPIA
8.22,27.0,19.29,6.1,0.016,SHRIMP
8.81,25.37,45.34,4.79,0.001,TILAPIA
6.81,22.94,58.32,5.38,0.013,CATFISH
8.41,27.4,15.22,6.05,0.0,CARP
7.61,27.93,43.65,6.28,0.0,TILAPIA
7.97,15.37,3.69,8.14,0.009,TROUT
8.42,22.54,35.52,5.94,0.032,CARP
6.54,11.9,1.74,8.56,0.005,SALMON
7.76,29.42,35.57,4.77,0.01,ROHU
6.91,10.0,2.29,8.18,0.009,SALMON
6.61,29.95,48.88,6.91,0.045,TILAPIA
7.72,24.33,31.44,6.85,0.003,ROHU
7.52,29.12,30.16,5.02,0.027,ROHU
7.85,12.88,2.87,8.03,0.006,SALMON
8.05,14.18,2.37,8.37,0.001,SALMON
7.26,8.09,1.82,9.47,0.005,SALMON
7.2,27.43,24.0,6.29,0.0,ROHU
7.82,28.13,16.51,6.28,0.001,SHRIMP
7.23,13.78,4.46,9.52,0.006,SALMON
8.1,26.31,19.47,6.61,0.0,SHRIMP
6.61,14.22,8.25,8.62,0.004,TROUT
7.44,13.43,0.79,9.83,0.004,SALMON
6.75,25.43,37.06,3.45,0.054,CATFISH
7.8,28.01,26.69,4.35,0.029,TILAPIA
8.24,23.6,15.58,4.64,0.04,ROHU
7.78,24.05,15.93,4.84,0.043,TILAPIA
7.72,28.05,12.39,3.5,0.021,TILAPIA
7.02,29.43,34.96,4.86,0.028,ROHU
7.78,17.87,9.13,7.51,0.005,TROUT
6.08,26.49,65.62,3.25,0.053,CATFISH
7.34,11.97,2.07,7.75,0.001,TROUT
8.31,27.52,8.1,5.04,0.005,SHRIMP
7.81,26.66,16.07,5.87,0.025,CARP
8.25,19.67,10.45,7.53,0.027,CARP
8.02,28.85,32.71,5.37,0.027,ROHU
7.75,27.87,15.75,5.93,0.016,SHRIMP
7.48,19.43,33.19,7.66,0.001,CARP
7.22,20.53,36.89,5.37,0.027,CARP
8.41,28.56,18.97,7.54,0.018,SHRIMP
8.48,26.52,20.13,7.59,0.038,CARP
6.63,16.55,6.37,7.98,0.002,TROUT
7.21,30.7,28.82,5.46,0.04,TILAPIA
8.41,27.87,13.28,7.75,0.001,SHRIMP
8.14,21.15,37.02,5.39,0.019,ROHU
7.07,10.42,1.76,10.04,0.009,SALMON
7.81,10.08,1.05,10.14,0.006,SALMON
7.17,10.48,4.11,9.64,0.005,SALMON
6.51,26.05,62.57,4.72,0.007,CATFISH
8.27,26.63,33.69,4.17,0.033,CARP
7.63,13.41,1.84,7.13,0.008,TROUT
8.39,30.91,9.64,5.27,0.014,SHRIMP
8.45,30.16,43.08,3.75,0.049,TILAPIA
7.93,31.62,24.22,4.58,0.008,TILAPIA
7.24,11.98,3.67,10.71,0.008,SALMON
7.86,25.52,8.71,6.06,0.009,SHRIMP
8.27,11.15,4.79,8.25,0.002,SALMON
6.94,26.97,57.19,3.97,0.027,CATFISH
7.06,11.04,4.09,8.5,0.009,SALMON
7.66,24.25,73.09,4.75,0.045,CATFISH
7.95,25.05,9.32,5.68,0.001,SHRIMP
7.71,28.76,30.26,5.41,0.036,ROHU
8.34,31.27,14.51,3.48,0.008,TILAPIA
7.44,14.61,3.86,9.35,0.01,TROUT
7.66,26.16,10.09,5.84,0.011,SHRIMP
8.23,29.62,64.44,4.39,0.034,CATFISH
7.59,26.46,10.91,6.76,0.014,SHRIMP
6.41,27.11,38.13,5.33,0.064,CATFISH
7.87,14.07,0.45,9.54,0.0,SALMON
8.0,25.02,16.93,7.35,0.015,SHRIMP
7.37,22.25,35.94,7.37,0.025,ROHU
8.29,28.28,28.53,5.81,0.046,ROHU
6.83,15.62,6.47,8.95,0.008,TROUT
8.36,27.06,16.81,4.15,0.017,CARP
8.31,29.98,31.73,5.95,0.03,ROHU
8.8,29.93,44.72,5.93,0.023,TILAPIA
7.52,29.0,94.5,4.31,0.077,CATFISH
7.04,24.88,46.15,4.4,0.083,CATFISH
8.54,29.16,43.89,6.01,0.05,TILAPIA
7.39,16.15,4.52,7.36,0.01,TROUT
6.82,16.86,9.53,9.56,0.008,TROUT
7.05,22.21,25.83,4.79,0.039,CARP
7.85,21.05,20.56,6.26,0.032,ROHU
8.49,22.17,40.86,5.59,0.062,CATFISH
7.58,27.43,12.48,4.16,0.006,CARP
8.32,24.06,36.23,5.37,0.049,TILAPIA
8.4,24.23,24.05,6.61,0.009,CARP
8.14,27.77,28.3,6.29,0.015,TILAPIA
7.7,13.22,6.29,7.59,0.009,TROUT
8.38,28.66,44.56,6.57,0.036,TILAPIA
7.22,14.19,2.59,8.9,0.004,SALMON
8.22,26.53,15.55,4.56,0.041,ROHU
8.18,27.52,5.64,7.22,0.019,SHRIMP
7.32,17.53,9.57,8.73,0.008,TROUT
7.93,22.14,33.98,6.57,0.044,CARP
8.25,21.77,22.57,6.24,0.021,ROHU
6.61,30.92,26.35,4.59,0.039,TILAPIA
7.9,30.57,18.51,5.16,0.003,SHRIMP
7.99,23.6,89.63,5.18,0.045,CATFISH
7.41,25.23,21.09,5.1,0.02,CARP
6.6,26.47,17.15,5.61,0.024,TILAPIA
7.03,30.71,31.68,3.96,0.02,TILAPIA
8.1,26.06,39.5,5.69,0.037,ROHU
8.63,25.96,18.1,5.86,0.003,TILAPIA
7.27,20.97,21.88,5.23,0.019,ROHU
8.75,25.6,19.5,6.65,0.034,TILAPIA
7.74,22.77,17.6,7.45,0.023,ROHU
8.09,14.59,4.97,8.03,0.003,SALMON
7.32,26.65,39.25,7.76,0.035,CARP
8.1,30.85,10.28,4.71,0.025,TILAPIA
7.79,26.89,38.57,6.4,0.026,ROHU
7.82,9.47,3.03,9.71,0.01,SALMON
7.99,26.7,7.38,6.29,0.018,SHRIMP
7.6,21.52,31.62,5.54,0.04,ROHU
8.05,26.26,6.39,5.7,0.015,SHRIMP
8.3,26.27,42.31,4.66,0.039,ROHU
7.06,22.88,24.25,5.54,0.019,ROHU
7.96,25.49,18.3,7.19,0.01,SHRIMP
7.63,25.64,25.64,3.63,0.017,TILAPIA
7.46,26.78,28.46,4.9,0.007,TILAPIA
7.59,15.89,9.35,7.73,0.008,TROUT
8.96,24.39,15.87,4.91,0.018,TILAPIA
8.1,30.36,7.21,5.35,0.02,SHRIMP
7.77,12.23,2.77,8.57,0.003,SALMON
7.3,12.08,0.49,8.47,0.008,SALMON
7.1,27.85,34.34,4.07,0.0,CARP
8.02,26.7,12.25,6.11,0.002,SHRIMP
7.09,26.12,21.45,4.23,0.001,TILAPIA
8.14,25.98,59.01,5.17,0.003,CATFISH
8.53,25.76,27.56,4.3,0.015,TILAPIA
7.59,16.29,4.62,8.32,0.003,TROUT
7.65,13.76,0.38,7.46,0.009,TROUT
7.6,22.36,26.77,4.2,0.029,CARP
7.88,26.69,8.1,6.32,0.0,SHRIMP
6.74,15.91,6.98,8.71,0.009,TROUT
7.83,24.84,14.93,3.78,0.009,TILAPIA
7.29,10.87,4.27,8.49,0.009,SALMON
7.04,20.09,24.77,4.64,0.006,ROHU
6.77,11.16,2.62,9.21,0.004,TROUT
7.82,15.96,4.83,8.04,0.004,TROUT
7.44,12.89,0.8,9.13,0.002,TROUT
8.48,23.13,37.96,4.31,0.015,CATFISH
7.35,12.5,0.12,9.69,0.0,TROUT
8.17,26.55,18.34,7.25,0.02,CARP
8.26,11.96,2.69,9.86,0.005,SALMON
8.13,26.95,23.93,4.57,0.014,CARP
7.72,24.05,25.07,7.61,0.047,CARP
7.13,24.32,31.43,7.45,0.017,ROHU
7.8,24.9,28.96,4.84,0.027,ROHU
6.51,29.07,41.6,4.12,0.006,TILAPIA
8.16,29.46,28.39,5.45,0.015,ROHU
7.01,20.82,37.64,5.11,0.022,CARP
6.6,12.25,2.24,9.66,0.002,TROUT
7.69,28.32,24.99,3.84,0.005,TILAPIA
6.91,22.42,34.5,3.74,0.045,CATFISH
7.04,21.78,43.17,6.22,0.043,ROHU
8.43,26.62,77.24,4.11,0.086,CATFISH
6.74,16.63,0.61,8.5,0.004,TROUT
7.06,22.77,40.41,5.46,0.036,ROHU
7.66,18.53,24.1,7.8,0.019,CARP
6.48,25.86,98.46,3.67,0.087,CATFISH
7.0,18.73,28.85,7.54,0.049,CARP
7.53,24.42,75.74,3.08,0.065,CATFISH
6.87,14.14,8.39,8.67,0.01,TROUT
8.33,23.06,25.52,6.88,0.044,CARP
8.14,20.76,20.5,6.13,0.003,CARP
7.99,28.41,49.47,5.95,0.008,CATFISH
7.43,20.38,25.99,4.91,0.028,ROHU
7.14,27.69,28.73,7.68,0.045,CARP
7.76,10.52,0.75,10.06,0.008,SALMON
7.52,24.12,21.16,7.4,0.014,ROHU
7.67,28.35,21.04,6.22,0.016,TILAPIA
6.97,10.16,3.92,9.4,0.004,TROUT
7.08,14.15,1.53,9.25,0.003,SALMON
8.14,25.54,6.22,6.84,0.008,SHRIMP
7.86,10.0,1.12,10.77,0.002,SALMON
6.86,13.35,4.5,9.33,0.006,SALMON
7.15,24.7,65.41,5.88,0.041,CATFISH
7.07,27.81,15.5,4.55,0.019,TILAPIA
7.56,26.38,49.78,4.96,0.021,TILAPIA
7.13,29.29,23.13,5.41,0.017,ROHU
7.7,25.2,19.66,7.26,0.019,SHRIMP
8.43,26.08,52.32,3.82,0.038,CATFISH
7.75,23.36,35.78,6.96,0.048,CARP
7.83,13.4,3.53,7.94,0.009,TROUT
8.33,28.2,14.11,5.61,0.005,SHRIMP
7.92,29.09,18.32,5.38,0.011,SHRIMP
6.79,25.08,81.38,3.5,0.061,CATFISH
7.56,27.89,9.86,6.39,0.019,SHRIMP
8.13,27.28,35.76,7.0,0.032,CARP
8.18,26.21,27.6,5.84,0.034,TILAPIA
8.22,28.2,8.24,5.02,0.008,SHRIMP
8.27,27.98,24.93,6.6,0.035,TILAPIA
8.39,25.91,15.36,7.74,0.013,SHRIMP
8.36,11.6,1.58,10.38,0.01,SALMON
8.34,19.35,10.1,6.27,0.049,CARP
7.68,25.29,25.59,6.15,0.012,TILAPIA
7.49,22.43,12.61,6.07,0.019,CARP
7.84,24.06,26.09,5.33,0.038,ROHU
7.48,21.14,37.11,4.47,0.005,CARP
7.46,27.88,24.5,5.76,0.007,ROHU
6.58,11.14,2.29,8.23,0.002,SALMON
8.34,25.13,35.12,4.66,0.005,ROHU
7.75,10.42,9.83,9.66,0.009,TROUT
7.1,12.12,4.49,7.34,0.003,TROUT
8.09,31.95,23.39,5.57,0.021,TILAPIA
6.65,16.03,6.33,7.1,0.01,TROUT
8.3,25.85,78.66,5.12,0.054,CATFISH
6.56,14.62,0.29,9.93,0.003,SALMON
8.32,23.08,89.76,3.66,0.074,CATFISH
8.32,28.36,11.13,6.4,0.012,SHRIMP
6.85,13.87,3.05,9.53,0.002,SALMON
7.83,26.84,18.77,3.97,0.049,TILAPIA
7.52,24.4,32.91,3.14,0.016,CATFISH
7.75,28.85,7.5,6.01,0.004,SHRIMP
7.69,26.04,10.41,6.95,0.013,SHRIMP
7.0,27.46,41.06,4.73,0.022,ROHU
8.25,25.26,17.1,6.88,0.006,SHRIMP
6.57,28.55,39.63,4.59,0.002,TILAPIA
7.51,11.17,2.35,9.09,0.007,SALMON
8.35,25.73,16.42,5.6,0.0,SHRIMP
8.37,30.14,19.98,7.12,0.012,SHRIMP
7.38,23.95,26.25,6.72,0.046,CARP
7.33,24.84,43.33,5.53,0.036,ROHU
8.25,29.32,16.23,7.23,0.018,SHRIMP
8.21,9.02,1.36,10.91,0.001,SALMON
8.28,29.11,10.38,6.64,0.001,SHRIMP
7.7,14.72,0.21,10.73,0.002,SALMON
8.14,26.69,71.18,4.47,0.022,CATFISH
8.79,26.96,13.66,4.55,0.015,TILAPIA
7.78,26.51,8.04,5.56,0.012,SHRIMP
7.55,26.3,11.14,6.1,0.017,SHRIMP
7.7,26.91,25.21,5.92,0.046,CARP
8.01,26.96,17.24,7.68,0.006,SHRIMP
7.5,14.17,2.1,9.92,0.002,SALMON
7.41,25.72,22.42,5.59,0.037,CARP
7.35,10.19,4.14,9.08,0.002,SALMON
6.77,10.06,2.22,8.43,0.003,SALMON
6.83,10.61,9.07,8.51,0.001,TROUT
7.62,11.66,9.03,7.12,0.006,TROUT
7.38,23.77,10.03,5.11,0.009,CARP
7.04,14.34,7.34,9.46,0.008,TROUT
7.72,29.56,16.22,5.96,0.004,SHRIMP
7.55,28.76,15.91,6.37,0.01,SHRIMP
8.5,29.0,8.11,6.5,0.016,SHRIMP
7.05,20.02,21.19,4.75,0.042,CARP
7.23,26.92,16.9,4.05,0.037,CARP
8.25,19.97,11.05,4.12,0.033,CARP
7.11,28.83,39.87,6.21,0.039,TILAPIA
6.72,12.86,6.48,8.92,0.008,TROUT
6.7,9.49,0.1,8.47,0.007,SALMON
7.99,30.07,38.77,5.12,0.03,TILAPIA
7.07,25.12,29.45,5.83,0.024,ROHU
7.82,25.4,13.59,7.6,0.012,SHRIMP
7.55,28.93,20.97,4.06,0.01,TILAPIA
8.44,24.61,19.07,7.23,0.025,ROHU
8.0,28.81,14.72,6.1,0.003,SHRIMP
8.08,23.51,37.06,4.76,0.01,ROHU
6.77,28.3,12.66,3.66,0.028,TILAPIA
7.75,29.19,38.61,4.62,0.015,ROHU
7.16,9.9,2.59,9.14,0.006,SALMON
7.21,27.96,85.89,5.87,0.021,CATFISH
7.18,11.2,6.1,8.88,0.008,TROUT
6.81,15.68,7.99,9.56,0.005,TROUT
7.83,14.59,3.79,8.24,0.007,SALMON
7.93,31.35,15.43,5.23,0.028,TILAPIA
7.77,17.4,5.55,8.05,0.007,TROUT
7.65,19.97,34.99,5.72,0.015,CARP
7.13,29.6,44.85,7.19,0.023,ROHU
7.74,23.65,36.0,4.79,0.019,CATFISH
7.83,12.64,2.26,9.47,0.005,SALMON
8.3,30.04,38.26,5.7,0.05,TILAPIA
6.86,26.74,30.39,3.82,0.023,TILAPIA
7.14,26.11,44.78,4.7,0.047,ROHU
7.04,27.32,82.01,3.53,0.079,CATFISH
7.9,20.27,32.82,6.7,0.05,CARP
7.38,17.61,6.48,8.02,0.008,TROUT
7.04,8.01,1.7,10.22,0.008,SALMON
7.55,25.77,21.49,6.41,0.007,ROHU
7.54,13.88,2.41,8.83,0.0,TROUT
6.93,31.58,27.64,4.92,0.049,TILAPIA
7.98,21.85,30.71,4.5,0.038,ROHU
7.81,29.33,11.52,7.35,0.003,SHRIMP
7.87,25.54,9.82,7.77,0.001,SHRIMP
7.29,17.78,4.98,9.03,0.0,TROUT
7.47,10.63,1.38,9.35,0.006,SALMON
7.22,14.57,4.11,8.43,0.009,TROUT
7.81,23.93,22.36,5.53,0.006,ROHU
6.91,12.04,3.43,9.95,0.004,SALMON
7.44,8.15,4.7,8.93,0.009,SALMON
7.04,26.47,21.18,6.64,0.026,TILAPIA
8.01,25.13,63.75,4.14,0.026,CATFISH
7.25,20.73,15.83,6.61,0.007,CARP
6.59,22.07,34.66,4.93,0.038,CATFISH
8.77,24.81,20.5,5.69,0.031,TILAPIA
8.06,25.91,31.89,5.29,0.088,CATFISH
6.73,8.61,1.11,9.49,0.0,SALMON
7.58,16.78,6.94,9.05,0.007,TROUT
7.95,12.14,3.64,7.22,0.009,TROUT
7.14,8.3,3.85,8.15,0.002,SALMON
7.76,26.5,19.38,7.5,0.004,ROHU
8.49,23.25,11.61,4.64,0.029,CARP
7.18,24.02,37.48,3.22,0.031,CATFISH
7.14,23.58,30.18,4.84,0.034,ROHU
7.05,12.08,0.02,10.75,0.006,SALMON
7.79,21.72,17.81,4.5,0.001,CARP
8.08,30.91,7.71,5.77,0.004,SHRIMP
7.56,23.66,59.13,4.61,0.031,CATFISH
7.88,28.99,11.73,5.32,0.019,SHRIMP
7.56,28.36,15.47,6.62,0.017,SHRIMP
7.57,27.89,16.82,7.71,0.011,SHRIMP
8.18,24.17,40.99,5.81,0.028,TILAPIA
7.6,24.54,20.2,4.59,0.038,CARP
7.73,27.77,20.79,5.4,0.033,ROHU
7.45,22.68,11.4,6.74,0.027,CARP
7.71,27.45,6.97,6.85,0.013,SHRIMP
7.42,11.89,1.59,8.18,0.007,SALMON
7.57,13.56,3.67,9.79,0.001,TROUT
7.37,22.64,33.5,4.74,0.032,ROHU
8.42,30.18,24.77,4.63,0.036,TILAPIA
8.06,27.72,19.11,6.78,0.001,SHRIMP
6.75,31.37,23.78,4.49,0.045,TILAPIA
7.86,25.49,18.19,7.29,0.018,SHRIMP
6.68,24.08,54.97,3.42,0.086,CATFISH
7.3,23.42,29.66,6.44,0.005,CARP
7.73,16.38,5.84,8.38,0.009,TROUT
7.65,27.98,36.58,7.92,0.023,CARP
6.66,22.85,32.41,5.24,0.011,CATFISH
8.19,29.32,11.76,6.14,0.004,SHRIMP
7.51,27.86,18.39,7.74,0.022,CARP
8.28,26.08,5.02,5.41,0.015,SHRIMP
7.23,28.09,23.71,4.73,0.048,ROHU
7.63,28.6,16.24,7.82,0.017,SHRIMP
7.61,11.44,3.84,8.75,0.006,TROUT
7.1,27.52,76.55,5.28,0.006,CATFISH
7.05,29.88,44.63,4.98,0.02,ROHU
7.01,27.92,22.93,5.23,0.008,ROHU
8.38,11.99,2.4,9.65,0.0,SALMON
7.74,20.86,23.85,5.17,0.035,CARP
8.17,14.32,2.48,9.53,0.007,SALMON
6.19,26.23,52.43,2.93,0.014,CATFISH
8.31,18.97,31.73,4.98,0.026,CARP
7.87,25.26,43.72,3.07,0.028,TILAPIA
7.1,28.38,30.38,3.14,0.081,CATFISH
7.97,24.11,48.93,5.92,0.025,TILAPIA
7.43,9.93,0.06,9.42,0.006,SALMON
8.0,11.84,4.25,9.47,0.008,SALMON
7.67,26.94,40.05,5.26,0.033,ROHU
6.96,23.66,82.35,3.45,0.039,CATFISH
6.61,12.91,2.08,8.38,0.006,TROUT
8.59,24.97,23.8,4.67,0.036,TILAPIA
6.7,26.56,19.54,3.27,0.035,TILAPIA
7.35,9.4,2.21,10.7,0.004,SALMON
8.39,24.91,11.26,5.33,0.049,CARP
8.1,24.23,35.66,6.07,0.031,ROHU
7.56,11.64,0.06,8.7,0.0,SALMON
8.18,26.54,19.49,6.98,0.047,CARP
7.5,16.02,8.45,9.74,0.002,TROUT
6.94,12.22,2.18,8.83,0.002,TROUT
8.2,25.1,43.25,6.17,0.027,TILAPIA
7.35,16.11,1.71,7.1,0.005,TROUT
6.67,10.88,2.19,10.21,0.001,SALMON
7.4,8.16,1.55,9.08,0.005,SALMON
8.43,26.15,16.19,5.55,0.033,CARP
7.93,30.89,7.49,6.02,0.008,SHRIMP
6.81,25.97,52.25,4.16,0.1,CATFISH
7.95,31.15,20.97,5.54,0.022,TILAPIA
7.37,15.29,0.35,8.93,0.005,TROUT
8.11,29.88,32.37,4.77,0.095,CATFISH
6.73,15.3,8.18,7.01,0.004,TROUT
8.11,12.42,2.07,9.4,0.002,SALMON
7.87,11.23,2.51,8.81,0.003,SALMON
7.06,24.4,38.08,6.21,0.044,TILAPIA
7.82,27.37,18.31,6.73,0.01,SHRIMP
7.55,25.63,8.46,6.89,0.018,SHRIMP
7.43,30.61,49.23,4.66,0.028,TILAPIA
6.47,23.65,63.55,3.38,0.043,CATFISH
7.75,11.75,3.06,9.86,0.002,TROUT
7.82,9.31,1.91,10.89,0.008,SALMON
7.78,26.53,9.93,7.78,0.009,SHRIMP
6.68,15.08,9.14,9.33,0.004,TROUT
8.0,27.81,12.92,5.1,0.006,SHRIMP
7.06,26.88,40.88,5.39,0.056,CATFISH
7.23,21.29,23.35,5.05,0.018,CARP
7.65,24.21,18.53,5.96,0.038,ROHU
6.72,8.44,1.23,8.58,0.007,SALMON
7.77,11.12,7.78,9.5,0.009,TROUT
7.04,25.68,41.94,6.12,0.003,ROHU
7.15,8.04,4.45,9.87,0.002,SALMON
7.06,21.45,38.44,6.81,0.046,CARP
6.5,8.88,1.24,10.44,0.005,SALMON
7.69,26.29,10.74,6.3,0.015,SHRIMP
6.98,26.65,14.74,3.04,0.025,TILAPIA
7.72,29.26,14.81,7.8,0.013,SHRIMP
7.44,14.44,4.94,10.72,0.007,SALMON
7.7,28.64,20.41,5.6,0.002,TILAPIA
7.69,29.25,44.97,3.94,0.096,CATFISH
6.97,9.61,4.46,8.98,0.007,SALMON
8.03,23.11,16.89,7.01,0.023,CARP
7.87,28.61,14.6,7.86,0.003,SHRIMP
7.16,29.34,31.52,3.47,0.028,CATFISH
7.74,26.25,18.46,5.98,0.018,CARP
8.2,25.47,31.65,6.95,0.047,CARP
7.59,15.48,4.3,7.99,0.004,TROUT
7.96,30.46,9.75,7.02,0.017,SHRIMP
7.65,27.96,88.21,2.54,0.072,CATFISH
6.8,12.73,4.87,8.74,0.007,SALMON
6.74,10.33,1.74,10.44,0.005,SALMON
8.19,14.07,4.21,10.59,0.008,SALMON
6.8,26.55,88.78,4.26,0.013,CATFISH
8.05,27.91,32.48,5.09,0.002,CATFISH
8.44,14.23,1.33,8.67,0.008,SALMON
7.76,23.16,19.74,5.7,0.044,CARP
7.57,24.33,19.37,6.38,0.024,ROHU
8.23,25.77,12.89,6.62,0.006,SHRIMP
8.16,13.84,2.34,10.39,0.006,SALMON
6.71,24.36,12.34,6.44,0.042,TILAPIA
7.09,25.42,96.11,3.42,0.072,CATFISH
7.66,20.5,20.21,4.96,0.031,ROHU
8.25,29.27,15.21,5.39,0.004,SHRIMP
7.56,28.9,8.46,6.93,0.001,SHRIMP
6.88,26.33,23.15,4.98,0.026,TILAPIA
6.91,9.82,2.27,8.35,0.0,SALMON
8.11,25.28,89.28,3.99,0.002,CATFISH
7.15,17.62,3.25,8.84,0.006,TROUT
7.74,24.85,30.19,5.41,0.012,ROHU
7.84,27.19,9.55,6.89,0.002,SHRIMP
8.16,30.93,7.53,6.17,0.007,SHRIMP
6.56,28.98,88.18,5.38,0.021,CATFISH
6.5,23.18,42.61,3.98,0.008,CATFISH
8.02,22.72,25.02,5.62,0.036,CARP
7.88,28.51,30.89,6.64,0.032,TILAPIA
8.0,13.59,7.29,9.21,0.009,TROUT
8.03,26.93,13.23,6.0,0.004,SHRIMP
7.61,11.06,0.98,9.26,0.007,TROUT
7.57,28.77,15.03,5.9,0.002,SHRIMP
6.74,13.22,4.43,8.22,0.003,TROUT
8.05,24.68,63.79,3.98,0.059,CATFISH
7.76,26.24,18.58,5.9,0.002,TILAPIA
8.38,26.11,30.34,6.1,0.023,ROHU
8.09,27.14,17.61,3.09,0.037,TILAPIA
8.33,27.52,12.88,6.41,0.017,SHRIMP
7.5,10.16,6.52,7.72,0.009,TROUT
8.16,27.28,13.19,6.31,0.0,SHRIMP
8.97,29.24,19.96,5.26,0.04,TILAPIA
6.66,24.83,13.24,6.27,0.05,TILAPIA
7.51,26.75,14.59,5.0,0.041,TILAPIA
7.45,25.84,34.27,4.9,0.089,CATFISH
7.82,28.57,41.42,5.98,0.03,CATFISH
7.43,28.17,89.4,5.37,0.04,CATFISH
8.19,26.47,20.07,6.3,0.011,ROHU
7.42,17.21,1.29,9.39,0.004,TROUT
8.28,27.54,12.49,7.54,0.018,SHRIMP
6.2,23.75,60.68,5.37,0.06,CATFISH
6.05,27.07,71.89,4.15,0.068,CATFISH
7.67,25.24,16.21,7.65,0.014,SHRIMP
7.5,13.5,4.58,9.76,0.01,SALMON
8.01,28.07,17.12,5.37,0.003,SHRIMP
6.69,28.9,33.05,6.12,0.016,TILAPIA
7.7,25.14,28.77,7.61,0.009,CARP
8.16,24.1,27.08,6.71,0.017,CARP
6.8,9.86,3.38,9.79,0.001,SALMON
8.19,8.71,3.34,8.68,0.0,SALMON
7.66,14.25,2.01,8.91,0.009,SALMON
6.48,24.02,52.2,2.96,0.084,CATFISH
7.13,29.9,31.79,5.15,0.005,CATFISH
8.02,9.86,0.26,8.07,0.005,SALMON
8.3,31.62,38.18,3.31,0.031,TILAPIA
7.15,29.0,23.72,5.02,0.021,ROHU
7.51,25.76,11.36,5.28,0.031,CARP
8.48,8.92,4.48,8.88,0.006,SALMON
8.5,28.14,9.07,7.24,0.003,SHRIMP
7.41,11.68,3.99,7.69,0.009,TROUT
7.43,24.45,72.95,5.99,0.082,CATFISH
8.32,29.22,19.08,6.09,0.001,SHRIMP
8.29,10.61,3.02,10.69,0.004,SALMON
6.6,16.68,1.81,9.97,0.002,TROUT
6.02,22.94,81.17,5.8,0.07,CATFISH
8.48,25.86,39.94,5.27,0.006,CARP
7.69,26.37,7.13,7.83,0.002,SHRIMP
7.66,22.39,20.16,5.65,0.03,ROHU
7.17,27.06,32.12,6.4,0.031,TILAPIA
8.88,31.38,26.47,4.69,0.004,TILAPIA
7.23,21.5,34.52,7.4,0.029,CARP
7.52,15.68,0.16,9.83,0.004,TROUT
8.47,27.98,14.25,7.7,0.034,CARP
8.2,27.45,49.47,6.99,0.012,TILAPIA
7.63,22.2,92.24,5.83,0.061,CATFISH
7.58,21.2,29.04,5.77,0.049,CARP
7.21,21.93,26.89,7.13,0.002,ROHU
7.74,22.47,38.32,4.08,0.02,CARP
7.82,8.13,2.59,9.41,0.005,SALMON
7.57,27.23,32.31,6.06,0.048,CARP
8.1,29.81,10.6,6.13,0.007,SHRIMP
7.94,19.61,23.94,5.92,0.023,CARP
7.54,26.84,34.76,7.91,0.032,CARP
7.35,25.68,34.13,5.96,0.011,CARP
7.86,15.63,2.26,7.84,0.007,TROUT
8.1,26.81,40.87,5.36,0.079,CATFISH
6.64,25.25,88.1,2.76,0.032,CATFISH
7.39,23.07,29.56,7.18,0.002,ROHU
8.16,23.6,25.62,5.95,0.044,ROHU
8.45,27.94,19.49,5.65,0.006,TILAPIA
6.58,9.15,1.04,10.31,0.006,SALMON
8.06,8.92,4.69,8.2,0.009,SALMON
7.16,26.37,34.07,3.66,0.022,TILAPIA
8.29,25.07,20.65,6.36,0.039,TILAPIA
6.97,12.0,3.75,9.33,0.003,TROUT
6.86,23.82,93.67,4.42,0.016,CATFISH
7.57,30.42,6.9,7.77,0.015,SHRIMP
6.83,9.48,2.7,9.77,0.009,SALMON
7.38,27.21,45.41,5.37,0.036,TILAPIA
8.39,25.65,8.98,7.2,0.004,SHRIMP
8.47,26.76,5.91,5.42,0.004,SHRIMP
7.71,27.64,17.21,5.55,0.046,TILAPIA
6.52,13.96,2.53,9.29,0.002,TROUT
7.67,27.43,48.49,3.66,0.034,TILAPIA
8.45,28.74,26.69,7.22,0.032,ROHU
8.44,30.61,10.14,5.94,0.015,SHRIMP
7.56,28.63,10.05,7.65,0.001,SHRIMP
6.66,11.04,4.29,8.97,0.009,SALMON
8.89,25.52,16.89,4.51,0.013,TILAPIA
8.16,26.75,33.94,5.8,0.025,ROHU
7.84,24.94,95.46,3.51,0.066,CATFISH
8.27,13.27,0.46,8.45,0.001,SALMON
6.97,26.72,94.77,2.52,0.063,CATFISH
6.54,13.37,3.62,9.86,0.003,TROUT
7.38,15.89,0.61,9.79,0.01,TROUT
8.4,30.59,6.8,5.52,0.018,SHRIMP
8.23,30.52,19.36,6.03,0.004,SHRIMP
7.93,28.26,32.95,4.56,0.04,TILAPIA
7.84,11.65,3.15,8.35,0.009,SALMON
7.02,11.22,8.59,7.64,0.002,TROUT
6.37,26.85,63.81,5.78,0.067,CATFISH
6.71,25.69,47.3,4.87,0.059,CATFISH
8.1,13.11,4.68,9.13,0.008,SALMON
7.93,23.87,31.45,5.23,0.019,CARP
8.05,30.61,6.26,6.4,0.002,SHRIMP
7.14,10.16,8.02,8.38,0.003,TROUT
7.71,24.36,42.35,7.47,0.031,ROHU
8.47,28.9,8.58,7.07,0.017,SHRIMP
7.27,24.24,41.48,6.72,0.011,TILAPIA
6.24,22.45,67.41,4.54,0.092,CATFISH
8.11,19.99,34.45,6.01,0.045,CARP
7.53,25.0,27.81,7.87,0.007,CARP
7.92,30.88,28.55,4.26,0.044,TILAPIA
7.72,11.3,1.84,8.36,0.009,SALMON
7.7,10.1,3.81,8.71,0.003,TROUT
7.73,25.3,10.19,6.53,0.001,SHRIMP
7.58,10.25,0.58,10.37,0.003,SALMON
7.69,14.63,4.02,10.5,0.007,SALMON
6.21,27.9,53.79,3.19,0.011,CATFISH
6.23,27.89,31.99,5.36,0.037,CATFISH
7.35,22.46,67.46,4.42,0.087,CATFISH
8.7,28.68,30.95,6.02,0.037,TILAPIA
8.43,26.55,7.33,5.84,0.017,SHRIMP
6.0,27.38,44.87,2.95,0.03,CATFISH
8.45,27.84,47.16,5.95,0.068,CATFISH
7.39,13.02,4.43,10.73,0.005,SALMON
8.4,26.57,16.95,7.73,0.015,SHRIMP
7.55,26.22,15.0,7.36,0.001,SHRIMP
7.44,29.29,88.87,3.15,0.036,CATFISH
8.25,26.79,6.76,5.15,0.017,SHRIMP
7.61,23.64,32.79,6.01,0.031,CARP
7.85,16.27,8.02,8.61,0.003,TROUT
6.83,9.6,3.59,9.5,0.005,SALMON
8.09,27.47,17.39,7.0,0.009,ROHU
7.73,29.96,16.48,5.53,0.011,SHRIMP
6.75,11.17,3.76,9.76,0.001,TROUT
7.91,13.33,6.52,9.36,0.001,TROUT
8.08,29.89,5.21,6.98,0.003,SHRIMP
7.6,28.54,37.64,5.42,0.063,CATFISH
8.72,31.49,43.65,5.16,0.042,TILAPIA
8.32,18.12,37.49,7.41,0.006,CARP
7.92,26.89,5.74,7.17,0.008,SHRIMP
7.13,10.21,5.15,9.98,0.003,TROUT
7.44,22.41,46.59,4.82,0.079,CATFISH
8.43,10.76,4.62,9.62,0.006,SALMON
8.16,25.37,12.99,4.08,0.048,CARP
7.71,14.06,1.99,8.03,0.009,SALMON
8.04,30.83,30.74,5.91,0.022,TILAPIA
8.06,21.62,29.65,4.6,0.007,CARP
8.71,30.8,29.68,5.34,0.031,TILAPIA
6.91,28.88,89.96,4.22,0.075,CATFISH
7.43,19.74,35.04,7.24,0.012,CARP
7.56,11.56,3.89,9.93,0.002,SALMON
7.56,10.93,1.19,8.37,0.001,SALMON
7.34,26.08,36.7,4.8,0.05,CARP
7.72,14.77,2.53,8.42,0.001,TROUT
7.6,28.72,19.88,4.45,0.032,TILAPIA
8.25,20.45,15.68,5.19,0.034,ROHU
6.13,28.89,88.82,3.89,0.098,CATFISH
8.28,24.06,22.58,5.76,0.045,ROHU
7.64,24.64,77.23,5.58,0.06,CATFISH
8.27,29.15,12.51,5.37,0.015,SHRIMP
7.02,20.57,16.48,4.44,0.047,CARP
7.41,11.24,1.13,8.54,0.0,SALMON
7.87,25.22,99.7,3.1,0.04,CATFISH
7.95,25.62,14.57,7.38,0.012,SHRIMP
8.46,24.9,30.64,5.97,0.038,TILAPIA
8.13,28.04,16.54,5.53,0.017,SHRIMP
7.19,24.02,15.0,6.03,0.032,TILAPIA
8.43,30.01,9.04,5.99,0.004,SHRIMP
7.99,27.32,32.01,3.38,0.013,CATFISH
8.15,27.24,5.16,7.86,0.015,SHRIMP
6.56,13.31,3.35,9.71,0.006,SALMON
6.91,11.98,4.86,8.23,0.0,SALMON
7.53,29.68,18.36,6.84,0.013,SHRIMP
6.53,29.2,87.66,2.71,0.081,CATFISH
7.05,25.92,49.03,3.25,0.007,CATFISH
7.49,14.39,0.31,7.48,0.002,TROUT
6.42,29.3,58.11,5.31,0.014,CATFISH
7.89,29.87,12.06,5.39,0.013,TILAPIA
8.2,13.56,1.27,10.64,0.001,SALMON
8.44,26.02,27.42,7.54,0.03,CARP
7.74,30.41,18.59,6.88,0.01,SHRIMP
7.96,19.9,27.82,5.74,0.012,CARP
7.71,26.38,16.43,5.52,0.002,SHRIMP
6.79,24.2,10.52,3.7,0.043,TILAPIA
7.79,18.89,39.62,7.39,0.015,CARP
7.71,25.33,33.4,4.78,0.047,ROHU
8.38,25.66,12.65,6.31,0.009,SHRIMP
8.63,30.23,27.57,4.81,0.024,TILAPIA
6.57,27.21,47.77,3.32,0.099,CATFISH
7.38,23.66,24.98,5.31,0.019,ROHU
7.19,28.5,51.57,3.49,0.05,CATFISH
6.12,26.45,38.62,3.42,0.08,CATFISH
7.0,23.97,56.05,3.16,0.045,CATFISH
7.92,16.23,6.39,9.04,0.004,TROUT
7.87,29.29,20.72,5.54,0.01,TILAPIA
6.99,13.46,0.59,7.27,0.004,TROUT
8.19,25.55,18.37,4.93,0.033,TILAPIA
8.03,26.15,20.95,7.3,0.047,CARP
6.89,17.41,7.15,7.19,0.006,TROUT
7.62,24.04,27.47,4.42,0.005,CARP
7.47,19.11,19.3,4.76,0.002,CARP
7.3,25.17,57.53,3.67,0.012,CATFISH
6.73,25.68,28.62,4.78,0.024,TILAPIA
7.95,22.32,24.93,5.0,0.026,CARP
7.47,27.59,38.16,4.6,0.033,TILAPIA
7.9,28.51,5.64,7.42,0.004,SHRIMP
7.04,25.24,38.27,5.58,0.031,CARP
6.32,28.48,78.31,4.67,0.028,CATFISH
7.65,28.98,13.11,7.32,0.002,SHRIMP
7.19,9.01,3.62,10.8,0.003,SALMON
7.63,31.05,36.81,5.98,0.005,TILAPIA
8.36,28.18,52.06,4.85,0.092,CATFISH
8.35,29.56,42.83,6.82,0.011,ROHU
8.01,29.74,20.21,6.34,0.024,ROHU
6.8,10.03,3.52,10.21,0.002,SALMON
8.81,24.59,47.28,3.99,0.043,TILAPIA
7.18,29.29,28.12,5.99,0.043,ROHU
7.88,21.01,30.99,7.43,0.028,CARP
7.4,29.36,33.18,3.18,0.035,CATFISH
6.77,25.53,42.6,5.12,0.037,TILAPIA
6.65,27.86,41.63,5.4,0.049,CATFISH
6.65,16.79,9.49,9.68,0.008,TROUT
8.05,25.1,40.61,5.88,0.012,ROHU
8.47,19.89,13.42,4.48,0.003,CARP
7.02,13.36,4.54,9.3,0.01,TROUT
7.4,24.79,41.37,7.42,0.031,ROHU
8.22,30.41,18.95,7.06,0.016,SHRIMP
7.42,28.39,95.77,3.2,0.019,CATFISH
7.58,22.49,17.83,5.59,0.014,ROHU
8.17,20.66,33.7,4.56,0.037,ROHU
6.82,30.22,13.02,6.94,0.042,TILAPIA
7.27,23.37,10.11,7.15,0.01,CARP
7.83,25.16,47.07,4.88,0.012,TILAPIA
7.2,14.5,6.15,9.54,0.005,TROUT
6.63,30.0,17.1,4.86,0.048,TILAPIA
7.79,20.62,23.32,4.51,0.044,ROHU
8.3,24.58,30.27,5.24,0.025,TILAPIA
7.31,11.16,3.83,9.95,0.005,TROUT
8.36,10.25,4.24,9.27,0.005,SALMON
7.67,14.67,0.25,8.78,0.007,SALMON
7.75,28.95,12.8,6.84,0.001,SHRIMP
6.31,24.48,58.07,3.51,0.055,CATFISH
7.53,29.04,26.38,6.59,0.02,TILAPIA
8.13,30.23,17.45,6.41,0.007,SHRIMP
7.01,28.69,21.85,6.96,0.028,ROHU
6.07,29.95,55.39,2.75,0.057,CATFISH
7.89,26.0,84.99,2.69,0.086,CATFISH
7.96,30.72,8.03,6.02,0.015,SHRIMP
6.69,29.38,47.73,3.41,0.009,TILAPIA
7.05,16.68,7.72,8.77,0.004,TROUT
7.12,10.98,4.95,9.09,0.007,SALMON
7.33,30.88,39.3,3.29,0.023,TILAPIA
7.81,30.98,11.78,6.72,0.024,TILAPIA
6.98,28.91,57.87,4.8,0.049,CATFISH
8.41,26.35,20.03,4.87,0.028,ROHU
6.76,27.51,40.42,2.52,0.077,CATFISH
6.94,11.12,3.77,8.01,0.0,SALMON
8.11,24.29,93.49,4.85,0.04,CATFISH
8.26,25.06,78.7,4.1,0.073,CATFISH
8.36,26.03,14.89,7.75,0.018,SHRIMP
7.24,26.73,39.98,3.8,0.032,CATFISH
7.31,9.22,3.68,10.84,0.007,SALMON
8.01,8.33,2.13,10.57,0.01,SALMON
7.01,26.45,25.07,5.74,0.006,CARP
6.68,31.15,23.37,4.35,0.04,TILAPIA
7.8,25.6,25.15,6.87,0.019,ROHU
6.18,27.9,64.58,3.61,0.099,CATFISH
7.53,15.38,1.46,8.56,0.005,TROUT
7.67,10.24,3.52,9.36,0.008,SALMON
7.77,24.04,36.26,6.88,0.001,CARP
7.54,11.0,0.61,9.06,0.002,SALMON
8.43,27.03,90.91,3.7,0.014,CATFISH
6.61,16.3,9.66,8.4,0.01,TROUT
7.99,26.48,18.9,7.67,0.03,CARP
7.77,27.44,13.37,6.56,0.001,SHRIMP
8.23,25.45,43.05,7.19,0.026,ROHU
7.5,8.59,4.09,9.39,0.006,SALMON
7.91,25.09,17.98,6.65,0.006,SHRIMP
7.31,22.0,20.27,7.02,0.01,CARP
8.41,19.03,37.52,7.61,0.017,CARP
7.59,25.37,16.36,6.03,0.03,ROHU
7.36,25.96,33.51,5.98,0.028,CARP
7.4,16.75,1.04,8.31,0.0,TROUT
8.39,25.98,32.71,6.23,0.017,CARP
7.75,24.35,46.25,5.68,0.041,TILAPIA
8.44,27.62,19.62,7.03,0.002,SHRIMP
7.28,13.78,2.83,9.3,0.001,TROUT
8.29,26.45,15.53,7.61,0.008,SHRIMP
6.56,17.01,8.9,9.1,0.006,TROUT
6.7,27.94,53.11,4.05,0.098,CATFISH
6.5,15.92,4.76,9.74,0.008,TROUT
7.62,24.6,87.55,3.45,0.014,CATFISH
7.46,16.85,8.69,7.8,0.009,TROUT
7.12,9.08,3.17,9.8,0.006,SALMON
6.82,30.56,11.06,5.31,0.011,TILAPIA
8.27,18.05,10.06,5.24,0.04,CARP
6.98,15.83,4.22,7.35,0.007,TROUT
7.47,27.51,73.2,2.79,0.083,CATFISH
8.26,26.48,40.72,5.79,0.075,CATFISH
7.42,18.48,15.74,7.11,0.005,CARP
7.46,24.76,40.58,5.38,0.036,TILAPIA
8.8,31.88,40.19,3.03,0.012,TILAPIA
7.32,13.01,4.72,9.25,0.005,SALMON
7.55,26.17,7.51,7.32,0.003,SHRIMP
8.02,26.58,13.93,6.69,0.017,CARP
8.15,19.63,36.48,4.11,0.023,CARP
7.62,28.01,15.77,5.59,0.011,SHRIMP
7.37,28.03,21.84,7.22,0.027,ROHU
7.5,19.57,38.46,4.19,0.023,CARP
7.93,15.25,1.68,8.35,0.009,TROUT
6.88,14.36,1.13,8.21,0.001,SALMON
7.7,11.89,1.23,10.12,0.006,SALMON
7.55,14.73,0.47,9.24,0.004,TROUT
8.4,27.51,31.14,5.01,0.011,ROHU
8.5,21.36,22.22,7.42,0.032,CARP
7.72,22.39,19.04,5.9,0.026,CARP
7.93,13.03,0.17,7.58,0.009,TROUT
7.2,13.97,8.7,8.48,0.007,TROUT
8.33,8.98,1.51,10.11,0.005,SALMON
7.92,20.47,20.03,6.25,0.033,ROHU
6.99,29.02,33.15,4.73,0.005,CATFISH
7.62,26.37,11.3,7.59,0.004,SHRIMP
7.86,30.45,16.78,6.57,0.002,SHRIMP
6.12,23.43,36.54,4.23,0.098,CATFISH
7.89,30.89,18.85,6.8,0.014,SHRIMP
7.97,28.22,47.78,5.6,0.039,TILAPIA
7.88,10.6,4.44,9.2,0.007,SALMON
7.48,30.59,25.99,4.7,0.033,TILAPIA
8.57,25.73,45.44,5.86,0.034,TILAPIA
7.13,12.28,4.68,8.78,0.001,SALMON
6.59,12.75,2.87,8.19,0.005,TROUT
7.87,28.5,18.01,6.33,0.006,ROHU
7.4,26.44,35.92,3.07,0.039,TILAPIA
7.46,11.02,0.17,10.09,0.0,SALMON
7.4,21.2,27.51,6.18,0.016,ROHU
7.03,25.04,36.59,4.4,0.012,CARP
8.35,23.69,74.3,5.41,0.06,CATFISH
7.52,24.81,15.25,5.81,0.04,TILAPIA
8.64,31.57,45.97,6.89,0.033,TILAPIA
7.59,13.19,0.09,8.07,0.006,SALMON
7.69,12.16,9.04,7.72,0.006,TROUT
7.41,8.25,3.83,9.24,0.008,SALMON
8.15,23.68,32.36,5.17,0.034,ROHU
7.75,11.93,3.85,7.33,0.01,TROUT
7.38,25.14,69.64,3.36,0.031,CATFISH
7.94,22.56,56.35,4.07,0.02,CATFISH
7.34,9.57,3.2,8.09,0.002,SALMON
8.04,10.67,1.75,10.91,0.004,SALMON
7.0,17.87,7.37,7.75,0.002,TROUT
6.94,23.54,80.18,4.03,0.005,CATFISH
8.06,25.75,38.1,5.45,0.031,ROHU
8.34,30.61,9.53,5.85,0.01,SHRIMP
6.91,27.96,17.77,4.64,0.019,TILAPIA
8.19,22.45,39.77,7.36,0.024,CARP
8.37,28.66,8.46,5.89,0.0,SHRIMP
8.08,25.33,62.88,3.14,0.094,CATFISH
7.99,26.72,31.45,5.89,0.046,ROHU
7.97,26.09,28.27,5.35,0.022,ROHU
8.01,14.96,3.85,8.14,0.004,SALMON
8.0,23.49,76.04,4.8,0.064,CATFISH
7.51,19.8,14.35,5.92,0.014,CARP
6.93,11.65,1.28,8.71,0.006,SALMON
6.49,22.59,90.02,4.23,0.013,CATFISH
6.9,27.79,42.56,3.19,0.063,CATFISH
7.81,29.68,13.66,5.28,0.003,SHRIMP
7.16,25.54,26.31,7.27,0.016,CARP
8.31,27.35,29.01,6.45,0.023,ROHU
7.11,17.76,0.31,8.15,0.003,TROUT
6.65,15.02,7.17,7.55,0.001,TROUT
8.67,27.55,46.1,6.97,0.008,TILAPIA
7.59,16.62,8.12,7.19,0.002,TROUT
6.97,14.42,1.22,7.13,0.008,TROUT
7.71,21.74,20.44,4.63,0.026,CARP
8.13,29.43,19.22,5.05,0.018,SHRIMP
7.12,24.43,20.25,5.28,0.042,CARP
7.57,29.07,15.55,6.89,0.017,SHRIMP
6.83,28.27,90.29,2.75,0.066,CATFISH
7.09,26.55,41.33,3.61,0.071,CATFISH
8.39,28.85,11.17,6.46,0.014,SHRIMP
7.03,11.95,3.91,9.03,0.006,SALMON
6.7,25.15,34.99,6.81,0.005,TILAPIA
7.79,24.61,18.8,4.67,0.048,ROHU
7.09,26.2,66.9,5.48,0.098,CATFISH
8.48,25.33,11.0,7.74,0.009,SHRIMP
7.76,29.22,22.84,7.29,0.0,ROHU
8.02,25.91,54.58,2.98,0.039,CATFISH
8.39,30.64,17.59,6.16,0.011,SHRIMP
8.0,25.18,28.11,4.85,0.034,TILAPIA
7.46,13.34,3.22,8.7,0.004,TROUT
7.12,24.26,31.15,3.55,0.021,TILAPIA
7.88,30.91,10.51,5.73,0.009,SHRIMP
8.7,28.83,32.26,5.02,0.011,TILAPIA
7.0,10.34,8.96,7.08,0.0,TROUT
7.79,26.73,12.61,6.18,0.002,SHRIMP
7.48,13.19,3.89,9.8,0.007,TROUT
7.26,21.38,20.81,6.38,0.003,ROHU
7.45,21.2,17.12,7.71,0.034,CARP
7.59,23.27,12.83,7.56,0.032,CARP
8.2,28.67,13.63,5.55,0.005,SHRIMP
8.16,27.29,21.39,5.96,0.01,CARP
6.82,9.41,1.41,10.84,0.001,SALMON
8.29,28.0,19.05,7.7,0.009,SHRIMP
7.51,23.24,16.02,7.73,0.029,CARP
7.81,18.25,15.09,7.41,0.048,CARP
6.87,24.21,46.66,5.8,0.04,TILAPIA
7.86,30.14,9.55,6.46,0.004,SHRIMP
6.88,10.18,4.15,10.47,0.002,SALMON
8.49,30.56,46.03,6.92,0.006,TILAPIA
8.03,20.63,44.02,5.0,0.018,ROHU
6.83,25.93,78.57,3.98,0.072,CATFISH
7.84,27.77,22.59,6.09,0.018,ROHU
8.25,13.29,1.85,8.99,0.006,SALMON
7.54,26.15,16.32,7.31,0.028,CARP
8.09,27.91,76.89,3.96,0.057,CATFISH
8.31,26.33,15.72,6.16,0.014,SHRIMP
7.88,14.65,4.59,10.5,0.0,SALMON
7.74,28.23,25.15,6.19,0.034,ROHU
7.29,24.42,28.28,5.36,0.024,CARP
8.4,24.89,45.96,5.04,0.023,TILAPIA
8.06,21.97,18.82,7.21,0.03,ROHU
7.2,27.33,43.34,6.78,0.041,ROHU
7.01,25.85,22.12,7.49,0.029,CARP
6.64,28.44,32.67,6.44,0.002,TILAPIA
7.66,21.28,42.72,6.3,0.03,ROHU
6.66,9.45,3.57,10.05,0.007,SALMON
7.11,22.55,38.3,6.83,0.011,ROHU
6.86,13.21,1.79,8.76,0.003,SALMON
7.65,24.37,38.62,7.84,0.004,CARP
7.25,13.33,0.74,7.88,0.001,TROUT
7.16,11.34,9.06,8.94,0.002,TROUT
7.02,11.78,5.9,7.07,0.001,TROUT
8.33,20.05,33.73,5.53,0.021,CARP
8.81,27.83,44.99,3.64,0.046,TILAPIA
7.77,25.84,40.63,3.43,0.038,CATFISH
7.51,26.4,53.39,4.27,0.093,CATFISH
6.78,8.21,0.37,10.86,0.0,SALMON
7.33,17.23,0.07,8.69,0.0,TROUT
6.8,26.17,59.23,5.63,0.1,CATFISH
7.04,26.97,16.4,5.26,0.004,CARP
7.04,12.22,8.46,9.6,0.003,TROUT
7.02,12.34,9.19,9.42,0.002,TROUT
7.8,29.17,9.23,7.7,0.02,SHRIMP
6.93,27.53,83.15,3.65,0.092,CATFISH
7.64,26.68,16.22,6.03,0.004,SHRIMP
7.18,29.86,33.44,3.5,0.084,CATFISH
7.33,14.26,4.1,8.67,0.01,TROUT
8.41,21.49,18.33,6.46,0.013,ROHU
7.73,24.1,57.63,4.0,0.085,CATFISH
8.82,30.36,49.35,6.54,0.024,TILAPIA
8.0,30.4,19.86,5.53,0.02,SHRIMP
8.11,27.4,16.09,5.24,0.015,SHRIMP
7.77,20.63,25.58,4.49,0.014,CARP
7.28,22.27,44.81,5.77,0.082,CATFISH
7.13,18.33,14.41,7.6,0.034,CARP
6.81,15.19,4.31,7.34,0.003,TROUT
7.0,20.27,19.36,6.03,0.022,ROHU
8.2,28.22,44.31,6.17,0.017,ROHU
8.06,20.52,22.9,5.08,0.011,CARP
7.42,25.7,35.68,2.83,0.055,CATFISH
8.09,29.94,32.92,6.67,0.022,ROHU
8.2,25.89,15.69,7.96,0.019,SHRIMP
7.23,13.67,3.92,7.8,0.0,TROUT
7.16,23.72,31.64,4.95,0.034,CARP
8.12,22.51,39.11,5.92,0.044,ROHU
8.06,22.07,38.55,3.72,0.03,CATFISH
6.89,28.26,22.16,5.79,0.027,TILAPIA
7.55,25.93,14.7,6.46,0.012,SHRIMP
8.23,30.48,15.72,5.97,0.018,TILAPIA
8.2,26.83,11.21,7.03,0.007,SHRIMP
7.68,26.23,38.75,4.64,0.034,CARP
8.25,28.89,32.65,5.33,0.049,CATFISH
7.75,29.58,42.06,6.49,0.028,TILAPIA
7.25,31.93,12.17,4.32,0.026,TILAPIA
7.71,13.75,5.0,10.77,0.001,SALMON
6.85,28.47,11.84,6.75,0.003,TILAPIA
8.12,29.83,11.91,5.28,0.011,SHRIMP
7.52,26.6,39.58,5.38,0.024,TILAPIA
6.83,25.47,49.45,3.36,0.037,TILAPIA
8.04,23.13,85.61,4.87,0.083,CATFISH
6.61,12.78,6.53,9.06,0.005,TROUT
7.57,30.95,9.64,7.34,0.02,SHRIMP
6.24,23.96,98.46,4.12,0.053,CATFISH
6.71,10.06,1.58,10.16,0.002,SALMON
7.11,26.48,31.74,5.75,0.022,CARP
6.96,29.25,39.71,5.18,0.005,CATFISH
7.5,30.16,13.2,6.95,0.012,SHRIMP
8.23,26.05,23.17,7.62,0.029,CARP
6.89,15.72,0.26,7.04,0.005,TROUT
7.35,24.0,22.75,4.7,0.01,ROHU
7.97,22.48,24.98,6.27,0.005,ROHU
7.48,11.78,5.01,7.53,0.003,TROUT
7.68,9.59,0.42,8.54,0.002,SALMON
6.37,28.79,39.77,4.73,0.055,CATFISH
7.53,10.2,8.91,8.42,0.009,TROUT
7.29,26.76,35.17,7.15,0.025,CARP
7.2,22.57,11.31,4.25,0.006,CARP
7.15,23.38,15.26,6.95,0.006,ROHU
6.87,14.82,0.19,7.28,0.001,TROUT
7.33,31.59,44.23,3.6,0.021,TILAPIA
7.94,25.98,7.17,6.23,0.013,SHRIMP
7.14,13.77,4.8,9.83,0.005,SALMON
8.41,25.54,15.46,6.89,0.004,SHRIMP
7.1,29.74,13.08,5.54,0.047,TILAPIA
7.38,20.02,23.64,6.66,0.007,CARP
8.0,27.52,12.99,7.15,0.006,SHRIMP
8.69,26.91,46.85,3.43,0.047,TILAPIA
8.19,25.08,18.15,6.09,0.013,SHRIMP
8.35,25.88,31.98,7.22,0.017,CARP
7.8,19.66,35.97,4.27,0.006,CARP
7.01,11.22,2.69,9.37,0.001,SALMON
7.42,13.42,2.63,7.94,0.002,TROUT
6.56,10.29,1.97,8.08,0.002,TROUT
8.12,28.56,17.43,5.23,0.048,ROHU
7.74,16.56,7.28,8.84,0.004,TROUT
6.7,28.0,37.82,4.29,0.004,TILAPIA
6.86,30.08,14.31,4.49,0.003,TILAPIA
7.19,11.79,5.62,9.27,0.004,TROUT
8.15,29.94,46.08,3.43,0.052,CATFISH
6.37,29.97,55.41,5.32,0.072,CATFISH
7.45,27.39,19.91,6.1,0.029,ROHU
7.81,27.0,15.34,7.53,0.004,SHRIMP
7.2,18.71,30.0,7.08,0.022,CARP
7.9,25.51,29.71,6.96,0.009,ROHU
7.85,29.21,96.16,4.28,0.043,CATFISH
8.08,26.37,6.55,6.08,0.008,SHRIMP
7.73,30.64,9.41,5.87,0.018,SHRIMP
7.08,26.08,27.82,5.88,0.039,ROHU
6.06,24.29,40.86,3.7,0.021,CATFISH
7.22,18.19,27.8,4.05,0.023,CARP
7.69,26.65,11.58,4.66,0.013,CARP
7.5,29.68,17.59,6.29,0.018,SHRIMP
8.14,27.07,10.66,6.96,0.012,TILAPIA
7.63,25.95,12.53,7.82,0.014,SHRIMP
8.0,29.62,6.86,5.99,0.003,SHRIMP
7.52,28.95,66.72,3.07,0.099,CATFISH
7.84,26.36,14.75,7.99,0.015,SHRIMP
7.94,21.68,29.64,4.51,0.024,CARP
8.39,24.97,10.6,3.35,0.022,TILAPIA
8.04,25.57,8.49,5.94,0.013,SHRIMP
7.6,27.18,12.18,5.66,0.01,SHRIMP
7.92,8.57,1.34,9.92,0.009,SALMON
7.49,29.01,11.3,3.38,0.048,TILAPIA
8.72,27.93,23.82,7.0,0.005,TILAPIA
8.02,26.85,43.78,5.2,0.054,CATFISH
6.61,31.79,36.84,3.19,0.0,TILAPIA
7.56,26.29,48.44,6.03,0.041,TILAPIA
7.96,27.74,30.14,3.6,0.093,CATFISH
8.31,29.9,18.11,3.22,0.006,TILAPIA
8.15,29.58,45.2,4.66,0.015,TILAPIA
7.6,26.48,11.38,5.44,0.03,CARP
7.63,14.25,5.48,7.04,0.01,TROUT
8.38,24.3,25.3,6.07,0.037,CARP
8.02,19.55,19.86,4.07,0.049,CARP
6.4,26.15,90.13,2.59,0.085,CATFISH
8.12,31.88,15.63,5.52,0.047,TILAPIA
6.79,11.88,4.64,8.16,0.005,SALMON
7.46,28.6,31.63,7.24,0.021,ROHU
6.95,24.24,48.39,4.79,0.092,CATFISH
7.94,28.08,13.69,5.83,0.002,SHRIMP
7.58,26.15,35.32,5.86,0.025,TILAPIA
8.07,18.23,28.58,7.47,0.002,CARP
6.72,12.64,1.63,8.21,0.0,SALMON
7.03,25.66,35.58,6.46,0.013,ROHU
8.39,26.42,79.82,4.51,0.01,CATFISH
6.72,14.05,1.49,9.97,0.003,TROUT
7.35,16.36,9.49,9.08,0.003,TROUT
6.8,9.33,3.61,9.31,0.008,SALMON
7.96,22.06,45.75,4.06,0.071,CATFISH
6.19,27.91,88.71,3.22,0.007,CATFISH
7.5,25.92,38.84,7.02,0.02,ROHU
8.45,27.3,46.3,6.97,0.015,TILAPIA
8.4,29.92,6.87,6.93,0.003,SHRIMP
8.3,31.22,16.34,5.31,0.028,TILAPIA
8.05,29.99,6.29,6.2,0.005,SHRIMP
8.29,9.38,3.38,8.28,0.005,SALMON
8.35,26.93,35.56,4.83,0.036,ROHU
6.81,24.58,42.3,5.02,0.016,CATFISH
7.75,11.44,8.23,8.44,0.01,TROUT
6.63,30.76,24.48,4.83,0.026,TILAPIA
7.68,22.32,39.23,7.25,0.035,CARP
8.4,22.68,28.64,5.98,0.036,ROHU
8.08,13.54,1.5,8.87,0.003,SALMON
8.32,29.59,14.41,6.57,0.004,SHRIMP
6.87,25.27,43.26,4.16,0.009,TILAPIA
8.19,29.9,20.66,4.65,0.023,ROHU
6.13,25.82,96.64,4.38,0.041,CATFISH
6.82,13.1,6.82,8.01,0.003,TROUT
7.56,9.76,2.0,10.66,0.008,SALMON
7.91,28.4,7.97,5.04,0.007,SHRIMP
8.23,29.7,26.35,6.56,0.002,TILAPIA
7.65,27.47,38.3,4.57,0.035,CARP
7.53,30.58,15.72,7.44,0.013,SHRIMP
6.67,10.86,3.48,9.98,0.007,SALMON
8.09,25.3,9.32,6.81,0.009,SHRIMP
7.53,26.9,17.28,6.0,0.013,SHRIMP
8.39,26.08,10.39,7.25,0.02,SHRIMP
7.13,25.06,29.81,3.77,0.011,TILAPIA
8.37,21.37,12.85,7.66,0.008,CARP
8.72,30.34,26.59,5.97,0.02,TILAPIA
7.68,25.92,6.17,5.73,0.003,SHRIMP
7.64,8.25,1.48,10.07,0.005,SALMON
6.89,31.9,27.83,5.16,0.013,TILAPIA
7.33,22.62,86.0,4.79,0.076,CATFISH
8.01,20.12,11.5,7.72,0.012,CARP
7.88,27.96,31.64,4.09,0.002,TILAPIA
8.98,30.14,20.46,4.97,0.048,TILAPIA
7.52,9.43,4.35,10.4,0.004,SALMON
7.95,29.09,58.51,3.94,0.092,CATFISH
7.19,20.03,26.01,7.52,0.007,CARP
8.39,28.01,25.74,5.8,0.045,ROHU
8.38,28.72,16.06,6.39,0.003,SHRIMP
7.61,22.58,46.7,2.84,0.031,CATFISH
7.52,10.2,3.88,9.25,0.009,SALMON
7.5,12.31,3.74,7.71,0.009,TROUT
8.06,10.83,4.0,9.66,0.005,SALMON
8.27,28.68,6.82,5.32,0.005,SHRIMP
8.25,18.39,38.38,4.44,0.043,CARP
7.18,26.08,12.96,3.31,0.043,TILAPIA
7.25,30.28,28.3,5.92,0.032,TILAPIA
7.22,22.17,64.38,5.97,0.08,CATFISH
6.75,13.83,3.0,9.36,0.008,SALMON
7.69,16.79,5.29,7.06,0.009,TROUT
7.99,11.16,2.97,9.25,0.001,TROUT
7.69,26.08,39.69,6.07,0.006,ROHU
8.04,30.33,16.53,7.43,0.0,SHRIMP
8.31,13.46,1.28,8.73,0.004,SALMON
7.39,15.81,1.98,7.5,0.007,TROUT
7.89,25.11,33.85,6.79,0.035,CARP
7.82,20.11,35.48,4.11,0.033,CARP
7.43,15.49,7.15,9.61,0.009,TROUT
8.28,23.06,35.81,2.71,0.081,CATFISH
8.14,25.05,39.04,7.07,0.019,CARP
7.15,26.83,35.51,6.79,0.015,CARP
7.24,25.4,46.79,4.84,0.041,TILAPIA
7.22,27.56,86.98,5.0,0.03,CATFISH
6.92,14.94,7.09,8.84,0.006,TROUT
7.34,13.44,3.8,8.83,0.001,SALMON
7.94,29.69,33.45,4.85,0.045,ROHU
8.48,29.98,26.6,5.09,0.011,TILAPIA
8.45,25.42,99.85,3.38,0.012,CATFISH
6.47,26.67,94.99,3.82,0.014,CATFISH
7.76,29.89,34.85,5.51,0.016,TILAPIA
6.51,14.81,3.77,9.1,0.004,SALMON
7.7,11.32,2.09,9.22,0.006,SALMON
8.31,25.53,27.91,5.21,0.03,ROHU
7.97,25.1,17.17,7.38,0.014,SHRIMP
8.13,28.23,23.29,6.64,0.005,ROHU
7.5,18.2,20.24,7.28,0.023,CARP
8.34,22.29,63.99,3.06,0.027,CATFISH
7.06,8.14,1.42,10.88,0.004,SALMON
8.45,28.66,10.81,6.83,0.015,SHRIMP
7.56,26.3,28.67,6.08,0.049,ROHU
8.41,22.3,55.53,3.59,0.098,CATFISH
7.11,23.6,29.36,7.28,0.003,CARP
8.36,28.73,32.29,6.16,0.008,ROHU
6.71,14.62,0.94,7.89,0.002,TROUT
6.18,29.24,43.39,3.41,0.087,CATFISH
6.52,26.11,18.61,5.74,0.043,TILAPIA
7.58,25.99,10.15,6.32,0.026,CARP
7.86,29.96,15.8,6.01,0.049,ROHU
7.86,27.02,14.43,6.81,0.011,SHRIMP
7.79,27.86,44.97,5.43,0.034,ROHU
8.14,27.2,62.07,3.59,0.097,CATFISH
7.69,20.35,38.69,4.87,0.021,ROHU
6.51,23.67,35.31,4.76,0.037,CATFISH
7.48,12.37,1.62,9.88,0.001,TROUT
6.55,12.47,4.31,10.17,0.002,SALMON
7.95,22.82,50.36,3.45,0.053,CATFISH
8.13,12.78,4.31,8.67,0.006,SALMON
7.51,26.52,16.03,7.75,0.003,SHRIMP
6.08,25.92,71.74,5.09,0.009,CATFISH
6.88,11.76,0.21,9.93,0.003,TROUT
7.15,10.51,3.47,7.33,0.002,TROUT
8.08,23.06,41.11,6.4,0.029,ROHU
8.34,25.44,15.4,5.88,0.01,SHRIMP
8.16,12.34,2.26,9.36,0.005,SALMON
6.75,11.72,4.06,9.53,0.0,SALMON
7.37,15.34,4.54,8.07,0.001,TROUT
7.78,25.07,10.32,6.73,0.006,SHRIMP
8.01,26.2,15.91,5.27,0.019,SHRIMP
6.68,13.0,4.51,8.96,0.003,SALMON
8.25,25.78,14.24,6.44,0.009,SHRIMP
8.3,26.6,6.63,5.65,0.01,SHRIMP
7.86,26.41,19.52,7.37,0.015,SHRIMP
6.88,8.13,3.88,8.83,0.001,SALMON
7.14,28.16,39.81,6.04,0.029,ROHU
8.05,29.23,7.53,7.25,0.002,SHRIMP
7.82,25.56,50.51,5.33,0.044,CATFISH
6.42,26.27,73.77,3.97,0.027,CATFISH
6.69,15.14,4.78,7.07,0.01,TROUT
8.96,31.42,11.71,5.21,0.032,TILAPIA
7.6,26.02,9.67,5.25,0.002,SHRIMP
7.6,16.32,0.78,9.4,0.009,TROUT
7.92,14.31,3.0,8.53,0.001,TROUT
7.48,26.05,67.5,4.81,0.054,CATFISH
6.23,23.51,69.9,4.32,0.001,CATFISH
7.44,25.98,59.25,4.19,0.014,CATFISH
8.16,24.15,21.12,6.04,0.024,TILAPIA
7.31,27.51,18.69,6.24,0.029,TILAPIA
6.0,27.1,45.54,3.01,0.06,CATFISH
7.18,13.38,2.18,9.89,0.002,TROUT
6.63,17.95,5.56,9.44,0.006,TROUT
6.7,23.14,74.8,4.17,0.059,CATFISH
8.43,26.76,42.58,5.1,0.025,ROHU
7.39,28.54,18.29,5.89,0.015,TILAPIA
7.64,28.07,49.19,3.92,0.035,CATFISH
8.12,26.85,7.46,7.23,0.004,SHRIMP
8.22,27.74,18.08,6.63,0.004,SHRIMP
8.67,27.88,15.43,5.43,0.047,TILAPIA
7.48,23.05,28.09,6.97,0.041,CARP
7.17,20.54,19.22,7.44,0.029,CARP
7.95,29.44,14.41,6.45,0.005,SHRIMP
8.48,28.18,84.45,5.14,0.064,CATFISH
7.18,12.23,2.98,8.11,0.003,TROUT
7.25,27.21,27.66,4.98,0.005,ROHU
7.84,22.89,13.67,7.34,0.028,CARP
8.42,18.83,24.75,6.82,0.04,CARP
7.78,16.14,0.78,8.38,0.003,TROUT
7.82,15.51,6.66,8.03,0.002,TROUT
8.49,27.72,17.12,5.43,0.031,TILAPIA
7.68,27.97,14.58,6.17,0.018,SHRIMP
8.26,28.81,5.05,5.37,0.015,SHRIMP
8.49,14.62,0.47,9.25,0.001,SALMON
7.92,18.89,16.46,6.55,0.04,CARP
8.3,18.5,34.45,6.49,0.007,CARP
7.06,12.16,7.46,8.2,0.007,TROUT
6.93,15.17,1.1,8.9,0.007,TROUT
6.76,14.94,0.26,8.21,0.001,SALMON
7.83,26.65,23.74,6.53,0.02,ROHU
7.6,26.1,77.27,5.67,0.059,CATFISH
7.3,27.43,32.33,6.36,0.001,CARP
7.05,23.19,28.98,6.65,0.033,CARP
7.1,10.76,1.64,8.28,0.006,TROUT
8.14,26.26,17.89,7.16,0.015,SHRIMP
7.5,21.62,18.33,5.44,0.013,CARP
6.79,12.44,2.27,7.94,0.002,TROUT
7.38,24.85,90.96,3.54,0.087,CATFISH
7.73,27.51,11.93,5.8,0.003,SHRIMP
7.3,27.18,20.76,5.41,0.002,TILAPIA
6.63,25.43,90.33,5.88,0.038,CATFISH
8.29,23.16,50.82,3.21,0.057,CATFISH
6.9,25.29,29.83,5.69,0.016,TILAPIA
8.35,26.82,5.14,5.45,0.01,SHRIMP
6.9,17.44,1.99,7.41,0.009,TROUT
6.69,29.43,32.44,4.44,0.004,TILAPIA
8.46,25.82,13.58,5.11,0.014,SHRIMP
6.78,10.73,3.55,9.0,0.001,TROUT
6.62,27.06,14.31,6.06,0.019,TILAPIA
7.31,16.74,3.49,7.25,0.001,TROUT
8.96,30.83,28.3,3.42,0.033,TILAPIA
7.61,21.38,15.07,4.36,0.041,CARP
6.9,14.27,9.5,9.77,0.003,TROUT
7.63,26.02,15.76,5.84,0.002,SHRIMP
7.39,12.35,2.68,8.66,0.008,SALMON
7.36,11.08,8.01,8.59,0.006,TROUT
7.75,12.75,2.02,9.8,0.002,SALMON
7.17,12.37,3.37,8.73,0.009,TROUT
7.16,28.68,38.28,6.16,0.003,ROHU
8.08,28.51,11.76,6.24,0.019,SHRIMP
7.95,30.27,12.51,5.83,0.014,SHRIMP
7.9,15.97,0.5,9.49,0.005,TROUT
7.04,15.82,9.04,7.34,0.0,TROUT
8.1,27.32,8.21,6.02,0.011,SHRIMP
8.13,26.0,13.75,5.62,0.004,SHRIMP
8.49,29.36,90.41,2.7,0.062,CATFISH
8.2,28.56,41.93,5.25,0.099,CATFISH
8.78,24.53,22.48,5.52,0.047,TILAPIA
8.36,22.59,69.82,5.75,0.093,CATFISH
7.68,26.14,73.62,4.44,0.064,CATFISH
7.34,28.53,64.73,2.71,0.081,CATFISH
6.95,28.33,38.84,5.59,0.008,TILAPIA
7.41,21.99,37.82,5.37,0.007,ROHU
7.9,12.08,3.41,9.31,0.005,SALMON
7.89,26.49,5.63,5.92,0.012,SHRIMP
6.62,27.13,46.99,3.18,0.009,TILAPIA
7.41,25.49,42.63,5.23,0.027,TILAPIA
7.22,27.85,25.34,4.04,0.042,CARP
8.64,28.53,45.58,4.02,0.033,TILAPIA
7.49,8.47,4.88,10.03,0.01,SALMON
7.76,29.24,9.48,6.78,0.016,SHRIMP
7.87,28.2,17.89,4.97,0.014,ROHU
7.93,14.99,2.16,10.54,0.001,SALMON
7.81,24.91,24.71,3.31,0.023,TILAPIA
8.15,22.01,49.18,4.75,0.092,CATFISH
7.43,11.62,5.0,10.09,0.001,SALMON
8.01,21.17,37.57,7.15,0.044,CARP
7.69,16.37,2.81,8.77,0.002,TROUT
7.9,30.25,19.39,6.0,0.004,SHRIMP
7.91,25.8,19.92,5.07,0.011,SHRIMP
7.56,17.87,1.56,9.09,0.006,TROUT
7.81,17.45,3.55,9.87,0.003,TROUT
7.98,25.79,9.77,5.34,0.001,SHRIMP
7.32,23.8,33.34,7.52,0.017,CARP
6.56,12.67,3.35,10.71,0.001,SALMON
8.23,29.04,14.93,7.17,0.012,SHRIMP
6.9,10.36,4.97,9.14,0.003,TROUT
6.64,26.6,41.94,5.71,0.016,CATFISH
7.67,15.23,6.53,8.42,0.004,TROUT
6.95,8.97,1.06,8.23,0.002,SALMON
8.01,30.05,14.7,5.38,0.011,SHRIMP
7.27,21.04,13.71,7.29,0.038,CARP
6.26,24.8,48.89,3.02,0.08,CATFISH
7.8,9.31,3.87,9.72,0.004,SALMON
7.59,28.51,46.08,4.96,0.017,TILAPIA
7.41,15.26,6.56,8.58,0.003,TROUT
7.13,25.39,50.88,3.11,0.026,CATFISH
8.32,12.42,2.34,9.33,0.01,SALMON
7.14,25.88,20.67,5.67,0.028,ROHU
7.05,10.98,2.5,10.27,0.003,SALMON
7.79,26.59,35.78,6.4,0.032,TILAPIA
7.56,12.0,4.15,7.46,0.001,TROUT
6.26,26.52,43.62,4.24,0.064,CATFISH
8.41,26.16,8.66,7.56,0.011,SHRIMP
6.12,24.18,91.53,5.16,0.0,CATFISH
8.34,29.64,17.13,6.52,0.012,TILAPIA
8.36,21.27,29.26,5.8,0.018,CARP
7.75,14.24,2.05,9.64,0.001,TROUT
7.56,22.6,39.27,6.06,0.008,ROHU
7.44,17.12,1.6,8.39,0.003,TROUT
8.56,24.54,27.72,4.72,0.031,TILAPIA
8.29,9.68,1.65,8.93,0.007,SALMON
7.82,28.68,22.85,7.09,0.026,ROHU
8.23,22.96,36.58,4.79,0.039,CATFISH
8.1,24.45,32.49,3.95,0.004,TILAPIA
7.68,25.72,21.25,5.89,0.024,ROHU
7.59,11.92,4.19,9.16,0.004,SALMON
7.8,10.19,2.76,10.49,0.008,SALMON
7.19,19.63,18.75,6.68,0.013,CARP
7.96,28.63,72.69,5.1,0.065,CATFISH
7.33,12.78,2.2,8.99,0.009,TROUT
7.23,26.94,33.69,7.33,0.017,ROHU
7.24,24.07,28.98,6.79,0.031,ROHU
7.96,23.63,51.5,2.96,0.062,CATFISH
6.52,10.7,5.95,9.91,0.0,TROUT
8.18,24.59,36.91,5.77,0.021,CARP
6.22,24.87,73.16,2.56,0.047,CATFISH
8.29,29.03,34.87,5.33,0.011,ROHU
8.38,24.98,31.73,4.92,0.006,CARP
7.64,12.03,3.7,9.19,0.009,SALMON
7.95,13.2,2.07,10.5,0.009,SALMON
8.04,30.8,6.91,6.17,0.005,SHRIMP
7.54,21.49,17.89,4.51,0.008,CARP
7.72,24.98,27.74,5.94,0.01,CARP
7.81,27.11,37.24,5.39,0.044,CARP
8.2,22.11,11.58,5.01,0.041,CARP
8.43,26.73,12.23,7.4,0.039,CARP
6.84,22.64,72.32,5.96,0.006,CATFISH
7.8,17.44,0.02,9.74,0.008,TROUT
7.93,24.8,39.69,6.43,0.04,TILAPIA
7.68,31.2,38.43,3.56,0.013,TILAPIA
7.92,27.59,11.57,7.35,0.012,SHRIMP
7.13,11.66,2.52,10.1,0.005,SALMON
8.26,11.17,3.83,8.8,0.009,SALMON
6.18,22.72,78.03,4.1,0.088,CATFISH
7.37,28.0,34.67,6.86,0.048,CARP
7.4,25.87,19.53,4.98,0.009,CARP
6.39,24.3,87.58,5.22,0.047,CATFISH
8.19,8.41,4.93,9.25,0.003,SALMON
7.08,20.21,17.79,6.54,0.001,CARP
8.27,25.92,44.75,7.03,0.034,ROHU
6.75,28.26,75.21,3.3,0.098,CATFISH
7.14,25.32,15.03,6.33,0.045,ROHU
7.27,14.41,3.52,8.41,0.004,SALMON
7.42,16.12,4.58,7.88,0.005,TROUT
8.39,23.1,28.83,6.46,0.025,ROHU
8.41,23.71,49.82,4.97,0.053,CATFISH
7.72,20.09,19.37,6.08,0.007,CARP
7.55,11.48,2.81,9.18,0.001,SALMON
8.48,19.32,23.01,7.04,0.026,CARP
7.09,27.86,18.78,6.97,0.034,ROHU
8.17,9.63,4.31,10.51,0.007,SALMON
7.27,21.81,39.37,5.96,0.048,CARP
6.6,29.63,56.96,2.84,0.052,CATFISH
7.81,16.09,2.32,8.0,0.003,TROUT
8.08,30.64,10.18,5.34,0.007,SHRIMP
7.99,23.32,44.75,4.83,0.023,ROHU
7.98,30.39,6.12,5.23,0.019,SHRIMP
6.72,17.12,8.54,8.61,0.002,TROUT
7.86,23.95,81.22,3.94,0.067,CATFISH
6.53,13.49,9.24,9.3,0.01,TROUT
8.04,11.15,1.09,8.58,0.004,SALMON
7.89,24.81,34.88,5.43,0.003,CATFISH
7.84,12.87,6.74,8.74,0.002,TROUT
7.4,15.36,0.03,7.26,0.007,TROUT
8.11,24.67,17.84,5.49,0.015,ROHU
6.78,15.19,4.34,7.58,0.004,TROUT
7.12,23.08,58.55,3.06,0.096,CATFISH
7.0,25.3,34.69,4.76,0.024,CARP
7.28,28.25,41.76,6.35,0.031,ROHU
6.15,26.66,35.55,4.83,0.018,CATFISH
7.78,29.79,33.21,4.69,0.037,ROHU
6.52,29.71,48.17,3.77,0.007,TILAPIA
7.77,29.65,13.71,6.28,0.001,SHRIMP
6.81,12.84,9.47,8.82,0.01,TROUT
6.85,12.67,0.89,8.33,0.005,TROUT
8.37,30.9,15.01,5.78,0.005,SHRIMP
7.84,27.05,10.08,5.8,0.016,SHRIMP
7.79,25.8,9.35,6.0,0.015,SHRIMP
8.02,27.9,6.32,6.59,0.002,SHRIMP
7.65,26.91,22.76,4.1,0.048,CARP
7.93,27.76,12.43,3.05,0.017,TILAPIA
7.97,19.25,30.64,6.3,0.008,CARP
8.33,26.4,14.54,6.13,0.001,SHRIMP
8.29,28.03,13.09,6.64,0.045,TILAPIA
7.65,30.07,18.01,7.18,0.001,SHRIMP
7.69,29.81,10.51,6.14,0.0,SHRIMP
7.42,19.42,34.68,4.77,0.045,CARP
7.39,28.21,31.15,5.0,0.06,CATFISH
6.93,13.81,1.25,9.47,0.002,SALMON
8.09,25.54,37.82,5.32,0.03,CARP
8.35,29.13,18.07,5.14,0.019,SHRIMP
8.19,22.69,18.72,5.27,0.038,ROHU
7.31,13.55,4.37,10.21,0.009,SALMON
6.84,26.78,18.68,4.51,0.032,TILAPIA
8.33,31.47,24.92,4.64,0.001,TILAPIA
8.41,30.59,35.72,5.81,0.04,TILAPIA
7.57,12.53,2.77,10.25,0.009,SALMON
7.81,20.76,37.95,7.42,0.023,CARP
7.63,25.09,19.63,5.94,0.049,TILAPIA
7.36,11.76,4.98,8.04,0.005,SALMON
8.77,29.19,21.62,4.03,0.029,TILAPIA
7.22,12.31,0.97,8.8,0.009,TROUT
7.57,12.59,2.08,10.95,0.006,SALMON
7.2,21.78,22.31,5.81,0.025,CARP
7.13,24.35,37.83,5.44,0.067,CATFISH
7.04,25.21,44.4,2.76,0.029,CATFISH
7.99,11.46,0.19,7.39,0.009,TROUT
7.49,31.34,34.45,6.3,0.034,TILAPIA
7.81,27.04,50.74,2.68,0.024,CATFISH
7.93,28.22,36.32,6.83,0.03,ROHU
7.82,14.08,2.32,8.64,0.008,SALMON
7.55,25.62,17.37,6.83,0.012,SHRIMP
8.34,25.93,31.17,5.86,0.001,CATFISH
7.28,30.5,12.75,4.38,0.039,TILAPIA
7.32,25.0,29.13,4.98,0.006,CARP
7.8,12.36,2.04,10.0,0.001,SALMON
7.46,22.25,76.75,3.01,0.041,CATFISH
7.11,16.54,4.92,9.39,0.008,TROUT
7.63,28.51,9.53,5.78,0.016,SHRIMP
7.29,14.64,9.69,7.85,0.004,TROUT
8.04,29.29,13.82,7.06,0.013,SHRIMP
7.54,16.88,0.3,7.58,0.006,TROUT
8.4,21.27,28.43,7.59,0.003,CARP
6.38,27.96,41.86,3.93,0.055,CATFISH
8.1,31.86,16.66,3.93,0.015,TILAPIA
7.44,21.49,31.04,7.99,0.025,CARP
7.37,29.47,39.31,6.56,0.016,ROHU
8.47,29.35,7.05,6.66,0.012,SHRIMP
8.0,10.39,1.36,9.36,0.01,TROUT
6.93,24.88,34.42,5.82,0.017,TILAPIA
8.26,24.93,36.73,5.86,0.01,ROHU
6.99,11.03,4.4,8.09,0.008,TROUT
7.91,26.97,15.68,4.3,0.038,CARP
7.66,29.62,44.02,6.63,0.039,ROHU
7.31,24.81,25.96,4.11,0.0,CARP
6.74,15.07,7.72,9.5,0.007,TROUT
8.34,23.06,84.44,5.86,0.096,CATFISH
7.86,20.35,42.11,6.03,0.01,ROHU
8.19,25.49,11.6,6.62,0.005,SHRIMP
7.82,28.47,99.98,4.39,0.085,CATFISH
7.61,30.22,10.68,5.68,0.008,SHRIMP
6.99,11.58,0.37,9.3,0.009,TROUT
7.69,23.75,30.02,3.67,0.019,CATFISH
7.93,27.43,95.88,3.57,0.015,CATFISH
6.37,24.77,81.17,5.0,0.004,CATFISH
7.06,25.95,47.91,5.87,0.034,CATFISH
8.17,30.26,41.66,3.15,0.047,TILAPIA
8.29,12.31,2.42,10.19,0.002,SALMON
6.31,25.48,90.96,5.65,0.059,CATFISH
7.98,14.21,1.54,8.82,0.004,TROUT
7.72,20.6,26.93,7.32,0.021,ROHU
7.58,21.08,28.45,4.62,0.036,CARP
8.18,27.86,8.71,6.15,0.0,SHRIMP
7.99,26.62,16.2,5.73,0.002,SHRIMP
6.92,14.8,8.08,9.36,0.009,TROUT
7.47,31.14,27.61,4.64,0.021,TILAPIA
8.15,28.94,17.12,6.41,0.036,ROHU
7.33,25.97,60.45,3.52,0.099,CATFISH
7.55,30.73,11.79,5.91,0.017,SHRIMP
7.68,25.59,20.45,3.57,0.024,TILAPIA
6.89,30.27,15.54,4.44,0.024,TILAPIA
8.13,29.49,8.66,5.71,0.008,SHRIMP
8.02,25.86,38.59,5.15,0.007,CATFISH
7.62,24.85,58.96,3.4,0.071,CATFISH
7.01,29.37,16.92,6.75,0.035,ROHU
7.83,22.78,17.2,5.08,0.039,ROHU
8.24,11.74,4.75,8.46,0.007,SALMON
7.98,29.84,78.9,4.29,0.017,CATFISH
7.05,11.98,2.21,8.6,0.008,SALMON
7.82,14.52,2.46,10.16,0.006,SALMON
7.83,25.93,25.34,5.76,0.014,TILAPIA
7.32,12.1,8.7,7.86,0.001,TROUT
6.95,30.75,49.84,4.56,0.022,TILAPIA
6.68,15.1,8.48,9.01,0.001,TROUT
8.14,28.23,16.33,5.46,0.009,SHRIMP
8.24,9.16,0.31,10.44,0.001,SALMON
8.1,26.06,20.95,6.51,0.042,ROHU
7.49,22.49,84.49,5.28,0.01,CATFISH
7.98,27.11,49.12,5.38,0.091,CATFISH
6.85,13.3,4.73,8.49,0.004,SALMON
6.89,25.13,12.84,5.73,0.016,TILAPIA
6.89,13.24,2.3,8.34,0.003,SALMON
7.6,12.17,2.27,8.17,0.006,SALMON
6.9,14.28,3.68,8.85,0.005,SALMON
7.66,11.47,1.96,8.45,0.01,SALMON
7.33,26.23,23.58,6.0,0.017,TILAPIA
6.54,12.96,1.02,10.52,0.007,SALMON
8.41,26.62,24.31,5.81,0.01,ROHU
8.12,19.56,11.04,5.38,0.028,CARP
7.63,27.64,7.68,5.21,0.012,SHRIMP
6.16,22.26,40.22,5.57,0.028,CATFISH
8.07,25.71,38.26,5.16,0.027,TILAPIA
7.89,20.89,18.62,4.35,0.028,CARP
7.93,10.85,0.47,10.17,0.002,SALMON
7.36,21.17,39.76,5.44,0.026,CARP
6.82,12.19,0.02,8.55,0.006,SALMON
8.54,27.14,38.57,6.54,0.022,TILAPIA
8.44,26.96,44.2,5.79,0.039,TILAPIA
7.44,8.78,4.43,8.72,0.004,SALMON
8.18,26.03,17.24,7.27,0.018,SHRIMP
6.53,13.25,9.5,9.44,0.002,TROUT
7.92,29.27,17.83,4.55,0.048,ROHU
6.84,14.53,1.88,8.17,0.002,TROUT
7.44,13.65,4.83,9.87,0.006,SALMON
7.95,26.74,11.19,7.51,0.02,SHRIMP
7.22,14.8,0.03,8.91,0.006,SALMON
7.16,12.65,1.71,10.71,0.008,SALMON
6.57,16.36,2.13,8.9,0.006,TROUT
6.56,17.93,9.35,9.9,0.005,TROUT
7.01,30.77,24.63,5.98,0.017,TILAPIA
8.0,26.46,73.37,4.98,0.069,CATFISH
7.19,27.13,74.63,3.11,0.05,CATFISH
7.89,20.08,40.64,6.75,0.048,ROHU
6.4,25.14,85.65,5.74,0.092,CATFISH
7.05,19.96,36.31,5.87,0.043,CARP
6.82,25.36,49.07,3.64,0.096,CATFISH
7.41,13.58,0.29,9.44,0.006,SALMON
7.93,13.68,3.85,8.08,0.004,TROUT
8.29,25.63,33.3,5.29,0.005,CARP
6.83,15.16,3.26,7.05,0.009,TROUT
7.23,13.11,3.59,8.08,0.009,SALMON
8.41,28.07,12.49,6.35,0.018,SHRIMP
7.92,21.18,37.46,4.68,0.034,CARP
7.69,25.37,36.05,4.45,0.013,CARP
7.32,27.93,22.55,4.29,0.001,CARP
7.63,28.04,20.05,5.81,0.009,ROHU
8.06,24.19,32.19,5.36,0.036,ROHU
8.35,27.85,14.61,7.56,0.007,SHRIMP
8.08,9.9,4.79,8.05,0.004,SALMON
6.04,22.65,37.01,5.63,0.056,CATFISH
7.73,26.07,10.21,6.92,0.012,SHRIMP
7.85,25.57,38.61,5.14,0.009,TILAPIA
7.78,28.35,17.35,6.65,0.017,SHRIMP
7.1,11.54,3.57,9.81,0.001,SALMON
8.06,20.38,44.01,7.18,0.045,ROHU
8.38,19.47,29.64,6.58,0.005,CARP
7.81,22.75,29.52,4.86,0.004,CARP
7.91,21.89,31.05,7.33,0.025,CARP
7.56,27.79,24.38,3.73,0.038,TILAPIA
7.21,25.29,33.33,6.98,0.042,ROHU
7.65,28.23,12.82,7.13,0.02,SHRIMP
7.48,27.56,27.14,6.58,0.018,CARP
8.06,9.26,4.87,9.28,0.005,SALMON
7.08,25.17,23.38,4.72,0.039,ROHU
6.87,31.62,36.57,6.95,0.0,TILAPIA
8.31,28.23,6.32,6.41,0.011,SHRIMP
7.65,23.44,38.87,7.06,0.042,ROHU
7.79,20.14,34.53,7.62,0.005,CARP
8.28,27.96,30.81,4.62,0.034,CARP
8.42,23.78,55.35,3.08,0.005,CATFISH
7.68,28.07,18.21,7.05,0.014,SHRIMP
7.85,26.24,16.0,7.44,0.018,SHRIMP
7.23,19.07,25.53,4.75,0.05,CARP
7.4,9.14,3.41,9.89,0.008,SALMON
6.78,10.43,7.22,8.32,0.002,TROUT
7.72,13.67,1.87,9.62,0.008,TROUT
7.29,14.17,1.91,8.76,0.006,TROUT
7.27,24.24,11.15,4.28,0.009,CARP
7.72,12.22,3.37,8.69,0.007,SALMON
6.59,27.96,31.8,6.74,0.036,TILAPIA
8.3,27.55,12.77,6.17,0.011,SHRIMP
7.79,30.88,5.35,7.71,0.015,SHRIMP
8.06,12.43,2.12,8.37,0.003,SALMON
7.43,15.26,5.91,8.17,0.008,TROUT
7.08,29.89,43.19,5.05,0.03,ROHU
7.29,24.84,33.59,5.63,0.003,CARP
6.56,8.42,4.91,9.48,0.005,SALMON
7.58,14.01,8.2,7.65,0.005,TROUT
6.71,28.66,78.15,5.05,0.007,CATFISH
7.96,31.18,37.75,6.35,0.02,TILAPIA
8.54,31.43,16.73,7.0,0.05,TILAPIA
7.05,24.92,36.77,4.7,0.005,ROHU
7.18,26.14,41.23,5.91,0.04,ROHU
8.23,21.79,35.31,6.89,0.018,CARP
7.36,22.85,33.16,7.62,0.037,CARP
7.55,22.56,58.44,4.78,0.041,CATFISH
7.57,27.12,30.03,6.68,0.007,CARP
7.17,11.9,7.24,7.32,0.005,TROUT
6.9,28.51,26.21,4.92,0.027,TILAPIA
7.31,29.57,11.23,4.24,0.0,TILAPIA
7.85,22.95,37.89,7.01,0.002,CARP
7.59,25.58,6.29,5.17,0.014,SHRIMP
8.47,21.43,25.71,5.33,0.04,ROHU
7.85,29.98,40.77,6.04,0.021,ROHU
7.08,10.85,4.12,9.68,0.002,SALMON
7.77,22.73,19.17,4.72,0.0,CARP
7.07,17.8,9.22,9.26,0.004,TROUT
7.52,14.86,3.39,7.66,0.006,TROUT
7.77,28.5,47.94,3.57,0.024,TILAPIA
6.38,22.36,38.99,3.69,0.096,CATFISH
7.59,25.9,8.4,6.0,0.009,SHRIMP
7.25,29.04,18.99,6.03,0.026,ROHU
7.03,19.36,15.12,4.25,0.032,CARP
8.13,24.01,44.85,3.77,0.05,TILAPIA
6.9,10.13,1.03,9.47,0.004,TROUT
8.29,21.24,28.73,5.83,0.035,ROHU
7.6,26.13,15.09,7.18,0.013,SHRIMP
8.22,27.67,9.14,5.93,0.017,SHRIMP
7.01,22.66,25.44,7.38,0.011,ROHU
6.91,22.59,46.65,5.74,0.09,CATFISH
6.57,24.02,70.96,4.91,0.047,CATFISH
7.08,13.34,1.09,8.43,0.008,TROUT
7.73,14.29,5.68,9.92,0.004,TROUT
7.84,17.15,3.82,8.98,0.008,TROUT
7.93,29.58,13.72,5.77,0.018,SHRIMP
7.58,29.85,15.82,5.89,0.012,SHRIMP
6.65,8.63,1.04,8.56,0.001,SALMON
8.34,26.11,44.08,5.42,0.027,CATFISH
6.65,26.87,34.14,4.81,0.051,CATFISH
8.46,28.77,36.6,5.8,0.011,ROHU
7.06,23.78,21.92,5.55,0.02,ROHU
8.15,28.88,16.82,6.01,0.019,SHRIMP
8.11,22.95,39.34,6.55,0.012,ROHU
8.52,29.68,11.27,3.01,0.038,TILAPIA
7.9,28.84,5.63,5.67,0.01,SHRIMP
8.28,25.46,31.15,6.42,0.042,TILAPIA
8.51,27.1,29.23,5.11,0.03,TILAPIA
7.94,22.4,18.38,5.26,0.047,CARP
7.5,28.08,9.12,6.93,0.01,SHRIMP
6.87,23.93,61.18,3.69,0.094,CATFISH
7.37,13.88,6.76,8.04,0.006,TROUT
7.98,27.25,9.99,5.24,0.009,SHRIMP
7.13,28.87,14.66,6.05,0.023,TILAPIA
8.4,25.19,8.57,6.33,0.006,SHRIMP
7.59,12.6,2.46,7.61,0.0,TROUT
6.92,9.49,3.99,8.58,0.009,SALMON
7.13,26.74,15.07,5.35,0.047,TILAPIA
8.05,28.87,19.88,6.55,0.017,SHRIMP
7.03,11.39,1.01,10.25,0.007,SALMON
8.75,25.6,15.6,4.75,0.025,TILAPIA
7.14,16.3,3.6,7.77,0.007,TROUT
8.29,24.72,41.81,5.12,0.043,ROHU
7.29,22.39,33.02,6.09,0.049,CARP
8.27,27.77,31.98,6.53,0.01,ROHU
7.4,28.28,20.02,5.4,0.046,ROHU
7.43,27.94,24.26,6.0,0.021,ROHU
8.08,27.71,6.71,6.03,0.018,SHRIMP
7.87,15.74,6.33,7.42,0.001,TROUT
8.32,22.24,36.13,6.18,0.023,ROHU
7.86,20.44,38.14,6.68,0.027,CARP
6.74,13.68,4.82,9.2,0.002,TROUT
7.65,20.78,16.85,6.64,0.013,ROHU
8.38,24.69,20.39,4.4,0.035,CARP
7.23,11.08,3.2,8.23,0.001,TROUT
7.94,28.33,42.52,6.17,0.039,ROHU
8.47,24.97,11.9,4.58,0.045,TILAPIA
7.43,17.06,7.09,9.79,0.008,TROUT
8.38,28.03,19.37,5.9,0.009,SHRIMP
8.22,18.22,14.5,4.42,0.002,CARP
6.7,27.83,39.93,3.93,0.012,CATFISH
7.93,21.68,35.78,4.67,0.043,ROHU
8.17,18.67,22.4,5.25,0.045,CARP
6.9,15.34,0.19,9.44,0.002,TROUT
7.39,15.43,4.26,9.71,0.003,TROUT
7.47,26.47,39.43,6.63,0.027,CARP
7.58,29.49,26.6,4.74,0.015,ROHU
7.14,27.17,22.99,6.74,0.026,ROHU
8.43,25.37,96.34,4.8,0.015,CATFISH
7.44,28.37,40.01,4.91,0.036,ROHU
8.99,24.24,28.84,3.98,0.049,TILAPIA
7.51,17.68,6.68,8.62,0.002,TROUT
7.92,26.19,41.77,6.65,0.039,ROHU
6.43,23.21,60.52,2.66,0.068,CATFISH
6.35,28.77,56.9,3.16,0.014,CATFISH
8.37,28.12,12.15,7.33,0.013,SHRIMP
8.51,31.99,28.69,4.52,0.02,TILAPIA
7.44,20.39,40.51,5.11,0.039,ROHU
7.63,25.9,81.27,4.15,0.016,CATFISH
8.01,23.26,34.93,7.9,0.02,CARP
8.59,26.37,17.83,3.8,0.041,TILAPIA
7.5,9.36,3.26,10.4,0.006,SALMON
6.84,12.19,3.16,9.86,0.007,SALMON
8.24,20.79,26.93,5.61,0.046,ROHU
6.72,25.46,90.29,4.38,0.047,CATFISH
7.27,14.72,7.62,9.09,0.007,TROUT
7.08,13.22,0.72,7.42,0.01,TROUT
6.52,30.47,13.48,5.83,0.031,TILAPIA
6.43,23.48,49.98,5.65,0.038,CATFISH
8.1,10.54,3.2,8.37,0.009,SALMON
7.11,27.45,25.87,3.97,0.006,TILAPIA
6.95,9.5,2.7,8.71,0.001,SALMON
7.93,22.34,18.31,4.72,0.005,ROHU
8.42,11.47,1.79,8.95,0.004,SALMON
7.22,29.49,39.33,5.16,0.015,ROHU
8.43,11.58,0.4,8.31,0.004,SALMON
7.73,18.31,32.24,7.71,0.05,CARP
8.29,29.84,18.98,4.69,0.046,ROHU
7.53,25.63,7.95,6.37,0.0,SHRIMP
8.62,27.15,20.91,4.96,0.043,TILAPIA
7.72,23.0,26.03,7.41,0.012,ROHU
7.73,26.74,39.27,5.42,0.061,CATFISH
7.73,21.14,23.61,5.22,0.038,ROHU
7.15,30.21,40.15,6.33,0.035,TILAPIA
7.14,20.26,25.62,7.2,0.034,CARP
7.35,30.02,37.14,3.83,0.041,TILAPIA
7.2,26.83,33.63,5.17,0.011,TILAPIA
8.43,26.52,19.63,6.14,0.008,SHRIMP
6.63,10.59,7.21,9.37,0.001,TROUT
8.28,31.19,19.74,4.99,0.029,TILAPIA
6.71,17.37,2.1,7.46,0.01,TROUT
7.47,25.48,39.53,4.08,0.038,TILAPIA
6.72,25.93,13.97,4.95,0.048,TILAPIA
7.82,9.71,0.57,9.99,0.006,SALMON
8.37,12.85,2.51,8.87,0.009,SALMON
8.38,11.58,0.97,10.84,0.0,SALMON
7.86,25.85,99.26,3.9,0.01,CATFISH
8.01,8.88,2.52,10.04,0.004,SALMON
7.42,21.85,22.87,5.64,0.02,CARP
7.79,24.79,41.52,6.76,0.025,TILAPIA
7.75,14.78,0.01,8.96,0.003,SALMON
7.3,22.52,74.38,5.54,0.025,CATFISH
7.92,23.81,35.84,6.05,0.026,ROHU
7.02,24.42,39.96,6.59,0.01,ROHU
8.46,9.96,2.59,9.65,0.006,SALMON
7.65,13.24,8.14,8.17,0.006,TROUT
8.11,8.87,3.95,8.81,0.003,SALMON
6.52,8.69,0.17,8.9,0.003,SALMON
6.53,24.14,56.41,4.24,0.014,CATFISH
8.14,22.7,36.65,5.19,0.034,ROHU
8.64,31.84,12.69,4.62,0.025,TILAPIA
8.48,27.46,13.43,6.39,0.017,SHRIMP
8.2,30.24,11.13,7.33,0.011,SHRIMP
7.59,27.78,7.26,7.37,0.003,SHRIMP
7.92,22.98,39.75,6.49,0.029,CARP
8.12,22.81,18.99,6.48,0.026,ROHU
7.86,17.5,0.58,7.42,0.009,TROUT
7.76,27.89,11.3,7.26,0.012,SHRIMP
8.2,24.78,76.07,3.53,0.051,CATFISH
7.7,29.61,6.59,5.13,0.012,SHRIMP
8.08,27.08,65.56,5.34,0.02,CATFISH
7.94,15.1,5.99,7.09,0.002,TROUT
8.21,29.5,36.18,4.72,0.031,ROHU
7.7,22.77,38.36,6.93,0.048,CARP
6.33,25.56,81.33,4.11,0.021,CATFISH
7.98,26.26,17.84,4.06,0.033,TILAPIA
7.28,25.69,24.45,7.53,0.047,CARP
6.89,12.44,4.5,10.74,0.008,SALMON
7.68,24.99,33.82,4.51,0.013,ROHU
7.42,11.68,3.87,10.42,0.005,SALMON
7.96,30.4,9.79,7.41,0.011,SHRIMP
7.5,24.69,32.32,5.0,0.04,ROHU
7.02,26.96,82.66,4.03,0.095,CATFISH
7.57,24.89,71.37,3.54,0.084,CATFISH
8.42,24.05,37.83,4.51,0.002,CARP
7.68,11.51,2.7,8.58,0.0,SALMON
7.56,12.77,1.68,10.85,0.004,SALMON
7.53,29.18,38.72,6.6,0.027,ROHU
6.75,24.85,24.46,4.91,0.032,TILAPIA
8.21,26.67,15.77,5.55,0.009,SHRIMP
6.68,8.81,4.44,10.03,0.007,SALMON
7.31,23.2,84.55,5.37,0.079,CATFISH
8.23,27.1,27.58,6.27,0.017,TILAPIA
7.87,10.64,4.61,9.92,0.001,TROUT
7.33,11.11,8.88,8.66,0.004,TROUT
7.24,18.78,26.44,4.28,0.033,CARP
7.16,27.9,13.85,6.54,0.045,TILAPIA
7.25,22.45,37.04,5.26,0.009,ROHU
7.96,30.99,17.86,6.89,0.008,SHRIMP
7.09,9.92,0.63,8.05,0.002,SALMON
7.74,9.05,3.84,8.74,0.001,SALMON
8.33,30.0,20.34,6.68,0.05,TILAPIA
7.15,26.17,11.69,3.89,0.006,TILAPIA
7.07,26.24,33.12,6.27,0.008,ROHU
7.85,29.78,13.76,6.13,0.009,SHRIMP
7.4,13.88,7.66,7.75,0.002,TROUT
6.04,24.35,59.41,4.53,0.054,CATFISH
7.01,10.01,8.81,7.69,0.004,TROUT
7.43,10.16,0.72,8.9,0.003,SALMON
6.94,27.52,72.97,4.15,0.083,CATFISH
6.72,14.29,3.96,8.2,0.007,TROUT
7.01,28.75,13.7,6.73,0.037,TILAPIA
7.75,24.39,20.98,4.58,0.044,CARP
7.63,28.82,40.91,4.5,0.046,ROHU
7.43,20.76,41.85,7.42,0.007,ROHU
7.67,17.18,9.48,9.66,0.002,TROUT
8.36,25.29,20.56,6.63,0.034,ROHU
8.26,11.7,3.52,10.86,0.001,SALMON
7.83,13.21,1.44,8.98,0.005,SALMON
7.39,28.5,94.97,3.72,0.018,CATFISH
8.14,24.3,21.01,5.03,0.03,CARP
7.69,23.36,14.15,5.83,0.017,CARP
8.4,24.28,24.9,4.8,0.037,CARP
8.41,30.3,45.55,6.86,0.019,TILAPIA
7.98,24.25,67.91,5.24,0.055,CATFISH
6.96,25.29,74.71,5.1,0.065,CATFISH
8.23,26.82,18.15,5.68,0.008,SHRIMP
7.91,29.38,14.76,7.0,0.008,SHRIMP
7.38,17.48,3.57,8.71,0.006,TROUT
7.07,26.17,48.21,6.89,0.029,TILAPIA
7.53,19.18,26.85,7.35,0.02,CARP
7.52,18.97,14.44,7.97,0.037,CARP
8.21,22.84,79.26,3.88,0.034,CATFISH
6.81,25.53,32.7,6.75,0.023,TILAPIA
7.44,26.12,28.16,5.53,0.027,CARP
8.36,27.67,28.84,7.43,0.017,ROHU
7.56,27.13,13.07,5.99,0.017,SHRIMP
6.8,12.32,9.47,8.56,0.009,TROUT
6.97,27.09,46.68,6.48,0.033,TILAPIA
7.21,23.55,39.72,5.19,0.028,ROHU
6.73,24.97,43.41,6.54,0.045,TILAPIA
8.59,27.92,36.47,4.09,0.005,TILAPIA
8.23,30.34,5.76,6.06,0.001,SHRIMP
7.85,17.13,7.05,7.97,0.004,TROUT
8.2,21.17,33.59,7.32,0.023,ROHU
7.76,17.35,2.86,8.01,0.005,TROUT
6.71,27.66,23.27,6.19,0.017,TILAPIA
7.84,25.97,30.33,4.91,0.003,ROHU
7.13,20.65,40.3,5.73,0.003,ROHU
7.72,29.38,6.85,5.56,0.013,SHRIMP
7.77,21.64,12.06,4.09,0.023,CARP
8.17,28.45,6.39,5.86,0.019,SHRIMP
6.77,10.48,6.34,9.34,0.009,TROUT
7.77,22.96,10.98,6.98,0.005,CARP
7.16,27.94,19.25,4.14,0.02,CARP
8.17,20.9,24.14,7.82,0.02,CARP
6.91,14.99,8.05,9.74,0.009,TROUT
8.14,11.37,1.68,8.75,0.005,SALMON
6.96,10.89,4.92,9.48,0.003,TROUT
7.25,24.74,34.76,6.65,0.041,ROHU
7.77,8.78,0.88,8.95,0.002,SALMON
8.44,9.61,1.25,8.46,0.0,SALMON
6.84,27.62,55.34,4.13,0.072,CATFISH
8.56,27.16,28.34,6.47,0.04,TILAPIA
7.76,20.22,27.01,5.88,0.039,CARP
8.66,25.75,19.86,3.84,0.029,TILAPIA
6.39,28.54,77.14,5.32,0.056,CATFISH
8.26,11.99,3.52,10.78,0.002,SALMON
7.76,10.42,0.46,9.23,0.008,SALMON
7.29,27.53,28.82,6.86,0.005,CARP
7.67,28.39,19.35,6.58,0.016,SHRIMP
6.15,24.79,70.24,4.74,0.054,CATFISH
7.35,11.58,3.8,9.64,0.006,SALMON
8.26,31.78,34.24,3.62,0.017,TILAPIA
7.73,29.19,67.6,5.38,0.024,CATFISH
7.63,30.26,19.06,4.68,0.01,TILAPIA
7.77,18.1,24.28,7.16,0.043,CARP
6.67,25.21,43.6,6.86,0.032,TILAPIA
7.8,25.89,24.51,4.65,0.029,ROHU
6.77,28.42,47.75,5.24,0.017,CATFISH
7.1,26.19,30.28,4.79,0.035,ROHU
7.47,28.16,61.61,4.7,0.036,CATFISH
7.49,22.68,20.6,4.86,0.049,ROHU
6.56,27.33,89.68,4.25,0.056,CATFISH
6.99,11.56,2.83,8.99,0.003,TROUT
7.13,8.66,1.93,10.86,0.005,SALMON
7.49,21.69,36.65,7.0,0.019,CARP
6.71,14.03,3.49,9.82,0.008,SALMON
8.16,22.93,79.34,4.74,0.048,CATFISH
7.33,12.32,3.39,8.35,0.004,SALMON
6.89,11.8,3.92,9.6,0.001,TROUT
8.3,11.26,0.48,8.99,0.006,SALMON
7.06,16.81,4.55,8.71,0.006,TROUT
6.89,23.93,77.81,5.77,0.021,CATFISH
7.76,23.35,21.57,6.34,0.037,CARP
8.13,24.24,38.57,4.57,0.028,CATFISH
6.67,15.32,6.2,7.72,0.009,TROUT
7.7,8.36,2.22,9.79,0.001,SALMON
7.73,21.79,16.06,6.46,0.049,CARP
8.39,29.69,55.67,5.75,0.062,CATFISH
8.42,28.26,15.79,6.32,0.027,ROHU
8.23,25.15,10.94,5.83,0.004,CARP
6.68,29.72,33.27,5.88,0.05,CATFISH
6.2,28.97,68.2,3.65,0.0,CATFISH
8.28,22.85,30.93,5.83,0.007,CARP
7.15,31.59,29.72,6.43,0.029,TILAPIA
7.32,31.25,41.15,3.01,0.029,TILAPIA
6.61,8.8,1.39,9.84,0.009,SALMON
7.08,26.56,44.15,4.85,0.039,ROHU
8.48,31.54,40.14,4.57,0.025,TILAPIA
7.91,22.66,86.66,3.42,0.059,CATFISH
7.21,10.14,4.95,10.91,0.007,SALMON
7.48,20.57,30.86,5.1,0.047,ROHU
6.97,28.96,41.28,5.37,0.015,TILAPIA
6.9,11.01,1.4,9.49,0.004,SALMON
7.64,29.24,12.78,5.95,0.006,SHRIMP
7.93,30.82,5.37,7.37,0.014,SHRIMP
7.63,29.55,13.34,5.35,0.012,SHRIMP
7.3,10.71,3.92,7.65,0.002,TROUT
8.28,22.97,21.24,7.54,0.004,CARP
8.96,31.05,41.89,5.86,0.002,TILAPIA
6.9,24.42,41.36,4.37,0.059,CATFISH
8.41,22.0,30.43,7.04,0.027,CARP
7.51,14.15,6.14,8.82,0.001,TROUT
6.6,16.75,8.63,9.17,0.009,TROUT
8.26,27.6,33.35,3.75,0.005,TILAPIA
7.77,26.37,18.47,7.99,0.008,SHRIMP
7.51,26.43,42.87,6.6,0.02,TILAPIA
8.39,28.39,11.14,6.73,0.013,SHRIMP
8.7,29.04,47.13,6.75,0.008,TILAPIA
7.27,13.01,3.33,8.94,0.003,TROUT
7.57,28.53,58.26,2.75,0.051,CATFISH
8.47,28.72,59.88,4.7,0.028,CATFISH
7.79,22.25,39.1,6.39,0.037,CARP
8.48,24.39,17.23,4.67,0.03,CARP
7.63,29.78,10.25,6.34,0.012,SHRIMP
8.59,25.21,43.68,6.23,0.024,TILAPIA
8.01,20.82,35.24,6.08,0.002,ROHU
6.81,13.74,3.19,8.59,0.0,SALMON
7.72,12.4,1.91,8.81,0.006,SALMON
6.34,23.08,48.09,2.76,0.098,CATFISH
6.67,25.15,20.49,6.1,0.036,TILAPIA
7.75,9.79,2.25,9.26,0.005,SALMON
7.93,22.1,29.48,6.56,0.03,ROHU
6.91,10.51,1.87,9.59,0.008,SALMON
7.93,21.98,25.16,5.48,0.004,ROHU
7.59,9.09,2.78,9.35,0.003,SALMON
8.0,20.0,26.14,7.25,0.011,CARP
7.9,26.33,45.85,6.31,0.047,TILAPIA
7.98,11.35,7.2,7.02,0.001,TROUT
7.55,16.83,6.04,7.93,0.001,TROUT
7.13,25.54,87.67,4.93,0.092,CATFISH
7.79,24.81,27.83,6.37,0.001,ROHU
6.15,29.16,39.82,3.99,0.029,CATFISH
8.9,27.3,34.13,3.56,0.023,TILAPIA
8.66,25.87,25.33,6.83,0.039,TILAPIA
8.07,19.1,38.52,5.17,0.007,CARP
6.96,29.71,32.47,5.31,0.001,TILAPIA
6.75,12.13,0.54,9.52,0.001,TROUT
7.77,13.65,3.08,8.1,0.005,TROUT
7.66,21.38,34.17,5.98,0.04,ROHU
8.74,24.54,47.09,4.99,0.003,TILAPIA
7.11,25.82,24.12,6.15,0.016,TILAPIA
8.32,24.08,89.74,5.32,0.058,CATFISH
7.34,17.66,0.85,7.6,0.006,TROUT
7.73,30.15,26.45,5.76,0.039,TILAPIA
6.7,24.47,33.14,4.24,0.095,CATFISH
8.47,29.4,14.5,3.3,0.025,TILAPIA
8.1,24.63,14.31,4.83,0.019,CARP
7.51,13.54,4.85,9.77,0.002,TROUT
7.6,9.55,4.39,9.05,0.007,SALMON
7.7,26.98,18.94,7.73,0.008,SHRIMP
8.18,12.56,0.55,10.1,0.004,SALMON
8.36,25.4,46.81,3.85,0.006,CATFISH
7.8,21.8,33.71,5.07,0.04,ROHU
7.99,29.75,10.81,7.87,0.009,SHRIMP
7.92,22.98,35.14,4.87,0.085,CATFISH
7.5,23.8,51.68,5.43,0.068,CATFISH
7.81,27.63,9.19,6.29,0.001,SHRIMP
7.51,13.31,2.62,9.64,0.008,TROUT
7.25,22.69,52.64,2.74,0.007,CATFISH
8.21,29.9,8.25,5.61,0.004,SHRIMP
7.73,9.85,1.4,9.01,0.004,SALMON
8.18,12.69,4.34,8.48,0.008,SALMON
6.23,25.47,76.57,3.38,0.013,CATFISH
7.45,20.56,39.96,4.79,0.012,CARP
6.57,10.32,8.59,7.97,0.004,TROUT
8.49,28.82,41.8,6.42,0.046,TILAPIA
8.27,20.62,23.44,5.47,0.043,CARP
8.04,20.48,19.81,6.8,0.011,CARP
6.79,25.71,86.58,5.28,0.069,CATFISH
7.44,20.79,32.51,6.37,0.034,CARP
8.05,30.57,41.42,3.43,0.017,TILAPIA
7.79,29.47,10.17,6.92,0.006,SHRIMP
8.06,30.4,5.59,6.49,0.004,SHRIMP
7.35,22.16,35.08,6.76,0.018,CARP
8.01,23.68,34.73,6.68,0.029,CARP
8.35,26.83,10.55,7.41,0.016,SHRIMP
8.32,28.01,44.93,6.68,0.002,ROHU
8.26,26.49,18.05,5.03,0.007,CARP
8.42,23.37,57.25,4.25,0.055,CATFISH
7.86,12.48,8.81,8.13,0.004,TROUT
7.13,27.55,77.69,3.82,0.081,CATFISH
8.02,26.53,17.76,6.53,0.018,SHRIMP
6.43,25.31,99.44,2.57,0.004,CATFISH
8.05,10.85,0.23,8.05,0.008,SALMON
7.32,15.17,5.52,9.83,0.0,TROUT
6.76,26.66,90.05,5.92,0.069,CATFISH
7.08,19.91,18.29,5.83,0.001,CARP
8.11,21.15,10.51,7.23,0.008,CARP
8.13,28.85,46.59,6.31,0.029,TILAPIA
8.38,27.49,18.83,6.9,0.01,SHRIMP
6.97,28.6,47.22,3.56,0.043,TILAPIA
7.06,14.11,4.22,8.51,0.002,TROUT
8.03,25.87,13.66,5.14,0.023,TILAPIA
6.36,26.01,70.86,3.4,0.071,CATFISH
7.79,15.72,1.02,7.48,0.006,TROUT
6.71,28.31,31.53,5.98,0.089,CATFISH
7.71,28.11,12.43,5.83,0.001,SHRIMP
7.54,29.2,65.31,4.43,0.041,CATFISH
8.13,31.1,22.34,4.39,0.034,TILAPIA
6.04,26.63,86.94,5.47,0.096,CATFISH
7.58,9.77,3.92,9.92,0.01,SALMON
8.46,25.88,45.94,6.37,0.025,TILAPIA
7.72,14.13,2.95,10.15,0.006,SALMON
7.3,15.22,0.23,9.64,0.005,TROUT
7.86,25.71,36.87,4.76,0.047,ROHU
6.59,22.39,91.76,4.04,0.062,CATFISH
7.81,9.52,1.05,10.26,0.007,SALMON
8.22,26.9,35.98,5.93,0.023,CATFISH
7.41,26.29,39.7,4.65,0.037,CARP
6.84,10.59,3.47,9.93,0.007,SALMON
8.34,29.09,19.52,6.39,0.003,ROHU
7.12,19.91,24.69,4.05,0.005,CARP
7.34,26.45,44.06,6.7,0.006,ROHU
8.71,29.53,12.6,6.57,0.021,TILAPIA
8.17,23.47,30.18,6.73,0.005,ROHU
6.65,12.36,5.04,7.36,0.001,TROUT
8.3,24.49,39.21,7.42,0.049,ROHU
8.36,24.16,55.17,2.72,0.065,CATFISH
7.77,29.59,24.73,3.57,0.002,TILAPIA
8.0,24.45,42.58,4.66,0.038,ROHU
7.64,26.49,18.27,7.12,0.011,SHRIMP
7.55,15.78,2.61,9.7,0.001,TROUT
7.74,29.54,9.56,7.94,0.018,SHRIMP
6.97,14.32,2.13,8.71,0.009,SALMON
8.22,28.22,15.19,5.55,0.014,SHRIMP
8.33,29.13,9.96,6.41,0.009,SHRIMP
7.08,22.75,29.85,5.31,0.014,ROHU
6.17,24.36,58.6,4.61,0.099,CATFISH
8.43,29.51,73.97,3.58,0.097,CATFISH
6.97,26.69,19.62,6.84,0.042,TILAPIA
7.23,22.39,25.52,7.51,0.02,CARP
7.8,25.6,20.94,5.59,0.036,TILAPIA
7.24,24.64,37.25,4.57,0.047,TILAPIA
8.5,13.84,2.38,8.37,0.01,SALMON
6.71,12.78,2.37,9.44,0.007,SALMON
7.66,9.32,3.37,10.87,0.004,SALMON
7.96,29.82,23.75,3.89,0.04,TILAPIA
8.76,25.37,18.9,4.97,0.017,TILAPIA
7.53,29.82,11.17,7.51,0.016,SHRIMP
7.0,27.31,78.52,4.71,0.023,CATFISH
7.2,26.76,68.09,3.38,0.027,CATFISH
8.32,20.38,32.58,4.5,0.046,CARP
7.66,26.44,25.99,5.22,0.04,ROHU
7.45,26.28,26.25,4.57,0.008,CARP
7.4,22.48,94.34,5.68,0.026,CATFISH
7.69,13.44,6.91,8.72,0.009,TROUT
7.04,25.27,21.98,6.27,0.021,ROHU
7.55,30.04,18.65,6.35,0.004,SHRIMP
7.85,25.69,19.33,6.51,0.0,CARP
6.81,14.62,2.76,10.78,0.001,SALMON
7.68,26.92,17.45,7.86,0.018,SHRIMP
7.79,27.03,8.89,7.38,0.008,SHRIMP
7.5,13.53,1.3,10.65,0.003,SALMON
8.1,25.58,41.04,5.14,0.02,TILAPIA
7.99,26.21,74.93,5.73,0.03,CATFISH
7.22,20.92,16.4,6.29,0.021,CARP
7.77,11.42,3.75,10.99,0.001,SALMON
6.57,29.68,18.88,4.68,0.011,TILAPIA
7.46,22.98,36.99,6.51,0.003,ROHU
6.95,31.37,27.98,3.03,0.023,TILAPIA
7.06,14.62,6.28,8.55,0.004,TROUT
7.3,27.1,62.98,3.57,0.046,CATFISH
8.28,30.62,5.16,7.64,0.01,SHRIMP
6.6,12.03,0.7,8.81,0.004,TROUT
6.89,16.3,2.98,9.36,0.004,TROUT
7.58,28.29,17.07,6.06,0.002,SHRIMP
8.33,30.93,12.42,5.94,0.017,SHRIMP
7.82,29.06,15.58,7.7,0.002,SHRIMP
6.92,11.07,2.25,8.39,0.003,SALMON
8.25,22.59,91.51,4.35,0.067,CATFISH
7.41,29.62,36.87,6.95,0.002,TILAPIA
7.91,28.02,5.25,7.21,0.006,SHRIMP
6.54,12.24,1.24,8.29,0.009,TROUT
8.4,30.0,7.92,5.54,0.001,SHRIMP
7.79,31.09,41.32,3.58,0.007,TILAPIA
7.76,26.54,37.89,6.53,0.014,CARP
6.82,11.84,4.83,9.91,0.006,SALMON
7.17,12.05,0.88,8.1,0.003,SALMON
7.49,22.4,38.04,6.34,0.004,CARP
7.23,31.77,21.13,3.43,0.001,TILAPIA
7.9,27.56,76.24,5.54,0.033,CATFISH
7.52,13.05,2.96,8.78,0.005,SALMON
6.69,10.8,0.85,8.39,0.004,SALMON
6.94,28.75,24.18,3.15,0.034,TILAPIA
6.25,28.36,81.55,2.95,0.095,CATFISH
8.33,22.11,42.52,5.35,0.011,ROHU
6.84,14.58,4.73,9.01,0.007,TROUT
7.65,29.74,5.99,6.98,0.013,SHRIMP
8.02,20.24,15.37,5.03,0.036,ROHU
8.12,26.85,12.09,7.68,0.038,CARP
6.53,26.7,96.71,2.61,0.051,CATFISH
7.72,25.74,60.58,5.31,0.045,CATFISH
7.89,26.18,17.73,5.66,0.006,SHRIMP
8.08,29.72,9.64,5.55,0.014,SHRIMP
6.49,27.7,75.92,3.82,0.058,CATFISH
7.61,23.01,20.61,7.43,0.029,ROHU
6.76,10.72,8.09,8.44,0.002,TROUT
8.53,29.21,14.8,4.21,0.044,TILAPIA
6.85,10.34,4.89,9.72,0.005,SALMON
8.11,23.67,21.58,7.23,0.018,ROHU
8.49,29.42,18.96,7.5,0.009,SHRIMP
8.04,12.47,1.45,8.92,0.009,SALMON
6.7,28.35,25.7,3.35,0.036,TILAPIA
7.75,20.78,16.65,5.8,0.043,CARP
8.48,30.94,12.61,7.96,0.012,SHRIMP
8.13,27.28,16.01,5.83,0.03,ROHU
8.04,26.77,27.96,5.66,0.032,CARP
7.9,14.71,4.36,10.82,0.0,SALMON
8.23,29.3,39.86,4.09,0.094,CATFISH
6.58,12.27,8.56,9.37,0.01,TROUT
7.7,26.76,41.1,6.63,0.008,ROHU
8.03,13.63,3.76,9.47,0.004,SALMON
7.97,30.96,8.84,7.94,0.007,SHRIMP
7.35,11.6,5.7,7.61,0.007,TROUT
8.16,19.25,33.97,5.21,0.037,CARP
8.34,28.48,13.05,5.32,0.008,SHRIMP
7.48,25.94,42.55,6.87,0.01,TILAPIA
7.02,12.74,2.76,10.46,0.003,SALMON
6.59,13.56,2.76,9.78,0.003,TROUT
7.36,23.5,15.08,5.15,0.026,CARP
6.88,24.34,38.32,5.46,0.016,TILAPIA
7.51,30.61,12.95,6.68,0.019,SHRIMP
8.72,27.58,43.02,5.41,0.018,TILAPIA
7.03,12.28,1.76,8.06,0.006,TROUT
7.53,17.04,6.52,7.51,0.0,TROUT
7.5,10.15,1.9,9.18,0.005,SALMON
7.83,28.48,67.49,5.28,0.094,CATFISH
6.69,14.99,1.13,9.77,0.01,TROUT
7.46,27.78,36.47,7.39,0.018,ROHU
8.43,9.38,4.01,9.1,0.008,SALMON
7.97,22.5,16.72,5.82,0.016,CARP
7.63,24.93,31.82,7.47,0.04,ROHU
6.68,9.27,0.77,8.63,0.0,SALMON
7.3,24.5,49.1,6.18,0.007,TILAPIA
6.18,24.75,87.3,4.62,0.068,CATFISH
6.99,12.9,0.59,9.29,0.008,SALMON
8.25,30.28,14.76,6.07,0.015,SHRIMP
8.13,29.13,40.07,3.99,0.001,TILAPIA
7.93,26.71,36.72,4.37,0.029,CATFISH
8.29,24.17,66.42,3.58,0.098,CATFISH
8.18,28.83,10.69,6.49,0.019,SHRIMP
8.06,30.43,10.4,7.14,0.005,SHRIMP
6.59,24.66,36.7,4.02,0.095,CATFISH
7.94,17.18,1.07,8.42,0.003,TROUT
8.16,21.22,21.8,5.86,0.038,ROHU
7.9,16.5,9.56,9.64,0.007,TROUT
7.73,20.37,15.4,6.17,0.045,ROHU
6.71,8.49,1.05,10.5,0.007,SALMON
7.1,18.46,14.36,7.18,0.028,CARP
7.68,11.09,7.27,8.54,0.01,TROUT
7.88,24.04,15.37,7.57,0.028,CARP
7.69,27.74,8.38,6.76,0.011,SHRIMP
7.1,23.43,46.7,3.68,0.09,CATFISH
6.81,11.75,6.52,9.49,0.007,TROUT
8.13,28.38,24.27,5.76,0.034,TILAPIA
6.72,9.21,1.21,10.72,0.004,SALMON
6.84,12.54,7.4,7.82,0.006,TROUT
6.88,17.87,8.48,9.99,0.009,TROUT
7.1,23.89,33.06,7.02,0.026,CARP
6.91,14.26,0.52,9.09,0.005,SALMON
6.06,29.69,55.6,3.53,0.015,CATFISH
8.06,25.11,19.27,6.7,0.015,SHRIMP
7.99,26.58,82.68,4.64,0.012,CATFISH
7.1,23.91,23.44,6.05,0.024,ROHU
7.75,26.33,15.85,7.93,0.019,SHRIMP
7.22,9.16,3.75,9.89,0.007,SALMON
8.41,8.6,4.31,8.15,0.003,SALMON
7.99,14.23,1.8,10.54,0.003,SALMON
8.34,30.18,11.99,7.59,0.013,SHRIMP
7.97,29.65,23.86,5.77,0.032,TILAPIA
7.73,20.34,26.99,6.26,0.006,CARP
7.07,24.07,30.46,6.14,0.026,TILAPIA
7.8,29.86,12.21,6.53,0.008,SHRIMP
8.13,22.97,67.85,5.99,0.032,CATFISH
8.19,27.37,12.87,5.44,0.002,SHRIMP
7.42,17.05,4.43,9.56,0.003,TROUT
7.95,25.54,49.43,5.33,0.081,CATFISH
7.85,27.74,27.88,3.57,0.041,TILAPIA
7.98,28.6,38.86,6.55,0.046,ROHU
8.35,29.66,35.68,3.85,0.015,TILAPIA
7.81,13.59,8.85,8.65,0.003,TROUT
7.51,28.33,35.14,3.23,0.051,CATFISH
7.06,28.06,82.58,5.61,0.015,CATFISH
7.69,25.31,35.95,7.31,0.008,ROHU
7.73,28.86,30.85,3.51,0.071,CATFISH
7.78,25.25,78.9,5.83,0.003,CATFISH
7.99,13.46,4.76,9.35,0.009,TROUT
7.52,27.75,8.38,5.29,0.007,SHRIMP
6.65,23.22,57.8,5.67,0.039,CATFISH
8.25,27.22,33.17,5.08,0.047,TILAPIA
7.37,24.73,17.0,7.09,0.044,ROHU
6.79,28.25,82.4,2.99,0.014,CATFISH
6.68,10.99,0.67,8.1,0.004,SALMON
7.68,12.15,3.3,9.81,0.006,SALMON
6.52,16.91,8.4,9.64,0.009,TROUT
8.47,22.36,16.37,4.09,0.043,CARP
7.04,25.86,36.13,6.07,0.024,CARP
8.25,27.32,15.53,5.39,0.046,CARP
8.21,19.74,35.88,7.91,0.016,CARP
8.43,12.98,3.32,8.04,0.008,SALMON
8.69,31.46,24.76,6.62,0.033,TILAPIA
7.4,23.49,78.1,3.4,0.076,CATFISH
7.18,15.66,1.98,7.61,0.003,TROUT
8.39,29.13,19.53,6.79,0.005,SHRIMP
8.17,27.51,18.99,7.74,0.01,SHRIMP
7.07,23.61,17.03,5.15,0.004,CARP
7.9,11.01,5.16,7.08,0.003,TROUT
6.33,29.95,69.43,3.98,0.02,CATFISH
7.69,14.16,9.84,9.86,0.002,TROUT
7.86,30.67,49.39,4.57,0.032,TILAPIA
7.08,28.21,43.37,6.82,0.038,ROHU
7.7,23.4,12.45,4.08,0.022,CARP
6.73,26.72,67.77,4.97,0.058,CATFISH
8.36,29.33,22.33,7.43,0.049,ROHU
7.9,17.87,0.79,7.48,0.01,TROUT
7.44,20.55,26.88,4.61,0.009,ROHU
8.23,25.25,11.76,6.04,0.011,SHRIMP
8.15,28.6,18.77,7.34,0.015,SHRIMP
8.02,29.96,17.34,6.76,0.008,SHRIMP
7.35,26.58,17.07,7.25,0.029,ROHU
7.44,24.34,17.66,4.89,0.041,ROHU
7.29,21.48,29.68,6.9,0.006,CARP
7.68,30.81,15.83,6.28,0.012,SHRIMP
7.3,24.31,88.8,4.95,0.097,CATFISH
7.29,19.09,20.4,4.52,0.011,CARP
8.38,23.58,59.5,5.6,0.031,CATFISH
8.49,27.71,19.21,5.82,0.01,SHRIMP
6.58,29.94,37.08,4.97,0.002,TILAPIA
7.08,19.6,32.39,6.38,0.037,CARP
6.06,27.15,47.61,4.5,0.074,CATFISH
8.1,28.28,18.85,5.41,0.015,TILAPIA
7.38,10.86,6.54,8.86,0.003,TROUT
8.35,11.62,3.39,10.69,0.007,SALMON
6.89,11.42,8.91,8.29,0.005,TROUT
7.19,23.98,18.5,7.72,0.024,CARP
8.03,8.64,3.39,8.45,0.0,SALMON
8.32,20.48,39.04,5.78,0.045,ROHU
7.59,27.8,6.56,7.98,0.005,SHRIMP
7.71,28.79,19.66,7.07,0.013,SHRIMP
8.49,25.99,7.97,6.14,0.015,SHRIMP
7.79,26.88,10.68,5.58,0.031,CARP
7.98,29.28,15.99,6.65,0.016,SHRIMP
7.51,26.57,17.45,7.27,0.023,CARP
8.06,23.94,37.73,7.6,0.04,CARP
7.99,25.19,11.83,7.71,0.01,SHRIMP
7.82,27.58,10.87,5.51,0.035,CARP
7.95,13.9,4.06,9.78,0.005,TROUT
7.64,10.82,2.35,7.58,0.003,TROUT
8.01,28.04,13.05,5.47,0.016,TILAPIA
8.12,26.4,17.91,5.69,0.01,ROHU
7.81,18.5,15.74,7.25,0.04,CARP
6.5,10.28,1.45,9.34,0.002,TROUT
8.32,25.82,86.49,4.74,0.043,CATFISH
7.9,10.61,5.29,7.16,0.006,TROUT
7.7,26.21,13.35,6.6,0.017,SHRIMP
6.87,11.7,1.16,10.5,0.007,SALMON
7.23,23.96,22.87,4.71,0.037,CARP
7.64,25.3,12.4,5.47,0.002,SHRIMP
6.39,28.29,36.81,5.86,0.045,CATFISH
8.39,21.32,33.05,6.78,0.047,ROHU
8.2,28.52,31.09,6.8,0.007,ROHU
8.06,25.16,49.67,5.48,0.095,CATFISH
8.15,12.0,1.99,9.4,0.008,SALMON
8.43,27.25,18.27,5.8,0.015,SHRIMP
7.36,14.57,5.28,8.36,0.009,TROUT
7.93,26.27,9.98,5.75,0.013,SHRIMP
7.15,15.0,0.18,9.17,0.002,SALMON
7.51,13.33,9.73,7.18,0.002,TROUT
8.29,23.85,31.14,6.0,0.028,CATFISH
7.75,29.01,13.82,5.62,0.004,SHRIMP
8.28,28.38,27.36,4.57,0.011,TILAPIA
7.42,14.55,1.27,8.75,0.005,SALMON
6.77,31.5,43.33,6.81,0.018,TILAPIA
8.76,28.42,16.09,5.64,0.037,TILAPIA
8.45,8.79,4.51,10.31,0.005,SALMON
7.89,23.33,67.27,4.15,0.049,CATFISH
7.72,20.15,36.91,6.29,0.018,CARP
8.12,29.88,11.22,7.62,0.001,SHRIMP
6.8,26.84,85.22,5.66,0.076,CATFISH
8.13,31.34,18.24,6.68,0.01,TILAPIA
7.58,28.26,10.48,5.5,0.016,SHRIMP
7.25,29.95,89.83,3.02,0.096,CATFISH
7.35,24.4,48.13,4.31,0.046,TILAPIA
7.47,8.68,2.22,9.02,0.007,SALMON
7.8,29.1,18.81,4.23,0.036,TILAPIA
7.11,12.34,4.98,10.78,0.008,SALMON
7.14,26.24,34.39,6.12,0.017,ROHU
7.9,26.75,19.23,5.79,0.048,ROHU
6.62,27.93,35.82,6.27,0.016,TILAPIA
7.82,25.54,47.51,6.63,0.013,TILAPIA
7.24,9.53,0.74,10.71,0.001,SALMON
7.5,28.26,33.61,7.0,0.017,ROHU
6.9,12.54,2.15,7.74,0.004,TROUT
7.41,28.07,24.65,6.31,0.023,ROHU
7.69,12.63,2.17,9.73,0.007,TROUT
8.19,18.44,36.17,4.19,0.042,CARP
7.51,9.01,1.28,10.07,0.005,SALMON
6.81,14.07,3.69,10.47,0.0,SALMON
8.16,10.22,2.82,9.68,0.001,SALMON
6.89,26.03,40.48,6.63,0.018,TILAPIA
8.18,31.99,16.71,5.73,0.041,TILAPIA
7.99,27.39,5.6,6.64,0.003,SHRIMP
6.61,24.96,42.68,6.59,0.017,TILAPIA
7.13,12.92,4.12,9.58,0.009,SALMON
7.95,14.78,6.13,9.95,0.008,TROUT
7.0,8.64,4.22,8.73,0.005,SALMON
7.52,30.92,8.86,7.33,0.002,SHRIMP
6.51,16.87,0.66,7.74,0.007,TROUT
7.62,29.31,6.98,6.02,0.016,SHRIMP
7.48,20.41,31.48,4.53,0.04,ROHU
8.11,25.99,21.07,6.0,0.004,ROHU
7.48,20.46,23.41,7.05,0.012,CARP
7.83,29.34,13.67,6.63,0.013,SHRIMP
7.76,21.03,16.34,4.65,0.018,ROHU
8.18,12.16,2.4,10.54,0.001,SALMON
7.25,11.71,2.98,8.81,0.006,TROUT
7.74,21.13,26.11,6.57,0.024,CARP
7.51,22.92,21.48,7.39,0.03,ROHU
8.23,27.39,25.74,6.27,0.003,CARP
8.43,26.66,15.13,7.3,0.017,CARP
7.96,28.8,32.99,5.58,0.077,CATFISH
7.44,30.05,39.96,6.1,0.003,TILAPIA
6.14,27.81,35.96,2.91,0.02,CATFISH
7.7,17.39,2.5,9.47,0.002,TROUT
7.58,23.27,62.17,3.69,0.044,CATFISH
6.65,11.55,2.93,8.65,0.007,SALMON
8.44,23.37,19.42,5.23,0.042,CARP
6.87,31.09,24.91,4.37,0.025,TILAPIA
7.01,16.5,4.18,10.0,0.003,TROUT
8.41,14.09,0.81,10.25,0.002,SALMON
6.1,22.67,89.82,3.43,0.063,CATFISH
7.31,22.28,24.96,7.32,0.039,CARP
8.14,22.14,34.35,5.44,0.018,ROHU
7.78,14.56,9.86,7.43,0.004,TROUT
8.51,25.13,47.56,6.23,0.039,TILAPIA
8.68,31.24,25.07,4.99,0.008,TILAPIA
7.61,27.26,17.13,7.25,0.004,SHRIMP
7.58,30.56,6.59,7.15,0.013,SHRIMP
8.31,29.4,12.87,7.32,0.008,SHRIMP
8.18,13.06,3.28,10.91,0.006,SALMON
6.7,24.61,33.55,5.76,0.012,CATFISH
7.93,16.11,2.3,8.09,0.004,TROUT
7.62,29.66,25.1,5.73,0.015,ROHU
7.52,18.13,22.53,5.44,0.026,CARP
7.57,27.23,8.18,5.85,0.009,SHRIMP
7.47,24.3,13.31,6.49,0.04,TILAPIA
6.5,23.56,77.89,3.54,0.004,CATFISH
7.04,13.6,7.54,9.44,0.007,TROUT
7.11,11.71,5.54,7.68,0.009,TROUT
7.2,29.99,39.16,3.5,0.034,TILAPIA
7.1,21.1,30.17,6.06,0.012,CARP
6.87,14.46,2.06,8.24,0.002,TROUT
7.93,26.01,11.35,5.07,0.03,TILAPIA
8.0,10.46,8.1,7.49,0.007,TROUT
6.69,28.85,63.97,4.42,0.023,CATFISH
6.75,10.67,1.14,9.11,0.01,TROUT
8.59,24.46,19.95,3.2,0.02,TILAPIA
7.32,25.26,21.26,4.69,0.004,ROHU
7.44,9.97,2.49,9.01,0.003,SALMON
6.87,26.23,95.5,2.65,0.027,CATFISH
7.6,30.16,26.57,7.0,0.038,TILAPIA
6.78,14.78,1.6,8.8,0.007,SALMON
8.77,29.21,49.53,6.98,0.04,TILAPIA
8.09,24.13,36.14,4.82,0.009,TILAPIA
7.92,10.99,3.07,10.81,0.006,SALMON
6.84,27.84,57.41,4.0,0.087,CATFISH
8.11,20.93,10.44,5.4,0.043,CARP
8.35,25.77,7.89,5.49,0.016,SHRIMP
7.34,30.25,27.42,5.46,0.043,TILAPIA
6.43,26.13,73.78,4.06,0.083,CATFISH
7.77,26.14,10.35,6.3,0.003,SHRIMP
7.74,27.9,14.83,7.78,0.012,SHRIMP
7.79,17.21,6.39,9.77,0.003,TROUT
7.76,17.83,3.11,8.15,0.005,TROUT
8.32,30.21,19.48,5.9,0.011,SHRIMP
7.04,14.94,6.87,7.27,0.003,TROUT
7.84,29.15,17.17,6.68,0.009,SHRIMP
7.97,24.16,26.98,6.45,0.003,ROHU
6.93,12.97,1.83,9.8,0.009,TROUT
6.55,17.24,9.63,7.21,0.006,TROUT
7.89,11.61,1.71,10.22,0.01,SALMON
6.28,27.82,31.58,2.62,0.087,CATFISH
6.91,28.81,24.79,4.08,0.041,TILAPIA
7.79,30.66,7.48,5.43,0.002,SHRIMP
7.28,20.76,20.78,5.0,0.024,CARP
7.74,22.32,36.24,5.37,0.045,CARP
6.78,10.24,2.19,7.89,0.005,TROUT
7.95,25.74,37.11,4.86,0.037,TILAPIA
7.5,29.38,29.05,7.31,0.012,ROHU
8.83,24.68,14.84,3.39,0.013,TILAPIA
7.84,28.68,15.59,6.62,0.017,SHRIMP
7.4,14.2,0.39,7.04,0.006,TROUT
8.8,27.09,29.76,4.34,0.006,TILAPIA
7.12,27.2,86.16,5.9,0.066,CATFISH
7.72,11.96,0.32,8.47,0.004,SALMON
8.44,27.37,13.69,6.45,0.037,TILAPIA
7.78,23.71,37.98,7.63,0.04,CARP
8.43,26.36,10.98,5.49,0.003,SHRIMP
7.16,21.58,34.93,5.62,0.018,ROHU
7.74,22.11,25.9,5.37,0.036,ROHU
8.45,14.39,1.24,8.2,0.006,SALMON
7.38,31.55,46.5,3.66,0.013,TILAPIA
8.03,24.07,37.92,4.5,0.035,CARP
8.42,29.45,13.15,5.09,0.001,SHRIMP
8.01,26.5,13.33,6.12,0.019,TILAPIA
7.83,11.8,9.57,7.69,0.005,TROUT
8.41,24.63,16.63,3.18,0.006,TILAPIA
7.8,24.52,25.64,5.52,0.004,TILAPIA
8.44,14.67,3.46,8.47,0.002,SALMON
7.69,27.8,17.72,6.03,0.007,SHRIMP
6.15,28.62,32.83,3.87,0.042,CATFISH
7.19,26.19,99.67,3.38,0.025,CATFISH
7.67,10.06,1.06,8.41,0.01,TROUT
8.03,26.89,91.71,3.19,0.019,CATFISH
7.61,22.51,22.95,7.89,0.019,CARP
7.83,25.14,35.22,6.23,0.005,CARP
7.51,28.8,15.86,6.06,0.017,SHRIMP
7.35,11.43,7.05,9.12,0.009,TROUT
7.63,27.43,13.25,7.84,0.003,SHRIMP
6.61,31.05,12.04,5.2,0.046,TILAPIA
7.3,27.14,34.08,7.17,0.03,ROHU
7.61,21.86,10.65,7.46,0.05,CARP
7.85,23.15,25.36,4.31,0.01,CARP
7.11,25.38,14.17,5.37,0.042,CARP
7.99,25.3,12.09,7.5,0.0,SHRIMP
8.08,12.71,3.82,10.62,0.003,SALMON
6.74,24.11,41.71,3.57,0.095,CATFISH
6.72,27.88,41.91,3.2,0.036,TILAPIA
7.32,26.77,45.07,4.26,0.001,CATFISH
6.96,11.99,8.29,8.36,0.003,TROUT
7.01,25.52,39.2,7.07,0.028,ROHU
6.92,8.79,1.89,8.62,0.007,SALMON
7.9,29.07,18.92,6.5,0.004,SHRIMP
7.71,27.04,10.7,7.06,0.013,SHRIMP
7.68,24.48,37.59,6.22,0.044,TILAPIA
7.35,18.15,25.01,7.7,0.012,CARP
7.2,12.07,2.2,10.66,0.003,SALMON
7.32,16.11,3.17,9.63,0.005,TROUT
7.47,29.32,45.02,3.9,0.023,TILAPIA
7.33,17.91,4.22,8.66,0.002,TROUT
7.62,25.71,12.97,5.13,0.01,SHRIMP
7.1,25.37,95.46,5.11,0.071,CATFISH
7.02,25.03,14.26,7.58,0.043,CARP
8.44,29.64,12.93,7.58,0.017,SHRIMP
8.27,19.6,33.13,4.68,0.015,CARP
8.29,10.57,3.42,9.13,0.005,SALMON
8.11,25.86,22.92,7.44,0.018,CARP
7.67,10.02,5.72,8.94,0.01,TROUT
7.83,26.26,52.85,5.83,0.006,CATFISH
7.47,14.66,0.31,9.44,0.003,SALMON
8.43,18.43,21.6,5.34,0.041,CARP
7.72,11.11,4.88,10.5,0.007,SALMON
6.9,23.91,42.06,4.09,0.087,CATFISH
7.63,21.12,40.37,5.34,0.019,ROHU
7.63,27.01,47.58,3.12,0.005,TILAPIA
8.03,29.08,36.29,5.09,0.01,CATFISH
7.67,20.87,35.9,6.35,0.007,CARP
8.34,20.04,36.92,6.81,0.042,CARP
7.77,15.44,9.19,8.96,0.006,TROUT
6.99,13.29,3.97,8.83,0.003,SALMON
7.67,30.01,10.69,7.93,0.019,SHRIMP
7.0,9.18,4.87,9.98,0.002,SALMON
8.09,25.81,30.62,4.95,0.038,ROHU
7.6,22.49,11.08,6.37,0.048,CARP
7.07,19.55,39.98,5.66,0.045,CARP
8.69,24.52,49.32,3.34,0.018,TILAPIA
7.44,11.77,1.01,10.68,0.003,SALMON
8.16,29.64,33.63,5.99,0.002,CATFISH
